comparison,false_positive_rate,true_positive_rate,auc
same_recording_split_halves,0,0,0.88157418
same_recording_split_halves,0.0001552554,0,0.88157418
same_recording_split_halves,0.0001552554,0.0087719298,0.88157418
same_recording_split_halves,0.0001552554,0.01754386,0.88157418
same_recording_split_halves,0.0001552554,0.026315789,0.88157418
same_recording_split_halves,0.0001552554,0.035087719,0.88157418
same_recording_split_halves,0.00031051079,0.035087719,0.88157418
same_recording_split_halves,0.00046576619,0.035087719,0.88157418
same_recording_split_halves,0.00062102158,0.035087719,0.88157418
same_recording_split_halves,0.00062102158,0.043859649,0.88157418
same_recording_split_halves,0.00077627698,0.043859649,0.88157418
same_recording_split_halves,0.00077627698,0.052631579,0.88157418
same_recording_split_halves,0.00093153237,0.052631579,0.88157418
same_recording_split_halves,0.0010867878,0.052631579,0.88157418
same_recording_split_halves,0.0010867878,0.061403509,0.88157418
same_recording_split_halves,0.0012420432,0.061403509,0.88157418
same_recording_split_halves,0.0012420432,0.070175439,0.88157418
same_recording_split_halves,0.0012420432,0.078947368,0.88157418
same_recording_split_halves,0.0012420432,0.087719298,0.88157418
same_recording_split_halves,0.0013972986,0.087719298,0.88157418
same_recording_split_halves,0.0013972986,0.096491228,0.88157418
same_recording_split_halves,0.001552554,0.096491228,0.88157418
same_recording_split_halves,0.0017078093,0.096491228,0.88157418
same_recording_split_halves,0.0018630647,0.096491228,0.88157418
same_recording_split_halves,0.0020183201,0.096491228,0.88157418
same_recording_split_halves,0.0021735755,0.096491228,0.88157418
same_recording_split_halves,0.0023288309,0.096491228,0.88157418
same_recording_split_halves,0.0023288309,0.10526316,0.88157418
same_recording_split_halves,0.0024840863,0.10526316,0.88157418
same_recording_split_halves,0.0026393417,0.10526316,0.88157418
same_recording_split_halves,0.0027945971,0.10526316,0.88157418
same_recording_split_halves,0.0029498525,0.10526316,0.88157418
same_recording_split_halves,0.0031051079,0.10526316,0.88157418
same_recording_split_halves,0.0031051079,0.11403509,0.88157418
same_recording_split_halves,0.0032603633,0.11403509,0.88157418
same_recording_split_halves,0.0032603633,0.12280702,0.88157418
same_recording_split_halves,0.0034156187,0.12280702,0.88157418
same_recording_split_halves,0.0035708741,0.12280702,0.88157418
same_recording_split_halves,0.0037261295,0.12280702,0.88157418
same_recording_split_halves,0.0038813849,0.12280702,0.88157418
same_recording_split_halves,0.0038813849,0.13157895,0.88157418
same_recording_split_halves,0.0040366403,0.13157895,0.88157418
same_recording_split_halves,0.0041918957,0.13157895,0.88157418
same_recording_split_halves,0.0043471511,0.13157895,0.88157418
same_recording_split_halves,0.0045024065,0.13157895,0.88157418
same_recording_split_halves,0.0046576619,0.13157895,0.88157418
same_recording_split_halves,0.0048129172,0.13157895,0.88157418
same_recording_split_halves,0.0049681726,0.13157895,0.88157418
same_recording_split_halves,0.005123428,0.13157895,0.88157418
same_recording_split_halves,0.0052786834,0.13157895,0.88157418
same_recording_split_halves,0.0054339388,0.13157895,0.88157418
same_recording_split_halves,0.0055891942,0.13157895,0.88157418
same_recording_split_halves,0.0057444496,0.13157895,0.88157418
same_recording_split_halves,0.005899705,0.13157895,0.88157418
same_recording_split_halves,0.0060549604,0.13157895,0.88157418
same_recording_split_halves,0.0060549604,0.14035088,0.88157418
same_recording_split_halves,0.0062102158,0.14035088,0.88157418
same_recording_split_halves,0.0063654712,0.14035088,0.88157418
same_recording_split_halves,0.0065207266,0.14035088,0.88157418
same_recording_split_halves,0.006675982,0.14035088,0.88157418
same_recording_split_halves,0.0068312374,0.14035088,0.88157418
same_recording_split_halves,0.0068312374,0.14912281,0.88157418
same_recording_split_halves,0.0068312374,0.15789474,0.88157418
same_recording_split_halves,0.0069864928,0.15789474,0.88157418
same_recording_split_halves,0.0071417482,0.15789474,0.88157418
same_recording_split_halves,0.0072970036,0.15789474,0.88157418
same_recording_split_halves,0.007452259,0.15789474,0.88157418
same_recording_split_halves,0.0076075144,0.15789474,0.88157418
same_recording_split_halves,0.0077627698,0.15789474,0.88157418
same_recording_split_halves,0.0079180252,0.15789474,0.88157418
same_recording_split_halves,0.0080732805,0.15789474,0.88157418
same_recording_split_halves,0.0082285359,0.15789474,0.88157418
same_recording_split_halves,0.0083837913,0.15789474,0.88157418
same_recording_split_halves,0.0085390467,0.15789474,0.88157418
same_recording_split_halves,0.0085390467,0.16666667,0.88157418
same_recording_split_halves,0.0086943021,0.16666667,0.88157418
same_recording_split_halves,0.0088495575,0.16666667,0.88157418
same_recording_split_halves,0.0090048129,0.16666667,0.88157418
same_recording_split_halves,0.0091600683,0.16666667,0.88157418
same_recording_split_halves,0.0093153237,0.16666667,0.88157418
same_recording_split_halves,0.0093153237,0.1754386,0.88157418
same_recording_split_halves,0.0094705791,0.1754386,0.88157418
same_recording_split_halves,0.0094705791,0.18421053,0.88157418
same_recording_split_halves,0.0096258345,0.18421053,0.88157418
same_recording_split_halves,0.0097810899,0.18421053,0.88157418
same_recording_split_halves,0.0099363453,0.18421053,0.88157418
same_recording_split_halves,0.010091601,0.18421053,0.88157418
same_recording_split_halves,0.010246856,0.18421053,0.88157418
same_recording_split_halves,0.010402111,0.18421053,0.88157418
same_recording_split_halves,0.010557367,0.18421053,0.88157418
same_recording_split_halves,0.010712622,0.18421053,0.88157418
same_recording_split_halves,0.010712622,0.19298246,0.88157418
same_recording_split_halves,0.010867878,0.19298246,0.88157418
same_recording_split_halves,0.011023133,0.19298246,0.88157418
same_recording_split_halves,0.011178388,0.19298246,0.88157418
same_recording_split_halves,0.011333644,0.19298246,0.88157418
same_recording_split_halves,0.011488899,0.19298246,0.88157418
same_recording_split_halves,0.011644155,0.19298246,0.88157418
same_recording_split_halves,0.01179941,0.19298246,0.88157418
same_recording_split_halves,0.011954665,0.19298246,0.88157418
same_recording_split_halves,0.012109921,0.19298246,0.88157418
same_recording_split_halves,0.012265176,0.19298246,0.88157418
same_recording_split_halves,0.012420432,0.19298246,0.88157418
same_recording_split_halves,0.012575687,0.19298246,0.88157418
same_recording_split_halves,0.012730942,0.19298246,0.88157418
same_recording_split_halves,0.012886198,0.19298246,0.88157418
same_recording_split_halves,0.013041453,0.19298246,0.88157418
same_recording_split_halves,0.013196709,0.19298246,0.88157418
same_recording_split_halves,0.013351964,0.19298246,0.88157418
same_recording_split_halves,0.013507219,0.19298246,0.88157418
same_recording_split_halves,0.013662475,0.19298246,0.88157418
same_recording_split_halves,0.01381773,0.19298246,0.88157418
same_recording_split_halves,0.013972986,0.19298246,0.88157418
same_recording_split_halves,0.014128241,0.19298246,0.88157418
same_recording_split_halves,0.014283496,0.19298246,0.88157418
same_recording_split_halves,0.014438752,0.19298246,0.88157418
same_recording_split_halves,0.014594007,0.19298246,0.88157418
same_recording_split_halves,0.014749263,0.19298246,0.88157418
same_recording_split_halves,0.014904518,0.19298246,0.88157418
same_recording_split_halves,0.015059773,0.19298246,0.88157418
same_recording_split_halves,0.015059773,0.20175439,0.88157418
same_recording_split_halves,0.015215029,0.20175439,0.88157418
same_recording_split_halves,0.015370284,0.20175439,0.88157418
same_recording_split_halves,0.015370284,0.21052632,0.88157418
same_recording_split_halves,0.01552554,0.21052632,0.88157418
same_recording_split_halves,0.015680795,0.21052632,0.88157418
same_recording_split_halves,0.01583605,0.21052632,0.88157418
same_recording_split_halves,0.015991306,0.21052632,0.88157418
same_recording_split_halves,0.016146561,0.21052632,0.88157418
same_recording_split_halves,0.016301816,0.21052632,0.88157418
same_recording_split_halves,0.016457072,0.21052632,0.88157418
same_recording_split_halves,0.016612327,0.21052632,0.88157418
same_recording_split_halves,0.016767583,0.21052632,0.88157418
same_recording_split_halves,0.016922838,0.21052632,0.88157418
same_recording_split_halves,0.017078093,0.21052632,0.88157418
same_recording_split_halves,0.017078093,0.21929825,0.88157418
same_recording_split_halves,0.017233349,0.21929825,0.88157418
same_recording_split_halves,0.017233349,0.22807018,0.88157418
same_recording_split_halves,0.017388604,0.22807018,0.88157418
same_recording_split_halves,0.01754386,0.22807018,0.88157418
same_recording_split_halves,0.017699115,0.22807018,0.88157418
same_recording_split_halves,0.01785437,0.22807018,0.88157418
same_recording_split_halves,0.018009626,0.22807018,0.88157418
same_recording_split_halves,0.018164881,0.22807018,0.88157418
same_recording_split_halves,0.018320137,0.22807018,0.88157418
same_recording_split_halves,0.018475392,0.22807018,0.88157418
same_recording_split_halves,0.018630647,0.22807018,0.88157418
same_recording_split_halves,0.018785903,0.22807018,0.88157418
same_recording_split_halves,0.018941158,0.22807018,0.88157418
same_recording_split_halves,0.019096414,0.22807018,0.88157418
same_recording_split_halves,0.019251669,0.22807018,0.88157418
same_recording_split_halves,0.019406924,0.22807018,0.88157418
same_recording_split_halves,0.01956218,0.22807018,0.88157418
same_recording_split_halves,0.019717435,0.22807018,0.88157418
same_recording_split_halves,0.019872691,0.22807018,0.88157418
same_recording_split_halves,0.020027946,0.22807018,0.88157418
same_recording_split_halves,0.020183201,0.22807018,0.88157418
same_recording_split_halves,0.020338457,0.22807018,0.88157418
same_recording_split_halves,0.020493712,0.22807018,0.88157418
same_recording_split_halves,0.020648968,0.22807018,0.88157418
same_recording_split_halves,0.020804223,0.22807018,0.88157418
same_recording_split_halves,0.020959478,0.22807018,0.88157418
same_recording_split_halves,0.021114734,0.22807018,0.88157418
same_recording_split_halves,0.021269989,0.22807018,0.88157418
same_recording_split_halves,0.021425245,0.22807018,0.88157418
same_recording_split_halves,0.0215805,0.22807018,0.88157418
same_recording_split_halves,0.021735755,0.22807018,0.88157418
same_recording_split_halves,0.021891011,0.22807018,0.88157418
same_recording_split_halves,0.022046266,0.22807018,0.88157418
same_recording_split_halves,0.022201522,0.22807018,0.88157418
same_recording_split_halves,0.022356777,0.22807018,0.88157418
same_recording_split_halves,0.022512032,0.22807018,0.88157418
same_recording_split_halves,0.022667288,0.22807018,0.88157418
same_recording_split_halves,0.022822543,0.22807018,0.88157418
same_recording_split_halves,0.022977798,0.22807018,0.88157418
same_recording_split_halves,0.023133054,0.22807018,0.88157418
same_recording_split_halves,0.023288309,0.22807018,0.88157418
same_recording_split_halves,0.023443565,0.22807018,0.88157418
same_recording_split_halves,0.023443565,0.23684211,0.88157418
same_recording_split_halves,0.02359882,0.23684211,0.88157418
same_recording_split_halves,0.023754075,0.23684211,0.88157418
same_recording_split_halves,0.023754075,0.24561404,0.88157418
same_recording_split_halves,0.023909331,0.24561404,0.88157418
same_recording_split_halves,0.024064586,0.24561404,0.88157418
same_recording_split_halves,0.024219842,0.24561404,0.88157418
same_recording_split_halves,0.024219842,0.25438596,0.88157418
same_recording_split_halves,0.024375097,0.25438596,0.88157418
same_recording_split_halves,0.024530352,0.25438596,0.88157418
same_recording_split_halves,0.024685608,0.25438596,0.88157418
same_recording_split_halves,0.024685608,0.26315789,0.88157418
same_recording_split_halves,0.024840863,0.26315789,0.88157418
same_recording_split_halves,0.024996119,0.26315789,0.88157418
same_recording_split_halves,0.024996119,0.27192982,0.88157418
same_recording_split_halves,0.025151374,0.27192982,0.88157418
same_recording_split_halves,0.025306629,0.27192982,0.88157418
same_recording_split_halves,0.025461885,0.27192982,0.88157418
same_recording_split_halves,0.02561714,0.27192982,0.88157418
same_recording_split_halves,0.025772396,0.27192982,0.88157418
same_recording_split_halves,0.025927651,0.27192982,0.88157418
same_recording_split_halves,0.025927651,0.28070175,0.88157418
same_recording_split_halves,0.026082906,0.28070175,0.88157418
same_recording_split_halves,0.026238162,0.28070175,0.88157418
same_recording_split_halves,0.026393417,0.28070175,0.88157418
same_recording_split_halves,0.026393417,0.28947368,0.88157418
same_recording_split_halves,0.026548673,0.28947368,0.88157418
same_recording_split_halves,0.026703928,0.28947368,0.88157418
same_recording_split_halves,0.026859183,0.28947368,0.88157418
same_recording_split_halves,0.027014439,0.28947368,0.88157418
same_recording_split_halves,0.027169694,0.28947368,0.88157418
same_recording_split_halves,0.02732495,0.28947368,0.88157418
same_recording_split_halves,0.027480205,0.28947368,0.88157418
same_recording_split_halves,0.02763546,0.28947368,0.88157418
same_recording_split_halves,0.027790716,0.28947368,0.88157418
same_recording_split_halves,0.027945971,0.28947368,0.88157418
same_recording_split_halves,0.028101227,0.28947368,0.88157418
same_recording_split_halves,0.028256482,0.28947368,0.88157418
same_recording_split_halves,0.028411737,0.28947368,0.88157418
same_recording_split_halves,0.028566993,0.28947368,0.88157418
same_recording_split_halves,0.028722248,0.28947368,0.88157418
same_recording_split_halves,0.028877503,0.28947368,0.88157418
same_recording_split_halves,0.029032759,0.28947368,0.88157418
same_recording_split_halves,0.029188014,0.28947368,0.88157418
same_recording_split_halves,0.02934327,0.28947368,0.88157418
same_recording_split_halves,0.029498525,0.28947368,0.88157418
same_recording_split_halves,0.02965378,0.28947368,0.88157418
same_recording_split_halves,0.029809036,0.28947368,0.88157418
same_recording_split_halves,0.029809036,0.29824561,0.88157418
same_recording_split_halves,0.029964291,0.29824561,0.88157418
same_recording_split_halves,0.030119547,0.29824561,0.88157418
same_recording_split_halves,0.030274802,0.29824561,0.88157418
same_recording_split_halves,0.030274802,0.30701754,0.88157418
same_recording_split_halves,0.030274802,0.31578947,0.88157418
same_recording_split_halves,0.030430057,0.31578947,0.88157418
same_recording_split_halves,0.030430057,0.3245614,0.88157418
same_recording_split_halves,0.030585313,0.3245614,0.88157418
same_recording_split_halves,0.030740568,0.3245614,0.88157418
same_recording_split_halves,0.030895824,0.3245614,0.88157418
same_recording_split_halves,0.031051079,0.3245614,0.88157418
same_recording_split_halves,0.031051079,0.33333333,0.88157418
same_recording_split_halves,0.031051079,0.34210526,0.88157418
same_recording_split_halves,0.031206334,0.34210526,0.88157418
same_recording_split_halves,0.03136159,0.34210526,0.88157418
same_recording_split_halves,0.031516845,0.34210526,0.88157418
same_recording_split_halves,0.031672101,0.34210526,0.88157418
same_recording_split_halves,0.031827356,0.34210526,0.88157418
same_recording_split_halves,0.031982611,0.34210526,0.88157418
same_recording_split_halves,0.032137867,0.34210526,0.88157418
same_recording_split_halves,0.032293122,0.34210526,0.88157418
same_recording_split_halves,0.032448378,0.34210526,0.88157418
same_recording_split_halves,0.032603633,0.34210526,0.88157418
same_recording_split_halves,0.032758888,0.34210526,0.88157418
same_recording_split_halves,0.032914144,0.34210526,0.88157418
same_recording_split_halves,0.032914144,0.35087719,0.88157418
same_recording_split_halves,0.033069399,0.35087719,0.88157418
same_recording_split_halves,0.033224655,0.35087719,0.88157418
same_recording_split_halves,0.03337991,0.35087719,0.88157418
same_recording_split_halves,0.033535165,0.35087719,0.88157418
same_recording_split_halves,0.033690421,0.35087719,0.88157418
same_recording_split_halves,0.033845676,0.35087719,0.88157418
same_recording_split_halves,0.034000932,0.35087719,0.88157418
same_recording_split_halves,0.034000932,0.35964912,0.88157418
same_recording_split_halves,0.034156187,0.35964912,0.88157418
same_recording_split_halves,0.034311442,0.35964912,0.88157418
same_recording_split_halves,0.034466698,0.35964912,0.88157418
same_recording_split_halves,0.034621953,0.35964912,0.88157418
same_recording_split_halves,0.034777209,0.35964912,0.88157418
same_recording_split_halves,0.034932464,0.35964912,0.88157418
same_recording_split_halves,0.035087719,0.35964912,0.88157418
same_recording_split_halves,0.035087719,0.36842105,0.88157418
same_recording_split_halves,0.035242975,0.36842105,0.88157418
same_recording_split_halves,0.03539823,0.36842105,0.88157418
same_recording_split_halves,0.035553485,0.36842105,0.88157418
same_recording_split_halves,0.035708741,0.36842105,0.88157418
same_recording_split_halves,0.035863996,0.36842105,0.88157418
same_recording_split_halves,0.036019252,0.36842105,0.88157418
same_recording_split_halves,0.036174507,0.36842105,0.88157418
same_recording_split_halves,0.036329762,0.36842105,0.88157418
same_recording_split_halves,0.036485018,0.36842105,0.88157418
same_recording_split_halves,0.036640273,0.36842105,0.88157418
same_recording_split_halves,0.036795529,0.36842105,0.88157418
same_recording_split_halves,0.036950784,0.36842105,0.88157418
same_recording_split_halves,0.037106039,0.36842105,0.88157418
same_recording_split_halves,0.037261295,0.36842105,0.88157418
same_recording_split_halves,0.03741655,0.36842105,0.88157418
same_recording_split_halves,0.03741655,0.37719298,0.88157418
same_recording_split_halves,0.037571806,0.37719298,0.88157418
same_recording_split_halves,0.037727061,0.37719298,0.88157418
same_recording_split_halves,0.037727061,0.38596491,0.88157418
same_recording_split_halves,0.037882316,0.38596491,0.88157418
same_recording_split_halves,0.038037572,0.38596491,0.88157418
same_recording_split_halves,0.038192827,0.38596491,0.88157418
same_recording_split_halves,0.038192827,0.39473684,0.88157418
same_recording_split_halves,0.038348083,0.39473684,0.88157418
same_recording_split_halves,0.038503338,0.39473684,0.88157418
same_recording_split_halves,0.038658593,0.39473684,0.88157418
same_recording_split_halves,0.038813849,0.39473684,0.88157418
same_recording_split_halves,0.038969104,0.39473684,0.88157418
same_recording_split_halves,0.03912436,0.39473684,0.88157418
same_recording_split_halves,0.039279615,0.39473684,0.88157418
same_recording_split_halves,0.03943487,0.39473684,0.88157418
same_recording_split_halves,0.039590126,0.39473684,0.88157418
same_recording_split_halves,0.039745381,0.39473684,0.88157418
same_recording_split_halves,0.039900637,0.39473684,0.88157418
same_recording_split_halves,0.040055892,0.39473684,0.88157418
same_recording_split_halves,0.040211147,0.39473684,0.88157418
same_recording_split_halves,0.040366403,0.39473684,0.88157418
same_recording_split_halves,0.040521658,0.39473684,0.88157418
same_recording_split_halves,0.040676914,0.39473684,0.88157418
same_recording_split_halves,0.040832169,0.39473684,0.88157418
same_recording_split_halves,0.040987424,0.39473684,0.88157418
same_recording_split_halves,0.04114268,0.39473684,0.88157418
same_recording_split_halves,0.041297935,0.39473684,0.88157418
same_recording_split_halves,0.04145319,0.39473684,0.88157418
same_recording_split_halves,0.041608446,0.39473684,0.88157418
same_recording_split_halves,0.041763701,0.39473684,0.88157418
same_recording_split_halves,0.041918957,0.39473684,0.88157418
same_recording_split_halves,0.042074212,0.39473684,0.88157418
same_recording_split_halves,0.042229467,0.39473684,0.88157418
same_recording_split_halves,0.042384723,0.39473684,0.88157418
same_recording_split_halves,0.042539978,0.39473684,0.88157418
same_recording_split_halves,0.042539978,0.40350877,0.88157418
same_recording_split_halves,0.042695234,0.40350877,0.88157418
same_recording_split_halves,0.042850489,0.40350877,0.88157418
same_recording_split_halves,0.043005744,0.40350877,0.88157418
same_recording_split_halves,0.043161,0.40350877,0.88157418
same_recording_split_halves,0.043161,0.4122807,0.88157418
same_recording_split_halves,0.043316255,0.4122807,0.88157418
same_recording_split_halves,0.043471511,0.4122807,0.88157418
same_recording_split_halves,0.043626766,0.4122807,0.88157418
same_recording_split_halves,0.043782021,0.4122807,0.88157418
same_recording_split_halves,0.043937277,0.4122807,0.88157418
same_recording_split_halves,0.044092532,0.4122807,0.88157418
same_recording_split_halves,0.044247788,0.4122807,0.88157418
same_recording_split_halves,0.044403043,0.4122807,0.88157418
same_recording_split_halves,0.044558298,0.4122807,0.88157418
same_recording_split_halves,0.044713554,0.4122807,0.88157418
same_recording_split_halves,0.044868809,0.4122807,0.88157418
same_recording_split_halves,0.045024065,0.4122807,0.88157418
same_recording_split_halves,0.04517932,0.4122807,0.88157418
same_recording_split_halves,0.045334575,0.4122807,0.88157418
same_recording_split_halves,0.045489831,0.4122807,0.88157418
same_recording_split_halves,0.045645086,0.4122807,0.88157418
same_recording_split_halves,0.045800342,0.4122807,0.88157418
same_recording_split_halves,0.045955597,0.4122807,0.88157418
same_recording_split_halves,0.046110852,0.4122807,0.88157418
same_recording_split_halves,0.046266108,0.4122807,0.88157418
same_recording_split_halves,0.046421363,0.4122807,0.88157418
same_recording_split_halves,0.046576619,0.4122807,0.88157418
same_recording_split_halves,0.046731874,0.4122807,0.88157418
same_recording_split_halves,0.046887129,0.4122807,0.88157418
same_recording_split_halves,0.047042385,0.4122807,0.88157418
same_recording_split_halves,0.04719764,0.4122807,0.88157418
same_recording_split_halves,0.047352896,0.4122807,0.88157418
same_recording_split_halves,0.047352896,0.42105263,0.88157418
same_recording_split_halves,0.047508151,0.42105263,0.88157418
same_recording_split_halves,0.047663406,0.42105263,0.88157418
same_recording_split_halves,0.047818662,0.42105263,0.88157418
same_recording_split_halves,0.047973917,0.42105263,0.88157418
same_recording_split_halves,0.048129172,0.42105263,0.88157418
same_recording_split_halves,0.048284428,0.42105263,0.88157418
same_recording_split_halves,0.048439683,0.42105263,0.88157418
same_recording_split_halves,0.048594939,0.42105263,0.88157418
same_recording_split_halves,0.048750194,0.42105263,0.88157418
same_recording_split_halves,0.048905449,0.42105263,0.88157418
same_recording_split_halves,0.049060705,0.42105263,0.88157418
same_recording_split_halves,0.04921596,0.42105263,0.88157418
same_recording_split_halves,0.049371216,0.42105263,0.88157418
same_recording_split_halves,0.049526471,0.42105263,0.88157418
same_recording_split_halves,0.049681726,0.42105263,0.88157418
same_recording_split_halves,0.049836982,0.42105263,0.88157418
same_recording_split_halves,0.049992237,0.42105263,0.88157418
same_recording_split_halves,0.050147493,0.42105263,0.88157418
same_recording_split_halves,0.050302748,0.42105263,0.88157418
same_recording_split_halves,0.050458003,0.42105263,0.88157418
same_recording_split_halves,0.050613259,0.42105263,0.88157418
same_recording_split_halves,0.050768514,0.42105263,0.88157418
same_recording_split_halves,0.05092377,0.42105263,0.88157418
same_recording_split_halves,0.051079025,0.42105263,0.88157418
same_recording_split_halves,0.05123428,0.42105263,0.88157418
same_recording_split_halves,0.05123428,0.42982456,0.88157418
same_recording_split_halves,0.051389536,0.42982456,0.88157418
same_recording_split_halves,0.051544791,0.42982456,0.88157418
same_recording_split_halves,0.051700047,0.42982456,0.88157418
same_recording_split_halves,0.051855302,0.42982456,0.88157418
same_recording_split_halves,0.052010557,0.42982456,0.88157418
same_recording_split_halves,0.052165813,0.42982456,0.88157418
same_recording_split_halves,0.052321068,0.42982456,0.88157418
same_recording_split_halves,0.052476324,0.42982456,0.88157418
same_recording_split_halves,0.052631579,0.42982456,0.88157418
same_recording_split_halves,0.052786834,0.42982456,0.88157418
same_recording_split_halves,0.05294209,0.42982456,0.88157418
same_recording_split_halves,0.053097345,0.42982456,0.88157418
same_recording_split_halves,0.053252601,0.42982456,0.88157418
same_recording_split_halves,0.053407856,0.42982456,0.88157418
same_recording_split_halves,0.053563111,0.42982456,0.88157418
same_recording_split_halves,0.053718367,0.42982456,0.88157418
same_recording_split_halves,0.053873622,0.42982456,0.88157418
same_recording_split_halves,0.054028878,0.42982456,0.88157418
same_recording_split_halves,0.054184133,0.42982456,0.88157418
same_recording_split_halves,0.054339388,0.42982456,0.88157418
same_recording_split_halves,0.054494644,0.42982456,0.88157418
same_recording_split_halves,0.054649899,0.42982456,0.88157418
same_recording_split_halves,0.054805154,0.42982456,0.88157418
same_recording_split_halves,0.05496041,0.42982456,0.88157418
same_recording_split_halves,0.055115665,0.42982456,0.88157418
same_recording_split_halves,0.055270921,0.42982456,0.88157418
same_recording_split_halves,0.055270921,0.43859649,0.88157418
same_recording_split_halves,0.055426176,0.43859649,0.88157418
same_recording_split_halves,0.055581431,0.43859649,0.88157418
same_recording_split_halves,0.055736687,0.43859649,0.88157418
same_recording_split_halves,0.055736687,0.44736842,0.88157418
same_recording_split_halves,0.055891942,0.44736842,0.88157418
same_recording_split_halves,0.056047198,0.44736842,0.88157418
same_recording_split_halves,0.056202453,0.44736842,0.88157418
same_recording_split_halves,0.056357708,0.44736842,0.88157418
same_recording_split_halves,0.056512964,0.44736842,0.88157418
same_recording_split_halves,0.056668219,0.44736842,0.88157418
same_recording_split_halves,0.056823475,0.44736842,0.88157418
same_recording_split_halves,0.05697873,0.44736842,0.88157418
same_recording_split_halves,0.057133985,0.44736842,0.88157418
same_recording_split_halves,0.057289241,0.44736842,0.88157418
same_recording_split_halves,0.057444496,0.44736842,0.88157418
same_recording_split_halves,0.057599752,0.44736842,0.88157418
same_recording_split_halves,0.057755007,0.44736842,0.88157418
same_recording_split_halves,0.057910262,0.44736842,0.88157418
same_recording_split_halves,0.057910262,0.45614035,0.88157418
same_recording_split_halves,0.058065518,0.45614035,0.88157418
same_recording_split_halves,0.058220773,0.45614035,0.88157418
same_recording_split_halves,0.058220773,0.46491228,0.88157418
same_recording_split_halves,0.058376029,0.46491228,0.88157418
same_recording_split_halves,0.058531284,0.46491228,0.88157418
same_recording_split_halves,0.058686539,0.46491228,0.88157418
same_recording_split_halves,0.058841795,0.46491228,0.88157418
same_recording_split_halves,0.05899705,0.46491228,0.88157418
same_recording_split_halves,0.059152306,0.46491228,0.88157418
same_recording_split_halves,0.059307561,0.46491228,0.88157418
same_recording_split_halves,0.059462816,0.46491228,0.88157418
same_recording_split_halves,0.059618072,0.46491228,0.88157418
same_recording_split_halves,0.059773327,0.46491228,0.88157418
same_recording_split_halves,0.059928583,0.46491228,0.88157418
same_recording_split_halves,0.060083838,0.46491228,0.88157418
same_recording_split_halves,0.060239093,0.46491228,0.88157418
same_recording_split_halves,0.060394349,0.46491228,0.88157418
same_recording_split_halves,0.060549604,0.46491228,0.88157418
same_recording_split_halves,0.060549604,0.47368421,0.88157418
same_recording_split_halves,0.060704859,0.47368421,0.88157418
same_recording_split_halves,0.060860115,0.47368421,0.88157418
same_recording_split_halves,0.06101537,0.47368421,0.88157418
same_recording_split_halves,0.061170626,0.47368421,0.88157418
same_recording_split_halves,0.061325881,0.47368421,0.88157418
same_recording_split_halves,0.061481136,0.47368421,0.88157418
same_recording_split_halves,0.061636392,0.47368421,0.88157418
same_recording_split_halves,0.061791647,0.47368421,0.88157418
same_recording_split_halves,0.061791647,0.48245614,0.88157418
same_recording_split_halves,0.061946903,0.48245614,0.88157418
same_recording_split_halves,0.062102158,0.48245614,0.88157418
same_recording_split_halves,0.062257413,0.48245614,0.88157418
same_recording_split_halves,0.062412669,0.48245614,0.88157418
same_recording_split_halves,0.062412669,0.49122807,0.88157418
same_recording_split_halves,0.062567924,0.49122807,0.88157418
same_recording_split_halves,0.06272318,0.49122807,0.88157418
same_recording_split_halves,0.062878435,0.49122807,0.88157418
same_recording_split_halves,0.06303369,0.49122807,0.88157418
same_recording_split_halves,0.063188946,0.49122807,0.88157418
same_recording_split_halves,0.063344201,0.49122807,0.88157418
same_recording_split_halves,0.063499457,0.49122807,0.88157418
same_recording_split_halves,0.063654712,0.49122807,0.88157418
same_recording_split_halves,0.063809967,0.49122807,0.88157418
same_recording_split_halves,0.063965223,0.49122807,0.88157418
same_recording_split_halves,0.064120478,0.49122807,0.88157418
same_recording_split_halves,0.064275734,0.49122807,0.88157418
same_recording_split_halves,0.064430989,0.49122807,0.88157418
same_recording_split_halves,0.064586244,0.49122807,0.88157418
same_recording_split_halves,0.0647415,0.49122807,0.88157418
same_recording_split_halves,0.0647415,0.5,0.88157418
same_recording_split_halves,0.064896755,0.5,0.88157418
same_recording_split_halves,0.065052011,0.5,0.88157418
same_recording_split_halves,0.065207266,0.5,0.88157418
same_recording_split_halves,0.065362521,0.5,0.88157418
same_recording_split_halves,0.065517777,0.5,0.88157418
same_recording_split_halves,0.065673032,0.5,0.88157418
same_recording_split_halves,0.065828288,0.5,0.88157418
same_recording_split_halves,0.065983543,0.5,0.88157418
same_recording_split_halves,0.066138798,0.5,0.88157418
same_recording_split_halves,0.066294054,0.5,0.88157418
same_recording_split_halves,0.066449309,0.5,0.88157418
same_recording_split_halves,0.066604565,0.5,0.88157418
same_recording_split_halves,0.06675982,0.5,0.88157418
same_recording_split_halves,0.066915075,0.5,0.88157418
same_recording_split_halves,0.067070331,0.5,0.88157418
same_recording_split_halves,0.067225586,0.5,0.88157418
same_recording_split_halves,0.067380841,0.5,0.88157418
same_recording_split_halves,0.067536097,0.5,0.88157418
same_recording_split_halves,0.067691352,0.5,0.88157418
same_recording_split_halves,0.067846608,0.5,0.88157418
same_recording_split_halves,0.068001863,0.5,0.88157418
same_recording_split_halves,0.068157118,0.5,0.88157418
same_recording_split_halves,0.068312374,0.5,0.88157418
same_recording_split_halves,0.068467629,0.5,0.88157418
same_recording_split_halves,0.068622885,0.5,0.88157418
same_recording_split_halves,0.06877814,0.5,0.88157418
same_recording_split_halves,0.068933395,0.5,0.88157418
same_recording_split_halves,0.069088651,0.5,0.88157418
same_recording_split_halves,0.069243906,0.5,0.88157418
same_recording_split_halves,0.069243906,0.50877193,0.88157418
same_recording_split_halves,0.069399162,0.50877193,0.88157418
same_recording_split_halves,0.069554417,0.50877193,0.88157418
same_recording_split_halves,0.069709672,0.50877193,0.88157418
same_recording_split_halves,0.069709672,0.51754386,0.88157418
same_recording_split_halves,0.069864928,0.51754386,0.88157418
same_recording_split_halves,0.070020183,0.51754386,0.88157418
same_recording_split_halves,0.070175439,0.51754386,0.88157418
same_recording_split_halves,0.070330694,0.51754386,0.88157418
same_recording_split_halves,0.070485949,0.51754386,0.88157418
same_recording_split_halves,0.070641205,0.51754386,0.88157418
same_recording_split_halves,0.07079646,0.51754386,0.88157418
same_recording_split_halves,0.070951716,0.51754386,0.88157418
same_recording_split_halves,0.071106971,0.51754386,0.88157418
same_recording_split_halves,0.071262226,0.51754386,0.88157418
same_recording_split_halves,0.071417482,0.51754386,0.88157418
same_recording_split_halves,0.071572737,0.51754386,0.88157418
same_recording_split_halves,0.071727993,0.51754386,0.88157418
same_recording_split_halves,0.071883248,0.51754386,0.88157418
same_recording_split_halves,0.072038503,0.51754386,0.88157418
same_recording_split_halves,0.072193759,0.51754386,0.88157418
same_recording_split_halves,0.072349014,0.51754386,0.88157418
same_recording_split_halves,0.07250427,0.51754386,0.88157418
same_recording_split_halves,0.072659525,0.51754386,0.88157418
same_recording_split_halves,0.07281478,0.51754386,0.88157418
same_recording_split_halves,0.072970036,0.51754386,0.88157418
same_recording_split_halves,0.073125291,0.51754386,0.88157418
same_recording_split_halves,0.073280546,0.51754386,0.88157418
same_recording_split_halves,0.073435802,0.51754386,0.88157418
same_recording_split_halves,0.073591057,0.51754386,0.88157418
same_recording_split_halves,0.073746313,0.51754386,0.88157418
same_recording_split_halves,0.073901568,0.51754386,0.88157418
same_recording_split_halves,0.074056823,0.51754386,0.88157418
same_recording_split_halves,0.074212079,0.51754386,0.88157418
same_recording_split_halves,0.074367334,0.51754386,0.88157418
same_recording_split_halves,0.07452259,0.51754386,0.88157418
same_recording_split_halves,0.074677845,0.51754386,0.88157418
same_recording_split_halves,0.0748331,0.51754386,0.88157418
same_recording_split_halves,0.074988356,0.51754386,0.88157418
same_recording_split_halves,0.075143611,0.51754386,0.88157418
same_recording_split_halves,0.075298867,0.51754386,0.88157418
same_recording_split_halves,0.075454122,0.51754386,0.88157418
same_recording_split_halves,0.075609377,0.51754386,0.88157418
same_recording_split_halves,0.075764633,0.51754386,0.88157418
same_recording_split_halves,0.075764633,0.52631579,0.88157418
same_recording_split_halves,0.075919888,0.52631579,0.88157418
same_recording_split_halves,0.076075144,0.52631579,0.88157418
same_recording_split_halves,0.076230399,0.52631579,0.88157418
same_recording_split_halves,0.076385654,0.52631579,0.88157418
same_recording_split_halves,0.07654091,0.52631579,0.88157418
same_recording_split_halves,0.076696165,0.52631579,0.88157418
same_recording_split_halves,0.076851421,0.52631579,0.88157418
same_recording_split_halves,0.077006676,0.52631579,0.88157418
same_recording_split_halves,0.077161931,0.52631579,0.88157418
same_recording_split_halves,0.077161931,0.53508772,0.88157418
same_recording_split_halves,0.077317187,0.53508772,0.88157418
same_recording_split_halves,0.077472442,0.53508772,0.88157418
same_recording_split_halves,0.077627698,0.53508772,0.88157418
same_recording_split_halves,0.077782953,0.53508772,0.88157418
same_recording_split_halves,0.077938208,0.53508772,0.88157418
same_recording_split_halves,0.078093464,0.53508772,0.88157418
same_recording_split_halves,0.078248719,0.53508772,0.88157418
same_recording_split_halves,0.078403975,0.53508772,0.88157418
same_recording_split_halves,0.07855923,0.53508772,0.88157418
same_recording_split_halves,0.078714485,0.53508772,0.88157418
same_recording_split_halves,0.078869741,0.53508772,0.88157418
same_recording_split_halves,0.079024996,0.53508772,0.88157418
same_recording_split_halves,0.079180252,0.53508772,0.88157418
same_recording_split_halves,0.079335507,0.53508772,0.88157418
same_recording_split_halves,0.079490762,0.53508772,0.88157418
same_recording_split_halves,0.079646018,0.53508772,0.88157418
same_recording_split_halves,0.079801273,0.53508772,0.88157418
same_recording_split_halves,0.079956528,0.53508772,0.88157418
same_recording_split_halves,0.080111784,0.53508772,0.88157418
same_recording_split_halves,0.080267039,0.53508772,0.88157418
same_recording_split_halves,0.080422295,0.53508772,0.88157418
same_recording_split_halves,0.08057755,0.53508772,0.88157418
same_recording_split_halves,0.080732805,0.53508772,0.88157418
same_recording_split_halves,0.080888061,0.53508772,0.88157418
same_recording_split_halves,0.081043316,0.53508772,0.88157418
same_recording_split_halves,0.081198572,0.53508772,0.88157418
same_recording_split_halves,0.081353827,0.53508772,0.88157418
same_recording_split_halves,0.081509082,0.53508772,0.88157418
same_recording_split_halves,0.081664338,0.53508772,0.88157418
same_recording_split_halves,0.081819593,0.53508772,0.88157418
same_recording_split_halves,0.081974849,0.53508772,0.88157418
same_recording_split_halves,0.082130104,0.53508772,0.88157418
same_recording_split_halves,0.082285359,0.53508772,0.88157418
same_recording_split_halves,0.082440615,0.53508772,0.88157418
same_recording_split_halves,0.08259587,0.53508772,0.88157418
same_recording_split_halves,0.082751126,0.53508772,0.88157418
same_recording_split_halves,0.082906381,0.53508772,0.88157418
same_recording_split_halves,0.083061636,0.53508772,0.88157418
same_recording_split_halves,0.083216892,0.53508772,0.88157418
same_recording_split_halves,0.083372147,0.53508772,0.88157418
same_recording_split_halves,0.083527403,0.53508772,0.88157418
same_recording_split_halves,0.083682658,0.53508772,0.88157418
same_recording_split_halves,0.083837913,0.53508772,0.88157418
same_recording_split_halves,0.083993169,0.53508772,0.88157418
same_recording_split_halves,0.084148424,0.53508772,0.88157418
same_recording_split_halves,0.08430368,0.53508772,0.88157418
same_recording_split_halves,0.084458935,0.53508772,0.88157418
same_recording_split_halves,0.08461419,0.53508772,0.88157418
same_recording_split_halves,0.084769446,0.53508772,0.88157418
same_recording_split_halves,0.084924701,0.53508772,0.88157418
same_recording_split_halves,0.085079957,0.53508772,0.88157418
same_recording_split_halves,0.085235212,0.53508772,0.88157418
same_recording_split_halves,0.085390467,0.53508772,0.88157418
same_recording_split_halves,0.085545723,0.53508772,0.88157418
same_recording_split_halves,0.085700978,0.53508772,0.88157418
same_recording_split_halves,0.085856234,0.53508772,0.88157418
same_recording_split_halves,0.085856234,0.54385965,0.88157418
same_recording_split_halves,0.086011489,0.54385965,0.88157418
same_recording_split_halves,0.086166744,0.54385965,0.88157418
same_recording_split_halves,0.086322,0.54385965,0.88157418
same_recording_split_halves,0.086477255,0.54385965,0.88157418
same_recording_split_halves,0.08663251,0.54385965,0.88157418
same_recording_split_halves,0.086787766,0.54385965,0.88157418
same_recording_split_halves,0.086943021,0.54385965,0.88157418
same_recording_split_halves,0.087098277,0.54385965,0.88157418
same_recording_split_halves,0.087253532,0.54385965,0.88157418
same_recording_split_halves,0.087408787,0.54385965,0.88157418
same_recording_split_halves,0.087564043,0.54385965,0.88157418
same_recording_split_halves,0.087719298,0.54385965,0.88157418
same_recording_split_halves,0.087874554,0.54385965,0.88157418
same_recording_split_halves,0.088029809,0.54385965,0.88157418
same_recording_split_halves,0.088185064,0.54385965,0.88157418
same_recording_split_halves,0.08834032,0.54385965,0.88157418
same_recording_split_halves,0.088495575,0.54385965,0.88157418
same_recording_split_halves,0.088650831,0.54385965,0.88157418
same_recording_split_halves,0.088806086,0.54385965,0.88157418
same_recording_split_halves,0.088961341,0.54385965,0.88157418
same_recording_split_halves,0.089116597,0.54385965,0.88157418
same_recording_split_halves,0.089271852,0.54385965,0.88157418
same_recording_split_halves,0.089427108,0.54385965,0.88157418
same_recording_split_halves,0.089582363,0.54385965,0.88157418
same_recording_split_halves,0.089737618,0.54385965,0.88157418
same_recording_split_halves,0.089892874,0.54385965,0.88157418
same_recording_split_halves,0.090048129,0.54385965,0.88157418
same_recording_split_halves,0.090203385,0.54385965,0.88157418
same_recording_split_halves,0.09035864,0.54385965,0.88157418
same_recording_split_halves,0.090513895,0.54385965,0.88157418
same_recording_split_halves,0.090669151,0.54385965,0.88157418
same_recording_split_halves,0.090824406,0.54385965,0.88157418
same_recording_split_halves,0.090979662,0.54385965,0.88157418
same_recording_split_halves,0.091134917,0.54385965,0.88157418
same_recording_split_halves,0.091290172,0.54385965,0.88157418
same_recording_split_halves,0.091445428,0.54385965,0.88157418
same_recording_split_halves,0.091600683,0.54385965,0.88157418
same_recording_split_halves,0.091755939,0.54385965,0.88157418
same_recording_split_halves,0.091911194,0.54385965,0.88157418
same_recording_split_halves,0.092066449,0.54385965,0.88157418
same_recording_split_halves,0.092221705,0.54385965,0.88157418
same_recording_split_halves,0.09237696,0.54385965,0.88157418
same_recording_split_halves,0.092532215,0.54385965,0.88157418
same_recording_split_halves,0.092687471,0.54385965,0.88157418
same_recording_split_halves,0.092842726,0.54385965,0.88157418
same_recording_split_halves,0.092997982,0.54385965,0.88157418
same_recording_split_halves,0.093153237,0.54385965,0.88157418
same_recording_split_halves,0.093308492,0.54385965,0.88157418
same_recording_split_halves,0.093463748,0.54385965,0.88157418
same_recording_split_halves,0.093619003,0.54385965,0.88157418
same_recording_split_halves,0.093774259,0.54385965,0.88157418
same_recording_split_halves,0.093929514,0.54385965,0.88157418
same_recording_split_halves,0.094084769,0.54385965,0.88157418
same_recording_split_halves,0.094240025,0.54385965,0.88157418
same_recording_split_halves,0.09439528,0.54385965,0.88157418
same_recording_split_halves,0.094550536,0.54385965,0.88157418
same_recording_split_halves,0.094705791,0.54385965,0.88157418
same_recording_split_halves,0.094861046,0.54385965,0.88157418
same_recording_split_halves,0.095016302,0.54385965,0.88157418
same_recording_split_halves,0.095171557,0.54385965,0.88157418
same_recording_split_halves,0.095326813,0.54385965,0.88157418
same_recording_split_halves,0.095482068,0.54385965,0.88157418
same_recording_split_halves,0.095637323,0.54385965,0.88157418
same_recording_split_halves,0.095792579,0.54385965,0.88157418
same_recording_split_halves,0.095947834,0.54385965,0.88157418
same_recording_split_halves,0.09610309,0.54385965,0.88157418
same_recording_split_halves,0.096258345,0.54385965,0.88157418
same_recording_split_halves,0.0964136,0.54385965,0.88157418
same_recording_split_halves,0.096568856,0.54385965,0.88157418
same_recording_split_halves,0.096724111,0.54385965,0.88157418
same_recording_split_halves,0.096879367,0.54385965,0.88157418
same_recording_split_halves,0.097034622,0.54385965,0.88157418
same_recording_split_halves,0.097189877,0.54385965,0.88157418
same_recording_split_halves,0.097345133,0.54385965,0.88157418
same_recording_split_halves,0.097500388,0.54385965,0.88157418
same_recording_split_halves,0.097655644,0.54385965,0.88157418
same_recording_split_halves,0.097810899,0.54385965,0.88157418
same_recording_split_halves,0.097966154,0.54385965,0.88157418
same_recording_split_halves,0.09812141,0.54385965,0.88157418
same_recording_split_halves,0.098276665,0.54385965,0.88157418
same_recording_split_halves,0.098431921,0.54385965,0.88157418
same_recording_split_halves,0.098587176,0.54385965,0.88157418
same_recording_split_halves,0.098742431,0.54385965,0.88157418
same_recording_split_halves,0.098897687,0.54385965,0.88157418
same_recording_split_halves,0.099052942,0.54385965,0.88157418
same_recording_split_halves,0.099208197,0.54385965,0.88157418
same_recording_split_halves,0.099363453,0.54385965,0.88157418
same_recording_split_halves,0.099518708,0.54385965,0.88157418
same_recording_split_halves,0.099673964,0.54385965,0.88157418
same_recording_split_halves,0.099673964,0.55263158,0.88157418
same_recording_split_halves,0.099829219,0.55263158,0.88157418
same_recording_split_halves,0.099984474,0.55263158,0.88157418
same_recording_split_halves,0.10013973,0.55263158,0.88157418
same_recording_split_halves,0.10029499,0.55263158,0.88157418
same_recording_split_halves,0.10045024,0.55263158,0.88157418
same_recording_split_halves,0.1006055,0.55263158,0.88157418
same_recording_split_halves,0.10076075,0.55263158,0.88157418
same_recording_split_halves,0.10091601,0.55263158,0.88157418
same_recording_split_halves,0.10107126,0.55263158,0.88157418
same_recording_split_halves,0.10122652,0.55263158,0.88157418
same_recording_split_halves,0.10138177,0.55263158,0.88157418
same_recording_split_halves,0.10153703,0.55263158,0.88157418
same_recording_split_halves,0.10169228,0.55263158,0.88157418
same_recording_split_halves,0.10184754,0.55263158,0.88157418
same_recording_split_halves,0.10200279,0.55263158,0.88157418
same_recording_split_halves,0.10215805,0.55263158,0.88157418
same_recording_split_halves,0.10231331,0.55263158,0.88157418
same_recording_split_halves,0.10246856,0.55263158,0.88157418
same_recording_split_halves,0.10262382,0.55263158,0.88157418
same_recording_split_halves,0.10277907,0.55263158,0.88157418
same_recording_split_halves,0.10293433,0.55263158,0.88157418
same_recording_split_halves,0.10308958,0.55263158,0.88157418
same_recording_split_halves,0.10324484,0.55263158,0.88157418
same_recording_split_halves,0.10340009,0.55263158,0.88157418
same_recording_split_halves,0.10355535,0.55263158,0.88157418
same_recording_split_halves,0.1037106,0.55263158,0.88157418
same_recording_split_halves,0.10386586,0.55263158,0.88157418
same_recording_split_halves,0.10402111,0.55263158,0.88157418
same_recording_split_halves,0.10417637,0.55263158,0.88157418
same_recording_split_halves,0.10417637,0.56140351,0.88157418
same_recording_split_halves,0.10433163,0.56140351,0.88157418
same_recording_split_halves,0.10448688,0.56140351,0.88157418
same_recording_split_halves,0.10464214,0.56140351,0.88157418
same_recording_split_halves,0.10479739,0.56140351,0.88157418
same_recording_split_halves,0.10495265,0.56140351,0.88157418
same_recording_split_halves,0.1051079,0.56140351,0.88157418
same_recording_split_halves,0.10526316,0.56140351,0.88157418
same_recording_split_halves,0.10541841,0.56140351,0.88157418
same_recording_split_halves,0.10557367,0.56140351,0.88157418
same_recording_split_halves,0.10572892,0.56140351,0.88157418
same_recording_split_halves,0.10588418,0.56140351,0.88157418
same_recording_split_halves,0.10603943,0.56140351,0.88157418
same_recording_split_halves,0.10619469,0.56140351,0.88157418
same_recording_split_halves,0.10634995,0.56140351,0.88157418
same_recording_split_halves,0.1065052,0.56140351,0.88157418
same_recording_split_halves,0.10666046,0.56140351,0.88157418
same_recording_split_halves,0.10681571,0.56140351,0.88157418
same_recording_split_halves,0.10681571,0.57017544,0.88157418
same_recording_split_halves,0.10697097,0.57017544,0.88157418
same_recording_split_halves,0.10712622,0.57017544,0.88157418
same_recording_split_halves,0.10728148,0.57017544,0.88157418
same_recording_split_halves,0.10743673,0.57017544,0.88157418
same_recording_split_halves,0.10759199,0.57017544,0.88157418
same_recording_split_halves,0.10774724,0.57017544,0.88157418
same_recording_split_halves,0.1079025,0.57017544,0.88157418
same_recording_split_halves,0.10805776,0.57017544,0.88157418
same_recording_split_halves,0.10821301,0.57017544,0.88157418
same_recording_split_halves,0.10836827,0.57017544,0.88157418
same_recording_split_halves,0.10836827,0.57894737,0.88157418
same_recording_split_halves,0.10852352,0.57894737,0.88157418
same_recording_split_halves,0.10867878,0.57894737,0.88157418
same_recording_split_halves,0.10883403,0.57894737,0.88157418
same_recording_split_halves,0.10898929,0.57894737,0.88157418
same_recording_split_halves,0.10914454,0.57894737,0.88157418
same_recording_split_halves,0.1092998,0.57894737,0.88157418
same_recording_split_halves,0.10945505,0.57894737,0.88157418
same_recording_split_halves,0.10961031,0.57894737,0.88157418
same_recording_split_halves,0.10976556,0.57894737,0.88157418
same_recording_split_halves,0.10992082,0.57894737,0.88157418
same_recording_split_halves,0.11007608,0.57894737,0.88157418
same_recording_split_halves,0.11023133,0.57894737,0.88157418
same_recording_split_halves,0.11038659,0.57894737,0.88157418
same_recording_split_halves,0.11054184,0.57894737,0.88157418
same_recording_split_halves,0.1106971,0.57894737,0.88157418
same_recording_split_halves,0.11085235,0.57894737,0.88157418
same_recording_split_halves,0.11100761,0.57894737,0.88157418
same_recording_split_halves,0.11100761,0.5877193,0.88157418
same_recording_split_halves,0.11116286,0.5877193,0.88157418
same_recording_split_halves,0.11131812,0.5877193,0.88157418
same_recording_split_halves,0.11147337,0.5877193,0.88157418
same_recording_split_halves,0.11162863,0.5877193,0.88157418
same_recording_split_halves,0.11178388,0.5877193,0.88157418
same_recording_split_halves,0.11193914,0.5877193,0.88157418
same_recording_split_halves,0.1120944,0.5877193,0.88157418
same_recording_split_halves,0.11224965,0.5877193,0.88157418
same_recording_split_halves,0.11240491,0.5877193,0.88157418
same_recording_split_halves,0.11256016,0.5877193,0.88157418
same_recording_split_halves,0.11271542,0.5877193,0.88157418
same_recording_split_halves,0.11287067,0.5877193,0.88157418
same_recording_split_halves,0.11302593,0.5877193,0.88157418
same_recording_split_halves,0.11318118,0.5877193,0.88157418
same_recording_split_halves,0.11333644,0.5877193,0.88157418
same_recording_split_halves,0.11349169,0.5877193,0.88157418
same_recording_split_halves,0.11364695,0.5877193,0.88157418
same_recording_split_halves,0.1138022,0.5877193,0.88157418
same_recording_split_halves,0.11395746,0.5877193,0.88157418
same_recording_split_halves,0.11411272,0.5877193,0.88157418
same_recording_split_halves,0.11426797,0.5877193,0.88157418
same_recording_split_halves,0.11442323,0.5877193,0.88157418
same_recording_split_halves,0.11457848,0.5877193,0.88157418
same_recording_split_halves,0.11473374,0.5877193,0.88157418
same_recording_split_halves,0.11488899,0.5877193,0.88157418
same_recording_split_halves,0.11504425,0.5877193,0.88157418
same_recording_split_halves,0.1151995,0.5877193,0.88157418
same_recording_split_halves,0.1151995,0.59649123,0.88157418
same_recording_split_halves,0.11535476,0.59649123,0.88157418
same_recording_split_halves,0.11551001,0.59649123,0.88157418
same_recording_split_halves,0.11566527,0.59649123,0.88157418
same_recording_split_halves,0.11582052,0.59649123,0.88157418
same_recording_split_halves,0.11597578,0.59649123,0.88157418
same_recording_split_halves,0.11613104,0.59649123,0.88157418
same_recording_split_halves,0.11628629,0.59649123,0.88157418
same_recording_split_halves,0.11644155,0.59649123,0.88157418
same_recording_split_halves,0.1165968,0.59649123,0.88157418
same_recording_split_halves,0.11675206,0.59649123,0.88157418
same_recording_split_halves,0.11690731,0.59649123,0.88157418
same_recording_split_halves,0.11706257,0.59649123,0.88157418
same_recording_split_halves,0.11721782,0.59649123,0.88157418
same_recording_split_halves,0.11721782,0.60526316,0.88157418
same_recording_split_halves,0.11737308,0.60526316,0.88157418
same_recording_split_halves,0.11737308,0.61403509,0.88157418
same_recording_split_halves,0.11752833,0.61403509,0.88157418
same_recording_split_halves,0.11768359,0.61403509,0.88157418
same_recording_split_halves,0.11783884,0.61403509,0.88157418
same_recording_split_halves,0.1179941,0.61403509,0.88157418
same_recording_split_halves,0.11814936,0.61403509,0.88157418
same_recording_split_halves,0.11830461,0.61403509,0.88157418
same_recording_split_halves,0.11830461,0.62280702,0.88157418
same_recording_split_halves,0.11845987,0.62280702,0.88157418
same_recording_split_halves,0.11861512,0.62280702,0.88157418
same_recording_split_halves,0.11877038,0.62280702,0.88157418
same_recording_split_halves,0.11892563,0.62280702,0.88157418
same_recording_split_halves,0.11908089,0.62280702,0.88157418
same_recording_split_halves,0.11923614,0.62280702,0.88157418
same_recording_split_halves,0.1193914,0.62280702,0.88157418
same_recording_split_halves,0.11954665,0.62280702,0.88157418
same_recording_split_halves,0.11970191,0.62280702,0.88157418
same_recording_split_halves,0.11985717,0.62280702,0.88157418
same_recording_split_halves,0.12001242,0.62280702,0.88157418
same_recording_split_halves,0.12016768,0.62280702,0.88157418
same_recording_split_halves,0.12016768,0.63157895,0.88157418
same_recording_split_halves,0.12032293,0.63157895,0.88157418
same_recording_split_halves,0.12047819,0.63157895,0.88157418
same_recording_split_halves,0.12063344,0.63157895,0.88157418
same_recording_split_halves,0.1207887,0.63157895,0.88157418
same_recording_split_halves,0.12094395,0.63157895,0.88157418
same_recording_split_halves,0.12109921,0.63157895,0.88157418
same_recording_split_halves,0.12125446,0.63157895,0.88157418
same_recording_split_halves,0.12140972,0.63157895,0.88157418
same_recording_split_halves,0.12156497,0.63157895,0.88157418
same_recording_split_halves,0.12172023,0.63157895,0.88157418
same_recording_split_halves,0.12187549,0.63157895,0.88157418
same_recording_split_halves,0.12203074,0.63157895,0.88157418
same_recording_split_halves,0.122186,0.63157895,0.88157418
same_recording_split_halves,0.12234125,0.63157895,0.88157418
same_recording_split_halves,0.12249651,0.63157895,0.88157418
same_recording_split_halves,0.12265176,0.63157895,0.88157418
same_recording_split_halves,0.12280702,0.63157895,0.88157418
same_recording_split_halves,0.12296227,0.63157895,0.88157418
same_recording_split_halves,0.12311753,0.63157895,0.88157418
same_recording_split_halves,0.12327278,0.63157895,0.88157418
same_recording_split_halves,0.12342804,0.63157895,0.88157418
same_recording_split_halves,0.12358329,0.63157895,0.88157418
same_recording_split_halves,0.12373855,0.63157895,0.88157418
same_recording_split_halves,0.12389381,0.63157895,0.88157418
same_recording_split_halves,0.12389381,0.64035088,0.88157418
same_recording_split_halves,0.12404906,0.64035088,0.88157418
same_recording_split_halves,0.12420432,0.64035088,0.88157418
same_recording_split_halves,0.12435957,0.64035088,0.88157418
same_recording_split_halves,0.12451483,0.64035088,0.88157418
same_recording_split_halves,0.12467008,0.64035088,0.88157418
same_recording_split_halves,0.12482534,0.64035088,0.88157418
same_recording_split_halves,0.12498059,0.64035088,0.88157418
same_recording_split_halves,0.12513585,0.64035088,0.88157418
same_recording_split_halves,0.1252911,0.64035088,0.88157418
same_recording_split_halves,0.12544636,0.64035088,0.88157418
same_recording_split_halves,0.12560161,0.64035088,0.88157418
same_recording_split_halves,0.12575687,0.64035088,0.88157418
same_recording_split_halves,0.12591213,0.64035088,0.88157418
same_recording_split_halves,0.12591213,0.64912281,0.88157418
same_recording_split_halves,0.12606738,0.64912281,0.88157418
same_recording_split_halves,0.12622264,0.64912281,0.88157418
same_recording_split_halves,0.12637789,0.64912281,0.88157418
same_recording_split_halves,0.12653315,0.64912281,0.88157418
same_recording_split_halves,0.1266884,0.64912281,0.88157418
same_recording_split_halves,0.12684366,0.64912281,0.88157418
same_recording_split_halves,0.12699891,0.64912281,0.88157418
same_recording_split_halves,0.12715417,0.64912281,0.88157418
same_recording_split_halves,0.12730942,0.64912281,0.88157418
same_recording_split_halves,0.12746468,0.64912281,0.88157418
same_recording_split_halves,0.12761993,0.64912281,0.88157418
same_recording_split_halves,0.12777519,0.64912281,0.88157418
same_recording_split_halves,0.12793045,0.64912281,0.88157418
same_recording_split_halves,0.1280857,0.64912281,0.88157418
same_recording_split_halves,0.12824096,0.64912281,0.88157418
same_recording_split_halves,0.12839621,0.64912281,0.88157418
same_recording_split_halves,0.12855147,0.64912281,0.88157418
same_recording_split_halves,0.12870672,0.64912281,0.88157418
same_recording_split_halves,0.12886198,0.64912281,0.88157418
same_recording_split_halves,0.12901723,0.64912281,0.88157418
same_recording_split_halves,0.12917249,0.64912281,0.88157418
same_recording_split_halves,0.12932774,0.64912281,0.88157418
same_recording_split_halves,0.129483,0.64912281,0.88157418
same_recording_split_halves,0.12963825,0.64912281,0.88157418
same_recording_split_halves,0.12979351,0.64912281,0.88157418
same_recording_split_halves,0.12994877,0.64912281,0.88157418
same_recording_split_halves,0.13010402,0.64912281,0.88157418
same_recording_split_halves,0.13025928,0.64912281,0.88157418
same_recording_split_halves,0.13041453,0.64912281,0.88157418
same_recording_split_halves,0.13056979,0.64912281,0.88157418
same_recording_split_halves,0.13072504,0.64912281,0.88157418
same_recording_split_halves,0.1308803,0.64912281,0.88157418
same_recording_split_halves,0.13103555,0.64912281,0.88157418
same_recording_split_halves,0.13119081,0.64912281,0.88157418
same_recording_split_halves,0.13119081,0.65789474,0.88157418
same_recording_split_halves,0.13134606,0.65789474,0.88157418
same_recording_split_halves,0.13150132,0.65789474,0.88157418
same_recording_split_halves,0.13165658,0.65789474,0.88157418
same_recording_split_halves,0.13181183,0.65789474,0.88157418
same_recording_split_halves,0.13196709,0.65789474,0.88157418
same_recording_split_halves,0.13212234,0.65789474,0.88157418
same_recording_split_halves,0.1322776,0.65789474,0.88157418
same_recording_split_halves,0.13243285,0.65789474,0.88157418
same_recording_split_halves,0.13258811,0.65789474,0.88157418
same_recording_split_halves,0.13274336,0.65789474,0.88157418
same_recording_split_halves,0.13289862,0.65789474,0.88157418
same_recording_split_halves,0.13305387,0.65789474,0.88157418
same_recording_split_halves,0.13305387,0.66666667,0.88157418
same_recording_split_halves,0.13320913,0.66666667,0.88157418
same_recording_split_halves,0.13336438,0.66666667,0.88157418
same_recording_split_halves,0.13351964,0.66666667,0.88157418
same_recording_split_halves,0.1336749,0.66666667,0.88157418
same_recording_split_halves,0.13383015,0.66666667,0.88157418
same_recording_split_halves,0.13398541,0.66666667,0.88157418
same_recording_split_halves,0.13414066,0.66666667,0.88157418
same_recording_split_halves,0.13429592,0.66666667,0.88157418
same_recording_split_halves,0.13445117,0.66666667,0.88157418
same_recording_split_halves,0.13460643,0.66666667,0.88157418
same_recording_split_halves,0.13476168,0.66666667,0.88157418
same_recording_split_halves,0.13491694,0.66666667,0.88157418
same_recording_split_halves,0.13507219,0.66666667,0.88157418
same_recording_split_halves,0.13522745,0.66666667,0.88157418
same_recording_split_halves,0.1353827,0.66666667,0.88157418
same_recording_split_halves,0.13553796,0.66666667,0.88157418
same_recording_split_halves,0.13569322,0.66666667,0.88157418
same_recording_split_halves,0.13584847,0.66666667,0.88157418
same_recording_split_halves,0.13600373,0.66666667,0.88157418
same_recording_split_halves,0.13615898,0.66666667,0.88157418
same_recording_split_halves,0.13631424,0.66666667,0.88157418
same_recording_split_halves,0.13646949,0.66666667,0.88157418
same_recording_split_halves,0.13662475,0.66666667,0.88157418
same_recording_split_halves,0.13678,0.66666667,0.88157418
same_recording_split_halves,0.13693526,0.66666667,0.88157418
same_recording_split_halves,0.13709051,0.66666667,0.88157418
same_recording_split_halves,0.13724577,0.66666667,0.88157418
same_recording_split_halves,0.13740102,0.66666667,0.88157418
same_recording_split_halves,0.13755628,0.66666667,0.88157418
same_recording_split_halves,0.13771154,0.66666667,0.88157418
same_recording_split_halves,0.13786679,0.66666667,0.88157418
same_recording_split_halves,0.13802205,0.66666667,0.88157418
same_recording_split_halves,0.1381773,0.66666667,0.88157418
same_recording_split_halves,0.13833256,0.66666667,0.88157418
same_recording_split_halves,0.13848781,0.66666667,0.88157418
same_recording_split_halves,0.13864307,0.66666667,0.88157418
same_recording_split_halves,0.13879832,0.66666667,0.88157418
same_recording_split_halves,0.13895358,0.66666667,0.88157418
same_recording_split_halves,0.13910883,0.66666667,0.88157418
same_recording_split_halves,0.13926409,0.66666667,0.88157418
same_recording_split_halves,0.13941934,0.66666667,0.88157418
same_recording_split_halves,0.1395746,0.66666667,0.88157418
same_recording_split_halves,0.13972986,0.66666667,0.88157418
same_recording_split_halves,0.13988511,0.66666667,0.88157418
same_recording_split_halves,0.14004037,0.66666667,0.88157418
same_recording_split_halves,0.14019562,0.66666667,0.88157418
same_recording_split_halves,0.14035088,0.66666667,0.88157418
same_recording_split_halves,0.14050613,0.66666667,0.88157418
same_recording_split_halves,0.14066139,0.66666667,0.88157418
same_recording_split_halves,0.14081664,0.66666667,0.88157418
same_recording_split_halves,0.1409719,0.66666667,0.88157418
same_recording_split_halves,0.14112715,0.66666667,0.88157418
same_recording_split_halves,0.14128241,0.66666667,0.88157418
same_recording_split_halves,0.14143766,0.66666667,0.88157418
same_recording_split_halves,0.14159292,0.66666667,0.88157418
same_recording_split_halves,0.14174818,0.66666667,0.88157418
same_recording_split_halves,0.14190343,0.66666667,0.88157418
same_recording_split_halves,0.14205869,0.66666667,0.88157418
same_recording_split_halves,0.14221394,0.66666667,0.88157418
same_recording_split_halves,0.1423692,0.66666667,0.88157418
same_recording_split_halves,0.14252445,0.66666667,0.88157418
same_recording_split_halves,0.14267971,0.66666667,0.88157418
same_recording_split_halves,0.14283496,0.66666667,0.88157418
same_recording_split_halves,0.14299022,0.66666667,0.88157418
same_recording_split_halves,0.14314547,0.66666667,0.88157418
same_recording_split_halves,0.14330073,0.66666667,0.88157418
same_recording_split_halves,0.14345599,0.66666667,0.88157418
same_recording_split_halves,0.14361124,0.66666667,0.88157418
same_recording_split_halves,0.1437665,0.66666667,0.88157418
same_recording_split_halves,0.14392175,0.66666667,0.88157418
same_recording_split_halves,0.14407701,0.66666667,0.88157418
same_recording_split_halves,0.14423226,0.66666667,0.88157418
same_recording_split_halves,0.14438752,0.66666667,0.88157418
same_recording_split_halves,0.14454277,0.66666667,0.88157418
same_recording_split_halves,0.14469803,0.66666667,0.88157418
same_recording_split_halves,0.14469803,0.6754386,0.88157418
same_recording_split_halves,0.14485328,0.6754386,0.88157418
same_recording_split_halves,0.14485328,0.68421053,0.88157418
same_recording_split_halves,0.14500854,0.68421053,0.88157418
same_recording_split_halves,0.14516379,0.68421053,0.88157418
same_recording_split_halves,0.14531905,0.68421053,0.88157418
same_recording_split_halves,0.14547431,0.68421053,0.88157418
same_recording_split_halves,0.14562956,0.68421053,0.88157418
same_recording_split_halves,0.14578482,0.68421053,0.88157418
same_recording_split_halves,0.14594007,0.68421053,0.88157418
same_recording_split_halves,0.14609533,0.68421053,0.88157418
same_recording_split_halves,0.14625058,0.68421053,0.88157418
same_recording_split_halves,0.14640584,0.68421053,0.88157418
same_recording_split_halves,0.14656109,0.68421053,0.88157418
same_recording_split_halves,0.14671635,0.68421053,0.88157418
same_recording_split_halves,0.1468716,0.68421053,0.88157418
same_recording_split_halves,0.14702686,0.68421053,0.88157418
same_recording_split_halves,0.14718211,0.68421053,0.88157418
same_recording_split_halves,0.14733737,0.68421053,0.88157418
same_recording_split_halves,0.14749263,0.68421053,0.88157418
same_recording_split_halves,0.14764788,0.68421053,0.88157418
same_recording_split_halves,0.14780314,0.68421053,0.88157418
same_recording_split_halves,0.14795839,0.68421053,0.88157418
same_recording_split_halves,0.14811365,0.68421053,0.88157418
same_recording_split_halves,0.1482689,0.68421053,0.88157418
same_recording_split_halves,0.14842416,0.68421053,0.88157418
same_recording_split_halves,0.14857941,0.68421053,0.88157418
same_recording_split_halves,0.14873467,0.68421053,0.88157418
same_recording_split_halves,0.14888992,0.68421053,0.88157418
same_recording_split_halves,0.14888992,0.69298246,0.88157418
same_recording_split_halves,0.14904518,0.69298246,0.88157418
same_recording_split_halves,0.14920043,0.69298246,0.88157418
same_recording_split_halves,0.14935569,0.69298246,0.88157418
same_recording_split_halves,0.14951095,0.69298246,0.88157418
same_recording_split_halves,0.1496662,0.69298246,0.88157418
same_recording_split_halves,0.14982146,0.69298246,0.88157418
same_recording_split_halves,0.14997671,0.69298246,0.88157418
same_recording_split_halves,0.15013197,0.69298246,0.88157418
same_recording_split_halves,0.15028722,0.69298246,0.88157418
same_recording_split_halves,0.15044248,0.69298246,0.88157418
same_recording_split_halves,0.15059773,0.69298246,0.88157418
same_recording_split_halves,0.15075299,0.69298246,0.88157418
same_recording_split_halves,0.15090824,0.69298246,0.88157418
same_recording_split_halves,0.1510635,0.69298246,0.88157418
same_recording_split_halves,0.15121875,0.69298246,0.88157418
same_recording_split_halves,0.15137401,0.69298246,0.88157418
same_recording_split_halves,0.15152927,0.69298246,0.88157418
same_recording_split_halves,0.15168452,0.69298246,0.88157418
same_recording_split_halves,0.15183978,0.69298246,0.88157418
same_recording_split_halves,0.15199503,0.69298246,0.88157418
same_recording_split_halves,0.15215029,0.69298246,0.88157418
same_recording_split_halves,0.15230554,0.69298246,0.88157418
same_recording_split_halves,0.1524608,0.69298246,0.88157418
same_recording_split_halves,0.15261605,0.69298246,0.88157418
same_recording_split_halves,0.15277131,0.69298246,0.88157418
same_recording_split_halves,0.15292656,0.69298246,0.88157418
same_recording_split_halves,0.15308182,0.69298246,0.88157418
same_recording_split_halves,0.15323707,0.69298246,0.88157418
same_recording_split_halves,0.15339233,0.69298246,0.88157418
same_recording_split_halves,0.15354759,0.69298246,0.88157418
same_recording_split_halves,0.15370284,0.69298246,0.88157418
same_recording_split_halves,0.1538581,0.69298246,0.88157418
same_recording_split_halves,0.15401335,0.69298246,0.88157418
same_recording_split_halves,0.15416861,0.69298246,0.88157418
same_recording_split_halves,0.15432386,0.69298246,0.88157418
same_recording_split_halves,0.15447912,0.69298246,0.88157418
same_recording_split_halves,0.15463437,0.69298246,0.88157418
same_recording_split_halves,0.15478963,0.69298246,0.88157418
same_recording_split_halves,0.15494488,0.69298246,0.88157418
same_recording_split_halves,0.15510014,0.69298246,0.88157418
same_recording_split_halves,0.1552554,0.69298246,0.88157418
same_recording_split_halves,0.15541065,0.69298246,0.88157418
same_recording_split_halves,0.15556591,0.69298246,0.88157418
same_recording_split_halves,0.15572116,0.69298246,0.88157418
same_recording_split_halves,0.15587642,0.69298246,0.88157418
same_recording_split_halves,0.15603167,0.69298246,0.88157418
same_recording_split_halves,0.15618693,0.69298246,0.88157418
same_recording_split_halves,0.15634218,0.69298246,0.88157418
same_recording_split_halves,0.15649744,0.69298246,0.88157418
same_recording_split_halves,0.15665269,0.69298246,0.88157418
same_recording_split_halves,0.15680795,0.69298246,0.88157418
same_recording_split_halves,0.1569632,0.69298246,0.88157418
same_recording_split_halves,0.15711846,0.69298246,0.88157418
same_recording_split_halves,0.15727372,0.69298246,0.88157418
same_recording_split_halves,0.15742897,0.69298246,0.88157418
same_recording_split_halves,0.15758423,0.69298246,0.88157418
same_recording_split_halves,0.15773948,0.69298246,0.88157418
same_recording_split_halves,0.15789474,0.69298246,0.88157418
same_recording_split_halves,0.15804999,0.69298246,0.88157418
same_recording_split_halves,0.15820525,0.69298246,0.88157418
same_recording_split_halves,0.1583605,0.69298246,0.88157418
same_recording_split_halves,0.15851576,0.69298246,0.88157418
same_recording_split_halves,0.15867101,0.69298246,0.88157418
same_recording_split_halves,0.15882627,0.69298246,0.88157418
same_recording_split_halves,0.15898152,0.69298246,0.88157418
same_recording_split_halves,0.15913678,0.69298246,0.88157418
same_recording_split_halves,0.15929204,0.69298246,0.88157418
same_recording_split_halves,0.15944729,0.69298246,0.88157418
same_recording_split_halves,0.15960255,0.69298246,0.88157418
same_recording_split_halves,0.1597578,0.69298246,0.88157418
same_recording_split_halves,0.15991306,0.69298246,0.88157418
same_recording_split_halves,0.16006831,0.69298246,0.88157418
same_recording_split_halves,0.16022357,0.69298246,0.88157418
same_recording_split_halves,0.16037882,0.69298246,0.88157418
same_recording_split_halves,0.16053408,0.69298246,0.88157418
same_recording_split_halves,0.16068933,0.69298246,0.88157418
same_recording_split_halves,0.16084459,0.69298246,0.88157418
same_recording_split_halves,0.16099984,0.69298246,0.88157418
same_recording_split_halves,0.1611551,0.69298246,0.88157418
same_recording_split_halves,0.16131036,0.69298246,0.88157418
same_recording_split_halves,0.16146561,0.69298246,0.88157418
same_recording_split_halves,0.16162087,0.69298246,0.88157418
same_recording_split_halves,0.16162087,0.70175439,0.88157418
same_recording_split_halves,0.16177612,0.70175439,0.88157418
same_recording_split_halves,0.16193138,0.70175439,0.88157418
same_recording_split_halves,0.16208663,0.70175439,0.88157418
same_recording_split_halves,0.16224189,0.70175439,0.88157418
same_recording_split_halves,0.16239714,0.70175439,0.88157418
same_recording_split_halves,0.1625524,0.70175439,0.88157418
same_recording_split_halves,0.16270765,0.70175439,0.88157418
same_recording_split_halves,0.16286291,0.70175439,0.88157418
same_recording_split_halves,0.16301816,0.70175439,0.88157418
same_recording_split_halves,0.16317342,0.70175439,0.88157418
same_recording_split_halves,0.16332868,0.70175439,0.88157418
same_recording_split_halves,0.16348393,0.70175439,0.88157418
same_recording_split_halves,0.16363919,0.70175439,0.88157418
same_recording_split_halves,0.16379444,0.70175439,0.88157418
same_recording_split_halves,0.1639497,0.70175439,0.88157418
same_recording_split_halves,0.16410495,0.70175439,0.88157418
same_recording_split_halves,0.16426021,0.70175439,0.88157418
same_recording_split_halves,0.16441546,0.70175439,0.88157418
same_recording_split_halves,0.16457072,0.70175439,0.88157418
same_recording_split_halves,0.16472597,0.70175439,0.88157418
same_recording_split_halves,0.16488123,0.70175439,0.88157418
same_recording_split_halves,0.16503649,0.70175439,0.88157418
same_recording_split_halves,0.16503649,0.71052632,0.88157418
same_recording_split_halves,0.16519174,0.71052632,0.88157418
same_recording_split_halves,0.165347,0.71052632,0.88157418
same_recording_split_halves,0.16550225,0.71052632,0.88157418
same_recording_split_halves,0.16565751,0.71052632,0.88157418
same_recording_split_halves,0.16581276,0.71052632,0.88157418
same_recording_split_halves,0.16596802,0.71052632,0.88157418
same_recording_split_halves,0.16612327,0.71052632,0.88157418
same_recording_split_halves,0.16627853,0.71052632,0.88157418
same_recording_split_halves,0.16643378,0.71052632,0.88157418
same_recording_split_halves,0.16658904,0.71052632,0.88157418
same_recording_split_halves,0.16674429,0.71052632,0.88157418
same_recording_split_halves,0.16689955,0.71052632,0.88157418
same_recording_split_halves,0.16705481,0.71052632,0.88157418
same_recording_split_halves,0.16721006,0.71052632,0.88157418
same_recording_split_halves,0.16736532,0.71052632,0.88157418
same_recording_split_halves,0.16752057,0.71052632,0.88157418
same_recording_split_halves,0.16767583,0.71052632,0.88157418
same_recording_split_halves,0.16783108,0.71052632,0.88157418
same_recording_split_halves,0.16798634,0.71052632,0.88157418
same_recording_split_halves,0.16814159,0.71052632,0.88157418
same_recording_split_halves,0.16829685,0.71052632,0.88157418
same_recording_split_halves,0.1684521,0.71052632,0.88157418
same_recording_split_halves,0.16860736,0.71052632,0.88157418
same_recording_split_halves,0.16876261,0.71052632,0.88157418
same_recording_split_halves,0.16891787,0.71052632,0.88157418
same_recording_split_halves,0.16907313,0.71052632,0.88157418
same_recording_split_halves,0.16922838,0.71052632,0.88157418
same_recording_split_halves,0.16938364,0.71052632,0.88157418
same_recording_split_halves,0.16953889,0.71052632,0.88157418
same_recording_split_halves,0.16969415,0.71052632,0.88157418
same_recording_split_halves,0.1698494,0.71052632,0.88157418
same_recording_split_halves,0.17000466,0.71052632,0.88157418
same_recording_split_halves,0.17015991,0.71052632,0.88157418
same_recording_split_halves,0.17031517,0.71052632,0.88157418
same_recording_split_halves,0.17047042,0.71052632,0.88157418
same_recording_split_halves,0.17062568,0.71052632,0.88157418
same_recording_split_halves,0.17078093,0.71052632,0.88157418
same_recording_split_halves,0.17093619,0.71052632,0.88157418
same_recording_split_halves,0.17109145,0.71052632,0.88157418
same_recording_split_halves,0.1712467,0.71052632,0.88157418
same_recording_split_halves,0.17140196,0.71052632,0.88157418
same_recording_split_halves,0.17155721,0.71052632,0.88157418
same_recording_split_halves,0.17171247,0.71052632,0.88157418
same_recording_split_halves,0.17186772,0.71052632,0.88157418
same_recording_split_halves,0.17202298,0.71052632,0.88157418
same_recording_split_halves,0.17217823,0.71052632,0.88157418
same_recording_split_halves,0.17233349,0.71052632,0.88157418
same_recording_split_halves,0.17248874,0.71052632,0.88157418
same_recording_split_halves,0.172644,0.71052632,0.88157418
same_recording_split_halves,0.17279925,0.71052632,0.88157418
same_recording_split_halves,0.17295451,0.71052632,0.88157418
same_recording_split_halves,0.17310977,0.71052632,0.88157418
same_recording_split_halves,0.17326502,0.71052632,0.88157418
same_recording_split_halves,0.17342028,0.71052632,0.88157418
same_recording_split_halves,0.17357553,0.71052632,0.88157418
same_recording_split_halves,0.17373079,0.71052632,0.88157418
same_recording_split_halves,0.17388604,0.71052632,0.88157418
same_recording_split_halves,0.1740413,0.71052632,0.88157418
same_recording_split_halves,0.17419655,0.71052632,0.88157418
same_recording_split_halves,0.17435181,0.71052632,0.88157418
same_recording_split_halves,0.17450706,0.71052632,0.88157418
same_recording_split_halves,0.17466232,0.71052632,0.88157418
same_recording_split_halves,0.17481757,0.71052632,0.88157418
same_recording_split_halves,0.17497283,0.71052632,0.88157418
same_recording_split_halves,0.17512809,0.71052632,0.88157418
same_recording_split_halves,0.17528334,0.71052632,0.88157418
same_recording_split_halves,0.1754386,0.71052632,0.88157418
same_recording_split_halves,0.17559385,0.71052632,0.88157418
same_recording_split_halves,0.17574911,0.71052632,0.88157418
same_recording_split_halves,0.17590436,0.71052632,0.88157418
same_recording_split_halves,0.17605962,0.71052632,0.88157418
same_recording_split_halves,0.17621487,0.71052632,0.88157418
same_recording_split_halves,0.17637013,0.71052632,0.88157418
same_recording_split_halves,0.17652538,0.71052632,0.88157418
same_recording_split_halves,0.17668064,0.71052632,0.88157418
same_recording_split_halves,0.1768359,0.71052632,0.88157418
same_recording_split_halves,0.17699115,0.71052632,0.88157418
same_recording_split_halves,0.17714641,0.71052632,0.88157418
same_recording_split_halves,0.17730166,0.71052632,0.88157418
same_recording_split_halves,0.17745692,0.71052632,0.88157418
same_recording_split_halves,0.17761217,0.71052632,0.88157418
same_recording_split_halves,0.17776743,0.71052632,0.88157418
same_recording_split_halves,0.17792268,0.71052632,0.88157418
same_recording_split_halves,0.17807794,0.71052632,0.88157418
same_recording_split_halves,0.17823319,0.71052632,0.88157418
same_recording_split_halves,0.17838845,0.71052632,0.88157418
same_recording_split_halves,0.1785437,0.71052632,0.88157418
same_recording_split_halves,0.17869896,0.71052632,0.88157418
same_recording_split_halves,0.17885422,0.71052632,0.88157418
same_recording_split_halves,0.17900947,0.71052632,0.88157418
same_recording_split_halves,0.17916473,0.71052632,0.88157418
same_recording_split_halves,0.17931998,0.71052632,0.88157418
same_recording_split_halves,0.17947524,0.71052632,0.88157418
same_recording_split_halves,0.17963049,0.71052632,0.88157418
same_recording_split_halves,0.17978575,0.71052632,0.88157418
same_recording_split_halves,0.179941,0.71052632,0.88157418
same_recording_split_halves,0.18009626,0.71052632,0.88157418
same_recording_split_halves,0.18025151,0.71052632,0.88157418
same_recording_split_halves,0.18040677,0.71052632,0.88157418
same_recording_split_halves,0.18040677,0.71929825,0.88157418
same_recording_split_halves,0.18056202,0.71929825,0.88157418
same_recording_split_halves,0.18071728,0.71929825,0.88157418
same_recording_split_halves,0.18087254,0.71929825,0.88157418
same_recording_split_halves,0.18102779,0.71929825,0.88157418
same_recording_split_halves,0.18118305,0.71929825,0.88157418
same_recording_split_halves,0.1813383,0.71929825,0.88157418
same_recording_split_halves,0.18149356,0.71929825,0.88157418
same_recording_split_halves,0.18164881,0.71929825,0.88157418
same_recording_split_halves,0.18180407,0.71929825,0.88157418
same_recording_split_halves,0.18195932,0.71929825,0.88157418
same_recording_split_halves,0.18211458,0.71929825,0.88157418
same_recording_split_halves,0.18226983,0.71929825,0.88157418
same_recording_split_halves,0.18242509,0.71929825,0.88157418
same_recording_split_halves,0.18258034,0.71929825,0.88157418
same_recording_split_halves,0.1827356,0.71929825,0.88157418
same_recording_split_halves,0.18289086,0.71929825,0.88157418
same_recording_split_halves,0.18304611,0.71929825,0.88157418
same_recording_split_halves,0.18320137,0.71929825,0.88157418
same_recording_split_halves,0.18335662,0.71929825,0.88157418
same_recording_split_halves,0.18351188,0.71929825,0.88157418
same_recording_split_halves,0.18366713,0.71929825,0.88157418
same_recording_split_halves,0.18382239,0.71929825,0.88157418
same_recording_split_halves,0.18397764,0.71929825,0.88157418
same_recording_split_halves,0.1841329,0.71929825,0.88157418
same_recording_split_halves,0.18428815,0.71929825,0.88157418
same_recording_split_halves,0.18444341,0.71929825,0.88157418
same_recording_split_halves,0.18444341,0.72807018,0.88157418
same_recording_split_halves,0.18459866,0.72807018,0.88157418
same_recording_split_halves,0.18475392,0.72807018,0.88157418
same_recording_split_halves,0.18490918,0.72807018,0.88157418
same_recording_split_halves,0.18506443,0.72807018,0.88157418
same_recording_split_halves,0.18521969,0.72807018,0.88157418
same_recording_split_halves,0.18537494,0.72807018,0.88157418
same_recording_split_halves,0.1855302,0.72807018,0.88157418
same_recording_split_halves,0.18568545,0.72807018,0.88157418
same_recording_split_halves,0.18584071,0.72807018,0.88157418
same_recording_split_halves,0.18599596,0.72807018,0.88157418
same_recording_split_halves,0.18615122,0.72807018,0.88157418
same_recording_split_halves,0.18630647,0.72807018,0.88157418
same_recording_split_halves,0.18646173,0.72807018,0.88157418
same_recording_split_halves,0.18661698,0.72807018,0.88157418
same_recording_split_halves,0.18677224,0.72807018,0.88157418
same_recording_split_halves,0.1869275,0.72807018,0.88157418
same_recording_split_halves,0.18708275,0.72807018,0.88157418
same_recording_split_halves,0.18723801,0.72807018,0.88157418
same_recording_split_halves,0.18739326,0.72807018,0.88157418
same_recording_split_halves,0.18754852,0.72807018,0.88157418
same_recording_split_halves,0.18770377,0.72807018,0.88157418
same_recording_split_halves,0.18785903,0.72807018,0.88157418
same_recording_split_halves,0.18801428,0.72807018,0.88157418
same_recording_split_halves,0.18816954,0.72807018,0.88157418
same_recording_split_halves,0.18832479,0.72807018,0.88157418
same_recording_split_halves,0.18848005,0.72807018,0.88157418
same_recording_split_halves,0.18863531,0.72807018,0.88157418
same_recording_split_halves,0.18879056,0.72807018,0.88157418
same_recording_split_halves,0.18894582,0.72807018,0.88157418
same_recording_split_halves,0.18910107,0.72807018,0.88157418
same_recording_split_halves,0.18925633,0.72807018,0.88157418
same_recording_split_halves,0.18941158,0.72807018,0.88157418
same_recording_split_halves,0.18956684,0.72807018,0.88157418
same_recording_split_halves,0.18972209,0.72807018,0.88157418
same_recording_split_halves,0.18987735,0.72807018,0.88157418
same_recording_split_halves,0.1900326,0.72807018,0.88157418
same_recording_split_halves,0.19018786,0.72807018,0.88157418
same_recording_split_halves,0.19018786,0.73684211,0.88157418
same_recording_split_halves,0.19034311,0.73684211,0.88157418
same_recording_split_halves,0.19049837,0.73684211,0.88157418
same_recording_split_halves,0.19065363,0.73684211,0.88157418
same_recording_split_halves,0.19080888,0.73684211,0.88157418
same_recording_split_halves,0.19096414,0.73684211,0.88157418
same_recording_split_halves,0.19111939,0.73684211,0.88157418
same_recording_split_halves,0.19127465,0.73684211,0.88157418
same_recording_split_halves,0.1914299,0.73684211,0.88157418
same_recording_split_halves,0.19158516,0.73684211,0.88157418
same_recording_split_halves,0.19158516,0.74561404,0.88157418
same_recording_split_halves,0.19174041,0.74561404,0.88157418
same_recording_split_halves,0.19189567,0.74561404,0.88157418
same_recording_split_halves,0.19205092,0.74561404,0.88157418
same_recording_split_halves,0.19220618,0.74561404,0.88157418
same_recording_split_halves,0.19236143,0.74561404,0.88157418
same_recording_split_halves,0.19251669,0.74561404,0.88157418
same_recording_split_halves,0.19267195,0.74561404,0.88157418
same_recording_split_halves,0.1928272,0.74561404,0.88157418
same_recording_split_halves,0.19298246,0.74561404,0.88157418
same_recording_split_halves,0.19313771,0.74561404,0.88157418
same_recording_split_halves,0.19329297,0.74561404,0.88157418
same_recording_split_halves,0.19344822,0.74561404,0.88157418
same_recording_split_halves,0.19360348,0.74561404,0.88157418
same_recording_split_halves,0.19375873,0.74561404,0.88157418
same_recording_split_halves,0.19391399,0.74561404,0.88157418
same_recording_split_halves,0.19406924,0.74561404,0.88157418
same_recording_split_halves,0.1942245,0.74561404,0.88157418
same_recording_split_halves,0.19437975,0.74561404,0.88157418
same_recording_split_halves,0.19453501,0.74561404,0.88157418
same_recording_split_halves,0.19469027,0.74561404,0.88157418
same_recording_split_halves,0.19484552,0.74561404,0.88157418
same_recording_split_halves,0.19500078,0.74561404,0.88157418
same_recording_split_halves,0.19515603,0.74561404,0.88157418
same_recording_split_halves,0.19531129,0.74561404,0.88157418
same_recording_split_halves,0.19546654,0.74561404,0.88157418
same_recording_split_halves,0.1956218,0.74561404,0.88157418
same_recording_split_halves,0.19577705,0.74561404,0.88157418
same_recording_split_halves,0.19593231,0.74561404,0.88157418
same_recording_split_halves,0.19608756,0.74561404,0.88157418
same_recording_split_halves,0.19624282,0.74561404,0.88157418
same_recording_split_halves,0.19639807,0.74561404,0.88157418
same_recording_split_halves,0.19655333,0.74561404,0.88157418
same_recording_split_halves,0.19670859,0.74561404,0.88157418
same_recording_split_halves,0.19686384,0.74561404,0.88157418
same_recording_split_halves,0.1970191,0.74561404,0.88157418
same_recording_split_halves,0.19717435,0.74561404,0.88157418
same_recording_split_halves,0.19732961,0.74561404,0.88157418
same_recording_split_halves,0.19748486,0.74561404,0.88157418
same_recording_split_halves,0.19764012,0.74561404,0.88157418
same_recording_split_halves,0.19764012,0.75438596,0.88157418
same_recording_split_halves,0.19779537,0.75438596,0.88157418
same_recording_split_halves,0.19795063,0.75438596,0.88157418
same_recording_split_halves,0.19810588,0.75438596,0.88157418
same_recording_split_halves,0.19826114,0.75438596,0.88157418
same_recording_split_halves,0.19841639,0.75438596,0.88157418
same_recording_split_halves,0.19857165,0.75438596,0.88157418
same_recording_split_halves,0.19872691,0.75438596,0.88157418
same_recording_split_halves,0.19888216,0.75438596,0.88157418
same_recording_split_halves,0.19903742,0.75438596,0.88157418
same_recording_split_halves,0.19919267,0.75438596,0.88157418
same_recording_split_halves,0.19934793,0.75438596,0.88157418
same_recording_split_halves,0.19950318,0.75438596,0.88157418
same_recording_split_halves,0.19965844,0.75438596,0.88157418
same_recording_split_halves,0.19981369,0.75438596,0.88157418
same_recording_split_halves,0.19996895,0.75438596,0.88157418
same_recording_split_halves,0.2001242,0.75438596,0.88157418
same_recording_split_halves,0.20027946,0.75438596,0.88157418
same_recording_split_halves,0.20043472,0.75438596,0.88157418
same_recording_split_halves,0.20058997,0.75438596,0.88157418
same_recording_split_halves,0.20074523,0.75438596,0.88157418
same_recording_split_halves,0.20090048,0.75438596,0.88157418
same_recording_split_halves,0.20105574,0.75438596,0.88157418
same_recording_split_halves,0.20121099,0.75438596,0.88157418
same_recording_split_halves,0.20136625,0.75438596,0.88157418
same_recording_split_halves,0.2015215,0.75438596,0.88157418
same_recording_split_halves,0.20167676,0.75438596,0.88157418
same_recording_split_halves,0.20183201,0.75438596,0.88157418
same_recording_split_halves,0.20198727,0.75438596,0.88157418
same_recording_split_halves,0.20214252,0.75438596,0.88157418
same_recording_split_halves,0.20229778,0.75438596,0.88157418
same_recording_split_halves,0.20229778,0.76315789,0.88157418
same_recording_split_halves,0.20245304,0.76315789,0.88157418
same_recording_split_halves,0.20260829,0.76315789,0.88157418
same_recording_split_halves,0.20276355,0.76315789,0.88157418
same_recording_split_halves,0.2029188,0.76315789,0.88157418
same_recording_split_halves,0.20307406,0.76315789,0.88157418
same_recording_split_halves,0.20322931,0.76315789,0.88157418
same_recording_split_halves,0.20338457,0.76315789,0.88157418
same_recording_split_halves,0.20353982,0.76315789,0.88157418
same_recording_split_halves,0.20369508,0.76315789,0.88157418
same_recording_split_halves,0.20385033,0.76315789,0.88157418
same_recording_split_halves,0.20400559,0.76315789,0.88157418
same_recording_split_halves,0.20416084,0.76315789,0.88157418
same_recording_split_halves,0.2043161,0.76315789,0.88157418
same_recording_split_halves,0.20447136,0.76315789,0.88157418
same_recording_split_halves,0.20462661,0.76315789,0.88157418
same_recording_split_halves,0.20478187,0.76315789,0.88157418
same_recording_split_halves,0.20493712,0.76315789,0.88157418
same_recording_split_halves,0.20509238,0.76315789,0.88157418
same_recording_split_halves,0.20524763,0.76315789,0.88157418
same_recording_split_halves,0.20524763,0.77192982,0.88157418
same_recording_split_halves,0.20540289,0.77192982,0.88157418
same_recording_split_halves,0.20555814,0.77192982,0.88157418
same_recording_split_halves,0.2057134,0.77192982,0.88157418
same_recording_split_halves,0.20586865,0.77192982,0.88157418
same_recording_split_halves,0.20602391,0.77192982,0.88157418
same_recording_split_halves,0.20602391,0.78070175,0.88157418
same_recording_split_halves,0.20617916,0.78070175,0.88157418
same_recording_split_halves,0.20633442,0.78070175,0.88157418
same_recording_split_halves,0.20648968,0.78070175,0.88157418
same_recording_split_halves,0.20664493,0.78070175,0.88157418
same_recording_split_halves,0.20680019,0.78070175,0.88157418
same_recording_split_halves,0.20695544,0.78070175,0.88157418
same_recording_split_halves,0.2071107,0.78070175,0.88157418
same_recording_split_halves,0.20726595,0.78070175,0.88157418
same_recording_split_halves,0.20742121,0.78070175,0.88157418
same_recording_split_halves,0.20757646,0.78070175,0.88157418
same_recording_split_halves,0.20773172,0.78070175,0.88157418
same_recording_split_halves,0.20788697,0.78070175,0.88157418
same_recording_split_halves,0.20804223,0.78070175,0.88157418
same_recording_split_halves,0.20819748,0.78070175,0.88157418
same_recording_split_halves,0.20835274,0.78070175,0.88157418
same_recording_split_halves,0.208508,0.78070175,0.88157418
same_recording_split_halves,0.20866325,0.78070175,0.88157418
same_recording_split_halves,0.20881851,0.78070175,0.88157418
same_recording_split_halves,0.20897376,0.78070175,0.88157418
same_recording_split_halves,0.20912902,0.78070175,0.88157418
same_recording_split_halves,0.20928427,0.78070175,0.88157418
same_recording_split_halves,0.20943953,0.78070175,0.88157418
same_recording_split_halves,0.20959478,0.78070175,0.88157418
same_recording_split_halves,0.20975004,0.78070175,0.88157418
same_recording_split_halves,0.20990529,0.78070175,0.88157418
same_recording_split_halves,0.21006055,0.78070175,0.88157418
same_recording_split_halves,0.2102158,0.78070175,0.88157418
same_recording_split_halves,0.21037106,0.78070175,0.88157418
same_recording_split_halves,0.21052632,0.78070175,0.88157418
same_recording_split_halves,0.21068157,0.78070175,0.88157418
same_recording_split_halves,0.21083683,0.78070175,0.88157418
same_recording_split_halves,0.21099208,0.78070175,0.88157418
same_recording_split_halves,0.21114734,0.78070175,0.88157418
same_recording_split_halves,0.21130259,0.78070175,0.88157418
same_recording_split_halves,0.21145785,0.78070175,0.88157418
same_recording_split_halves,0.2116131,0.78070175,0.88157418
same_recording_split_halves,0.21176836,0.78070175,0.88157418
same_recording_split_halves,0.21192361,0.78070175,0.88157418
same_recording_split_halves,0.21207887,0.78070175,0.88157418
same_recording_split_halves,0.21223413,0.78070175,0.88157418
same_recording_split_halves,0.21238938,0.78070175,0.88157418
same_recording_split_halves,0.21254464,0.78070175,0.88157418
same_recording_split_halves,0.21269989,0.78070175,0.88157418
same_recording_split_halves,0.21285515,0.78070175,0.88157418
same_recording_split_halves,0.2130104,0.78070175,0.88157418
same_recording_split_halves,0.21316566,0.78070175,0.88157418
same_recording_split_halves,0.21332091,0.78070175,0.88157418
same_recording_split_halves,0.21347617,0.78070175,0.88157418
same_recording_split_halves,0.21363142,0.78070175,0.88157418
same_recording_split_halves,0.21378668,0.78070175,0.88157418
same_recording_split_halves,0.21394193,0.78070175,0.88157418
same_recording_split_halves,0.21409719,0.78070175,0.88157418
same_recording_split_halves,0.21425245,0.78070175,0.88157418
same_recording_split_halves,0.2144077,0.78070175,0.88157418
same_recording_split_halves,0.21456296,0.78070175,0.88157418
same_recording_split_halves,0.21471821,0.78070175,0.88157418
same_recording_split_halves,0.21487347,0.78070175,0.88157418
same_recording_split_halves,0.21502872,0.78070175,0.88157418
same_recording_split_halves,0.21518398,0.78070175,0.88157418
same_recording_split_halves,0.21533923,0.78070175,0.88157418
same_recording_split_halves,0.21549449,0.78070175,0.88157418
same_recording_split_halves,0.21564974,0.78070175,0.88157418
same_recording_split_halves,0.215805,0.78070175,0.88157418
same_recording_split_halves,0.21596025,0.78070175,0.88157418
same_recording_split_halves,0.21611551,0.78070175,0.88157418
same_recording_split_halves,0.21627077,0.78070175,0.88157418
same_recording_split_halves,0.21642602,0.78070175,0.88157418
same_recording_split_halves,0.21658128,0.78070175,0.88157418
same_recording_split_halves,0.21673653,0.78070175,0.88157418
same_recording_split_halves,0.21673653,0.78947368,0.88157418
same_recording_split_halves,0.21689179,0.78947368,0.88157418
same_recording_split_halves,0.21704704,0.78947368,0.88157418
same_recording_split_halves,0.2172023,0.78947368,0.88157418
same_recording_split_halves,0.21735755,0.78947368,0.88157418
same_recording_split_halves,0.21751281,0.78947368,0.88157418
same_recording_split_halves,0.21766806,0.78947368,0.88157418
same_recording_split_halves,0.21782332,0.78947368,0.88157418
same_recording_split_halves,0.21797857,0.78947368,0.88157418
same_recording_split_halves,0.21813383,0.78947368,0.88157418
same_recording_split_halves,0.21828909,0.78947368,0.88157418
same_recording_split_halves,0.21844434,0.78947368,0.88157418
same_recording_split_halves,0.2185996,0.78947368,0.88157418
same_recording_split_halves,0.21875485,0.78947368,0.88157418
same_recording_split_halves,0.21891011,0.78947368,0.88157418
same_recording_split_halves,0.21906536,0.78947368,0.88157418
same_recording_split_halves,0.21922062,0.78947368,0.88157418
same_recording_split_halves,0.21937587,0.78947368,0.88157418
same_recording_split_halves,0.21953113,0.78947368,0.88157418
same_recording_split_halves,0.21968638,0.78947368,0.88157418
same_recording_split_halves,0.21984164,0.78947368,0.88157418
same_recording_split_halves,0.21999689,0.78947368,0.88157418
same_recording_split_halves,0.22015215,0.78947368,0.88157418
same_recording_split_halves,0.22030741,0.78947368,0.88157418
same_recording_split_halves,0.22046266,0.78947368,0.88157418
same_recording_split_halves,0.22061792,0.78947368,0.88157418
same_recording_split_halves,0.22077317,0.78947368,0.88157418
same_recording_split_halves,0.22092843,0.78947368,0.88157418
same_recording_split_halves,0.22108368,0.78947368,0.88157418
same_recording_split_halves,0.22123894,0.78947368,0.88157418
same_recording_split_halves,0.22139419,0.78947368,0.88157418
same_recording_split_halves,0.22154945,0.78947368,0.88157418
same_recording_split_halves,0.2217047,0.78947368,0.88157418
same_recording_split_halves,0.22185996,0.78947368,0.88157418
same_recording_split_halves,0.22201522,0.78947368,0.88157418
same_recording_split_halves,0.22217047,0.78947368,0.88157418
same_recording_split_halves,0.22232573,0.78947368,0.88157418
same_recording_split_halves,0.22248098,0.78947368,0.88157418
same_recording_split_halves,0.22263624,0.78947368,0.88157418
same_recording_split_halves,0.22279149,0.78947368,0.88157418
same_recording_split_halves,0.22294675,0.78947368,0.88157418
same_recording_split_halves,0.223102,0.78947368,0.88157418
same_recording_split_halves,0.22325726,0.78947368,0.88157418
same_recording_split_halves,0.22341251,0.78947368,0.88157418
same_recording_split_halves,0.22356777,0.78947368,0.88157418
same_recording_split_halves,0.22356777,0.79824561,0.88157418
same_recording_split_halves,0.22372302,0.79824561,0.88157418
same_recording_split_halves,0.22387828,0.79824561,0.88157418
same_recording_split_halves,0.22403354,0.79824561,0.88157418
same_recording_split_halves,0.22418879,0.79824561,0.88157418
same_recording_split_halves,0.22434405,0.79824561,0.88157418
same_recording_split_halves,0.2244993,0.79824561,0.88157418
same_recording_split_halves,0.22465456,0.79824561,0.88157418
same_recording_split_halves,0.22480981,0.79824561,0.88157418
same_recording_split_halves,0.22496507,0.79824561,0.88157418
same_recording_split_halves,0.22512032,0.79824561,0.88157418
same_recording_split_halves,0.22527558,0.79824561,0.88157418
same_recording_split_halves,0.22543083,0.79824561,0.88157418
same_recording_split_halves,0.22558609,0.79824561,0.88157418
same_recording_split_halves,0.22574134,0.79824561,0.88157418
same_recording_split_halves,0.2258966,0.79824561,0.88157418
same_recording_split_halves,0.22605186,0.79824561,0.88157418
same_recording_split_halves,0.22620711,0.79824561,0.88157418
same_recording_split_halves,0.22636237,0.79824561,0.88157418
same_recording_split_halves,0.22651762,0.79824561,0.88157418
same_recording_split_halves,0.22667288,0.79824561,0.88157418
same_recording_split_halves,0.22682813,0.79824561,0.88157418
same_recording_split_halves,0.22698339,0.79824561,0.88157418
same_recording_split_halves,0.22713864,0.79824561,0.88157418
same_recording_split_halves,0.2272939,0.79824561,0.88157418
same_recording_split_halves,0.22744915,0.79824561,0.88157418
same_recording_split_halves,0.22760441,0.79824561,0.88157418
same_recording_split_halves,0.22775966,0.79824561,0.88157418
same_recording_split_halves,0.22791492,0.79824561,0.88157418
same_recording_split_halves,0.22807018,0.79824561,0.88157418
same_recording_split_halves,0.22822543,0.79824561,0.88157418
same_recording_split_halves,0.22838069,0.79824561,0.88157418
same_recording_split_halves,0.22853594,0.79824561,0.88157418
same_recording_split_halves,0.2286912,0.79824561,0.88157418
same_recording_split_halves,0.22884645,0.79824561,0.88157418
same_recording_split_halves,0.22900171,0.79824561,0.88157418
same_recording_split_halves,0.22915696,0.79824561,0.88157418
same_recording_split_halves,0.22931222,0.79824561,0.88157418
same_recording_split_halves,0.22946747,0.79824561,0.88157418
same_recording_split_halves,0.22962273,0.79824561,0.88157418
same_recording_split_halves,0.22977798,0.79824561,0.88157418
same_recording_split_halves,0.22993324,0.79824561,0.88157418
same_recording_split_halves,0.2300885,0.79824561,0.88157418
same_recording_split_halves,0.23024375,0.79824561,0.88157418
same_recording_split_halves,0.23039901,0.79824561,0.88157418
same_recording_split_halves,0.23055426,0.79824561,0.88157418
same_recording_split_halves,0.23070952,0.79824561,0.88157418
same_recording_split_halves,0.23086477,0.79824561,0.88157418
same_recording_split_halves,0.23102003,0.79824561,0.88157418
same_recording_split_halves,0.23117528,0.79824561,0.88157418
same_recording_split_halves,0.23133054,0.79824561,0.88157418
same_recording_split_halves,0.23148579,0.79824561,0.88157418
same_recording_split_halves,0.23164105,0.79824561,0.88157418
same_recording_split_halves,0.2317963,0.79824561,0.88157418
same_recording_split_halves,0.23195156,0.79824561,0.88157418
same_recording_split_halves,0.23210682,0.79824561,0.88157418
same_recording_split_halves,0.23226207,0.79824561,0.88157418
same_recording_split_halves,0.23241733,0.79824561,0.88157418
same_recording_split_halves,0.23257258,0.79824561,0.88157418
same_recording_split_halves,0.23272784,0.79824561,0.88157418
same_recording_split_halves,0.23288309,0.79824561,0.88157418
same_recording_split_halves,0.23303835,0.79824561,0.88157418
same_recording_split_halves,0.2331936,0.79824561,0.88157418
same_recording_split_halves,0.2331936,0.80701754,0.88157418
same_recording_split_halves,0.23334886,0.80701754,0.88157418
same_recording_split_halves,0.23350411,0.80701754,0.88157418
same_recording_split_halves,0.23365937,0.80701754,0.88157418
same_recording_split_halves,0.23381463,0.80701754,0.88157418
same_recording_split_halves,0.23396988,0.80701754,0.88157418
same_recording_split_halves,0.23412514,0.80701754,0.88157418
same_recording_split_halves,0.23428039,0.80701754,0.88157418
same_recording_split_halves,0.23443565,0.80701754,0.88157418
same_recording_split_halves,0.2345909,0.80701754,0.88157418
same_recording_split_halves,0.23474616,0.80701754,0.88157418
same_recording_split_halves,0.23490141,0.80701754,0.88157418
same_recording_split_halves,0.23505667,0.80701754,0.88157418
same_recording_split_halves,0.23521192,0.80701754,0.88157418
same_recording_split_halves,0.23536718,0.80701754,0.88157418
same_recording_split_halves,0.23552243,0.80701754,0.88157418
same_recording_split_halves,0.23567769,0.80701754,0.88157418
same_recording_split_halves,0.23583295,0.80701754,0.88157418
same_recording_split_halves,0.2359882,0.80701754,0.88157418
same_recording_split_halves,0.23614346,0.80701754,0.88157418
same_recording_split_halves,0.23629871,0.80701754,0.88157418
same_recording_split_halves,0.23645397,0.80701754,0.88157418
same_recording_split_halves,0.23660922,0.80701754,0.88157418
same_recording_split_halves,0.23676448,0.80701754,0.88157418
same_recording_split_halves,0.23691973,0.80701754,0.88157418
same_recording_split_halves,0.23707499,0.80701754,0.88157418
same_recording_split_halves,0.23723024,0.80701754,0.88157418
same_recording_split_halves,0.2373855,0.80701754,0.88157418
same_recording_split_halves,0.23754075,0.80701754,0.88157418
same_recording_split_halves,0.23769601,0.80701754,0.88157418
same_recording_split_halves,0.23785127,0.80701754,0.88157418
same_recording_split_halves,0.23800652,0.80701754,0.88157418
same_recording_split_halves,0.23816178,0.80701754,0.88157418
same_recording_split_halves,0.23831703,0.80701754,0.88157418
same_recording_split_halves,0.23847229,0.80701754,0.88157418
same_recording_split_halves,0.23862754,0.80701754,0.88157418
same_recording_split_halves,0.2387828,0.80701754,0.88157418
same_recording_split_halves,0.23893805,0.80701754,0.88157418
same_recording_split_halves,0.23909331,0.80701754,0.88157418
same_recording_split_halves,0.23924856,0.80701754,0.88157418
same_recording_split_halves,0.23940382,0.80701754,0.88157418
same_recording_split_halves,0.23955907,0.80701754,0.88157418
same_recording_split_halves,0.23971433,0.80701754,0.88157418
same_recording_split_halves,0.23986959,0.80701754,0.88157418
same_recording_split_halves,0.24002484,0.80701754,0.88157418
same_recording_split_halves,0.2401801,0.80701754,0.88157418
same_recording_split_halves,0.24033535,0.80701754,0.88157418
same_recording_split_halves,0.24033535,0.81578947,0.88157418
same_recording_split_halves,0.24049061,0.81578947,0.88157418
same_recording_split_halves,0.24064586,0.81578947,0.88157418
same_recording_split_halves,0.24080112,0.81578947,0.88157418
same_recording_split_halves,0.24095637,0.81578947,0.88157418
same_recording_split_halves,0.24111163,0.81578947,0.88157418
same_recording_split_halves,0.24126688,0.81578947,0.88157418
same_recording_split_halves,0.24142214,0.81578947,0.88157418
same_recording_split_halves,0.24157739,0.81578947,0.88157418
same_recording_split_halves,0.24173265,0.81578947,0.88157418
same_recording_split_halves,0.24188791,0.81578947,0.88157418
same_recording_split_halves,0.24204316,0.81578947,0.88157418
same_recording_split_halves,0.24219842,0.81578947,0.88157418
same_recording_split_halves,0.24235367,0.81578947,0.88157418
same_recording_split_halves,0.24250893,0.81578947,0.88157418
same_recording_split_halves,0.24266418,0.81578947,0.88157418
same_recording_split_halves,0.24281944,0.81578947,0.88157418
same_recording_split_halves,0.24297469,0.81578947,0.88157418
same_recording_split_halves,0.24312995,0.81578947,0.88157418
same_recording_split_halves,0.2432852,0.81578947,0.88157418
same_recording_split_halves,0.24344046,0.81578947,0.88157418
same_recording_split_halves,0.24359571,0.81578947,0.88157418
same_recording_split_halves,0.24375097,0.81578947,0.88157418
same_recording_split_halves,0.24390623,0.81578947,0.88157418
same_recording_split_halves,0.24406148,0.81578947,0.88157418
same_recording_split_halves,0.24421674,0.81578947,0.88157418
same_recording_split_halves,0.24437199,0.81578947,0.88157418
same_recording_split_halves,0.24452725,0.81578947,0.88157418
same_recording_split_halves,0.2446825,0.81578947,0.88157418
same_recording_split_halves,0.24483776,0.81578947,0.88157418
same_recording_split_halves,0.24499301,0.81578947,0.88157418
same_recording_split_halves,0.24514827,0.81578947,0.88157418
same_recording_split_halves,0.24530352,0.81578947,0.88157418
same_recording_split_halves,0.24545878,0.81578947,0.88157418
same_recording_split_halves,0.24561404,0.81578947,0.88157418
same_recording_split_halves,0.24576929,0.81578947,0.88157418
same_recording_split_halves,0.24592455,0.81578947,0.88157418
same_recording_split_halves,0.2460798,0.81578947,0.88157418
same_recording_split_halves,0.24623506,0.81578947,0.88157418
same_recording_split_halves,0.24639031,0.81578947,0.88157418
same_recording_split_halves,0.24654557,0.81578947,0.88157418
same_recording_split_halves,0.24670082,0.81578947,0.88157418
same_recording_split_halves,0.24685608,0.81578947,0.88157418
same_recording_split_halves,0.24701133,0.81578947,0.88157418
same_recording_split_halves,0.24716659,0.81578947,0.88157418
same_recording_split_halves,0.24732184,0.81578947,0.88157418
same_recording_split_halves,0.2474771,0.81578947,0.88157418
same_recording_split_halves,0.24763236,0.81578947,0.88157418
same_recording_split_halves,0.24778761,0.81578947,0.88157418
same_recording_split_halves,0.24794287,0.81578947,0.88157418
same_recording_split_halves,0.24809812,0.81578947,0.88157418
same_recording_split_halves,0.24825338,0.81578947,0.88157418
same_recording_split_halves,0.24840863,0.81578947,0.88157418
same_recording_split_halves,0.24856389,0.81578947,0.88157418
same_recording_split_halves,0.24871914,0.81578947,0.88157418
same_recording_split_halves,0.2488744,0.81578947,0.88157418
same_recording_split_halves,0.24902965,0.81578947,0.88157418
same_recording_split_halves,0.24918491,0.81578947,0.88157418
same_recording_split_halves,0.24934016,0.81578947,0.88157418
same_recording_split_halves,0.24949542,0.81578947,0.88157418
same_recording_split_halves,0.24965068,0.81578947,0.88157418
same_recording_split_halves,0.24980593,0.81578947,0.88157418
same_recording_split_halves,0.24996119,0.81578947,0.88157418
same_recording_split_halves,0.25011644,0.81578947,0.88157418
same_recording_split_halves,0.2502717,0.81578947,0.88157418
same_recording_split_halves,0.25042695,0.81578947,0.88157418
same_recording_split_halves,0.25042695,0.8245614,0.88157418
same_recording_split_halves,0.25058221,0.8245614,0.88157418
same_recording_split_halves,0.25073746,0.8245614,0.88157418
same_recording_split_halves,0.25089272,0.8245614,0.88157418
same_recording_split_halves,0.25104797,0.8245614,0.88157418
same_recording_split_halves,0.25120323,0.8245614,0.88157418
same_recording_split_halves,0.25135848,0.8245614,0.88157418
same_recording_split_halves,0.25151374,0.8245614,0.88157418
same_recording_split_halves,0.251669,0.8245614,0.88157418
same_recording_split_halves,0.25182425,0.8245614,0.88157418
same_recording_split_halves,0.25197951,0.8245614,0.88157418
same_recording_split_halves,0.25213476,0.8245614,0.88157418
same_recording_split_halves,0.25229002,0.8245614,0.88157418
same_recording_split_halves,0.25244527,0.8245614,0.88157418
same_recording_split_halves,0.25260053,0.8245614,0.88157418
same_recording_split_halves,0.25275578,0.8245614,0.88157418
same_recording_split_halves,0.25291104,0.8245614,0.88157418
same_recording_split_halves,0.25306629,0.8245614,0.88157418
same_recording_split_halves,0.25322155,0.8245614,0.88157418
same_recording_split_halves,0.2533768,0.8245614,0.88157418
same_recording_split_halves,0.25353206,0.8245614,0.88157418
same_recording_split_halves,0.25368732,0.8245614,0.88157418
same_recording_split_halves,0.25384257,0.8245614,0.88157418
same_recording_split_halves,0.25399783,0.8245614,0.88157418
same_recording_split_halves,0.25415308,0.8245614,0.88157418
same_recording_split_halves,0.25430834,0.8245614,0.88157418
same_recording_split_halves,0.25446359,0.8245614,0.88157418
same_recording_split_halves,0.25461885,0.8245614,0.88157418
same_recording_split_halves,0.2547741,0.8245614,0.88157418
same_recording_split_halves,0.25492936,0.8245614,0.88157418
same_recording_split_halves,0.25508461,0.8245614,0.88157418
same_recording_split_halves,0.25523987,0.8245614,0.88157418
same_recording_split_halves,0.25539512,0.8245614,0.88157418
same_recording_split_halves,0.25555038,0.8245614,0.88157418
same_recording_split_halves,0.25570564,0.8245614,0.88157418
same_recording_split_halves,0.25586089,0.8245614,0.88157418
same_recording_split_halves,0.25601615,0.8245614,0.88157418
same_recording_split_halves,0.2561714,0.8245614,0.88157418
same_recording_split_halves,0.25632666,0.8245614,0.88157418
same_recording_split_halves,0.25648191,0.8245614,0.88157418
same_recording_split_halves,0.25663717,0.8245614,0.88157418
same_recording_split_halves,0.25679242,0.8245614,0.88157418
same_recording_split_halves,0.25694768,0.8245614,0.88157418
same_recording_split_halves,0.25710293,0.8245614,0.88157418
same_recording_split_halves,0.25725819,0.8245614,0.88157418
same_recording_split_halves,0.25741345,0.8245614,0.88157418
same_recording_split_halves,0.2575687,0.8245614,0.88157418
same_recording_split_halves,0.25772396,0.8245614,0.88157418
same_recording_split_halves,0.25787921,0.8245614,0.88157418
same_recording_split_halves,0.25803447,0.8245614,0.88157418
same_recording_split_halves,0.25818972,0.8245614,0.88157418
same_recording_split_halves,0.25834498,0.8245614,0.88157418
same_recording_split_halves,0.25850023,0.8245614,0.88157418
same_recording_split_halves,0.25865549,0.8245614,0.88157418
same_recording_split_halves,0.25881074,0.8245614,0.88157418
same_recording_split_halves,0.258966,0.8245614,0.88157418
same_recording_split_halves,0.25912125,0.8245614,0.88157418
same_recording_split_halves,0.25927651,0.8245614,0.88157418
same_recording_split_halves,0.25943177,0.8245614,0.88157418
same_recording_split_halves,0.25958702,0.8245614,0.88157418
same_recording_split_halves,0.25974228,0.8245614,0.88157418
same_recording_split_halves,0.25989753,0.8245614,0.88157418
same_recording_split_halves,0.25989753,0.83333333,0.88157418
same_recording_split_halves,0.26005279,0.83333333,0.88157418
same_recording_split_halves,0.26005279,0.84210526,0.88157418
same_recording_split_halves,0.26020804,0.84210526,0.88157418
same_recording_split_halves,0.2603633,0.84210526,0.88157418
same_recording_split_halves,0.26051855,0.84210526,0.88157418
same_recording_split_halves,0.26067381,0.84210526,0.88157418
same_recording_split_halves,0.26082906,0.84210526,0.88157418
same_recording_split_halves,0.26098432,0.84210526,0.88157418
same_recording_split_halves,0.26113957,0.84210526,0.88157418
same_recording_split_halves,0.26129483,0.84210526,0.88157418
same_recording_split_halves,0.26145009,0.84210526,0.88157418
same_recording_split_halves,0.26160534,0.84210526,0.88157418
same_recording_split_halves,0.26160534,0.85087719,0.88157418
same_recording_split_halves,0.2617606,0.85087719,0.88157418
same_recording_split_halves,0.26191585,0.85087719,0.88157418
same_recording_split_halves,0.26207111,0.85087719,0.88157418
same_recording_split_halves,0.26222636,0.85087719,0.88157418
same_recording_split_halves,0.26238162,0.85087719,0.88157418
same_recording_split_halves,0.26253687,0.85087719,0.88157418
same_recording_split_halves,0.26269213,0.85087719,0.88157418
same_recording_split_halves,0.26284738,0.85087719,0.88157418
same_recording_split_halves,0.26300264,0.85087719,0.88157418
same_recording_split_halves,0.26315789,0.85087719,0.88157418
same_recording_split_halves,0.26331315,0.85087719,0.88157418
same_recording_split_halves,0.26346841,0.85087719,0.88157418
same_recording_split_halves,0.26362366,0.85087719,0.88157418
same_recording_split_halves,0.26377892,0.85087719,0.88157418
same_recording_split_halves,0.26393417,0.85087719,0.88157418
same_recording_split_halves,0.26408943,0.85087719,0.88157418
same_recording_split_halves,0.26424468,0.85087719,0.88157418
same_recording_split_halves,0.26439994,0.85087719,0.88157418
same_recording_split_halves,0.26455519,0.85087719,0.88157418
same_recording_split_halves,0.26471045,0.85087719,0.88157418
same_recording_split_halves,0.2648657,0.85087719,0.88157418
same_recording_split_halves,0.26502096,0.85087719,0.88157418
same_recording_split_halves,0.26517621,0.85087719,0.88157418
same_recording_split_halves,0.26533147,0.85087719,0.88157418
same_recording_split_halves,0.26548673,0.85087719,0.88157418
same_recording_split_halves,0.26564198,0.85087719,0.88157418
same_recording_split_halves,0.26579724,0.85087719,0.88157418
same_recording_split_halves,0.26595249,0.85087719,0.88157418
same_recording_split_halves,0.26610775,0.85087719,0.88157418
same_recording_split_halves,0.266263,0.85087719,0.88157418
same_recording_split_halves,0.26641826,0.85087719,0.88157418
same_recording_split_halves,0.26657351,0.85087719,0.88157418
same_recording_split_halves,0.26672877,0.85087719,0.88157418
same_recording_split_halves,0.26688402,0.85087719,0.88157418
same_recording_split_halves,0.26703928,0.85087719,0.88157418
same_recording_split_halves,0.26719454,0.85087719,0.88157418
same_recording_split_halves,0.26734979,0.85087719,0.88157418
same_recording_split_halves,0.26750505,0.85087719,0.88157418
same_recording_split_halves,0.2676603,0.85087719,0.88157418
same_recording_split_halves,0.26781556,0.85087719,0.88157418
same_recording_split_halves,0.26797081,0.85087719,0.88157418
same_recording_split_halves,0.26812607,0.85087719,0.88157418
same_recording_split_halves,0.26828132,0.85087719,0.88157418
same_recording_split_halves,0.26843658,0.85087719,0.88157418
same_recording_split_halves,0.26859183,0.85087719,0.88157418
same_recording_split_halves,0.26874709,0.85087719,0.88157418
same_recording_split_halves,0.26890234,0.85087719,0.88157418
same_recording_split_halves,0.2690576,0.85087719,0.88157418
same_recording_split_halves,0.26921286,0.85087719,0.88157418
same_recording_split_halves,0.26936811,0.85087719,0.88157418
same_recording_split_halves,0.26952337,0.85087719,0.88157418
same_recording_split_halves,0.26967862,0.85087719,0.88157418
same_recording_split_halves,0.26983388,0.85087719,0.88157418
same_recording_split_halves,0.26998913,0.85087719,0.88157418
same_recording_split_halves,0.27014439,0.85087719,0.88157418
same_recording_split_halves,0.27014439,0.85964912,0.88157418
same_recording_split_halves,0.27029964,0.85964912,0.88157418
same_recording_split_halves,0.2704549,0.85964912,0.88157418
same_recording_split_halves,0.27061015,0.85964912,0.88157418
same_recording_split_halves,0.27076541,0.85964912,0.88157418
same_recording_split_halves,0.27092066,0.85964912,0.88157418
same_recording_split_halves,0.27107592,0.85964912,0.88157418
same_recording_split_halves,0.27123118,0.85964912,0.88157418
same_recording_split_halves,0.27138643,0.85964912,0.88157418
same_recording_split_halves,0.27154169,0.85964912,0.88157418
same_recording_split_halves,0.27169694,0.85964912,0.88157418
same_recording_split_halves,0.2718522,0.85964912,0.88157418
same_recording_split_halves,0.27200745,0.85964912,0.88157418
same_recording_split_halves,0.27216271,0.85964912,0.88157418
same_recording_split_halves,0.27231796,0.85964912,0.88157418
same_recording_split_halves,0.27247322,0.85964912,0.88157418
same_recording_split_halves,0.27262847,0.85964912,0.88157418
same_recording_split_halves,0.27278373,0.85964912,0.88157418
same_recording_split_halves,0.27293898,0.85964912,0.88157418
same_recording_split_halves,0.27309424,0.85964912,0.88157418
same_recording_split_halves,0.2732495,0.85964912,0.88157418
same_recording_split_halves,0.27340475,0.85964912,0.88157418
same_recording_split_halves,0.27356001,0.85964912,0.88157418
same_recording_split_halves,0.27371526,0.85964912,0.88157418
same_recording_split_halves,0.27387052,0.85964912,0.88157418
same_recording_split_halves,0.27387052,0.86842105,0.88157418
same_recording_split_halves,0.27402577,0.86842105,0.88157418
same_recording_split_halves,0.27418103,0.86842105,0.88157418
same_recording_split_halves,0.27433628,0.86842105,0.88157418
same_recording_split_halves,0.27449154,0.86842105,0.88157418
same_recording_split_halves,0.27464679,0.86842105,0.88157418
same_recording_split_halves,0.27480205,0.86842105,0.88157418
same_recording_split_halves,0.2749573,0.86842105,0.88157418
same_recording_split_halves,0.27511256,0.86842105,0.88157418
same_recording_split_halves,0.27526782,0.86842105,0.88157418
same_recording_split_halves,0.27542307,0.86842105,0.88157418
same_recording_split_halves,0.27557833,0.86842105,0.88157418
same_recording_split_halves,0.27573358,0.86842105,0.88157418
same_recording_split_halves,0.27588884,0.86842105,0.88157418
same_recording_split_halves,0.27588884,0.87719298,0.88157418
same_recording_split_halves,0.27604409,0.87719298,0.88157418
same_recording_split_halves,0.27619935,0.87719298,0.88157418
same_recording_split_halves,0.2763546,0.87719298,0.88157418
same_recording_split_halves,0.27650986,0.87719298,0.88157418
same_recording_split_halves,0.27666511,0.87719298,0.88157418
same_recording_split_halves,0.27682037,0.87719298,0.88157418
same_recording_split_halves,0.27697562,0.87719298,0.88157418
same_recording_split_halves,0.27713088,0.87719298,0.88157418
same_recording_split_halves,0.27728614,0.87719298,0.88157418
same_recording_split_halves,0.27744139,0.87719298,0.88157418
same_recording_split_halves,0.27759665,0.87719298,0.88157418
same_recording_split_halves,0.2777519,0.87719298,0.88157418
same_recording_split_halves,0.27790716,0.87719298,0.88157418
same_recording_split_halves,0.27806241,0.87719298,0.88157418
same_recording_split_halves,0.27821767,0.87719298,0.88157418
same_recording_split_halves,0.27837292,0.87719298,0.88157418
same_recording_split_halves,0.27852818,0.87719298,0.88157418
same_recording_split_halves,0.27868343,0.87719298,0.88157418
same_recording_split_halves,0.27883869,0.87719298,0.88157418
same_recording_split_halves,0.27899395,0.87719298,0.88157418
same_recording_split_halves,0.2791492,0.87719298,0.88157418
same_recording_split_halves,0.27930446,0.87719298,0.88157418
same_recording_split_halves,0.27945971,0.87719298,0.88157418
same_recording_split_halves,0.27961497,0.87719298,0.88157418
same_recording_split_halves,0.27977022,0.87719298,0.88157418
same_recording_split_halves,0.27992548,0.87719298,0.88157418
same_recording_split_halves,0.28008073,0.87719298,0.88157418
same_recording_split_halves,0.28023599,0.87719298,0.88157418
same_recording_split_halves,0.28039124,0.87719298,0.88157418
same_recording_split_halves,0.2805465,0.87719298,0.88157418
same_recording_split_halves,0.28070175,0.87719298,0.88157418
same_recording_split_halves,0.28085701,0.87719298,0.88157418
same_recording_split_halves,0.28101227,0.87719298,0.88157418
same_recording_split_halves,0.28116752,0.87719298,0.88157418
same_recording_split_halves,0.28132278,0.87719298,0.88157418
same_recording_split_halves,0.28147803,0.87719298,0.88157418
same_recording_split_halves,0.28163329,0.87719298,0.88157418
same_recording_split_halves,0.28178854,0.87719298,0.88157418
same_recording_split_halves,0.2819438,0.87719298,0.88157418
same_recording_split_halves,0.28209905,0.87719298,0.88157418
same_recording_split_halves,0.28225431,0.87719298,0.88157418
same_recording_split_halves,0.28240956,0.87719298,0.88157418
same_recording_split_halves,0.28256482,0.87719298,0.88157418
same_recording_split_halves,0.28272007,0.87719298,0.88157418
same_recording_split_halves,0.28287533,0.87719298,0.88157418
same_recording_split_halves,0.28303059,0.87719298,0.88157418
same_recording_split_halves,0.28318584,0.87719298,0.88157418
same_recording_split_halves,0.2833411,0.87719298,0.88157418
same_recording_split_halves,0.28349635,0.87719298,0.88157418
same_recording_split_halves,0.28365161,0.87719298,0.88157418
same_recording_split_halves,0.28380686,0.87719298,0.88157418
same_recording_split_halves,0.28396212,0.87719298,0.88157418
same_recording_split_halves,0.28411737,0.87719298,0.88157418
same_recording_split_halves,0.28427263,0.87719298,0.88157418
same_recording_split_halves,0.28442788,0.87719298,0.88157418
same_recording_split_halves,0.28458314,0.87719298,0.88157418
same_recording_split_halves,0.28473839,0.87719298,0.88157418
same_recording_split_halves,0.28489365,0.87719298,0.88157418
same_recording_split_halves,0.28504891,0.87719298,0.88157418
same_recording_split_halves,0.28520416,0.87719298,0.88157418
same_recording_split_halves,0.28535942,0.87719298,0.88157418
same_recording_split_halves,0.28551467,0.87719298,0.88157418
same_recording_split_halves,0.28566993,0.87719298,0.88157418
same_recording_split_halves,0.28582518,0.87719298,0.88157418
same_recording_split_halves,0.28598044,0.87719298,0.88157418
same_recording_split_halves,0.28613569,0.87719298,0.88157418
same_recording_split_halves,0.28629095,0.87719298,0.88157418
same_recording_split_halves,0.2864462,0.87719298,0.88157418
same_recording_split_halves,0.28660146,0.87719298,0.88157418
same_recording_split_halves,0.28660146,0.88596491,0.88157418
same_recording_split_halves,0.28675671,0.88596491,0.88157418
same_recording_split_halves,0.28691197,0.88596491,0.88157418
same_recording_split_halves,0.28706723,0.88596491,0.88157418
same_recording_split_halves,0.28722248,0.88596491,0.88157418
same_recording_split_halves,0.28737774,0.88596491,0.88157418
same_recording_split_halves,0.28753299,0.88596491,0.88157418
same_recording_split_halves,0.28768825,0.88596491,0.88157418
same_recording_split_halves,0.2878435,0.88596491,0.88157418
same_recording_split_halves,0.28799876,0.88596491,0.88157418
same_recording_split_halves,0.28815401,0.88596491,0.88157418
same_recording_split_halves,0.28830927,0.88596491,0.88157418
same_recording_split_halves,0.28846452,0.88596491,0.88157418
same_recording_split_halves,0.28861978,0.88596491,0.88157418
same_recording_split_halves,0.28877503,0.88596491,0.88157418
same_recording_split_halves,0.28893029,0.88596491,0.88157418
same_recording_split_halves,0.28908555,0.88596491,0.88157418
same_recording_split_halves,0.2892408,0.88596491,0.88157418
same_recording_split_halves,0.28939606,0.88596491,0.88157418
same_recording_split_halves,0.28955131,0.88596491,0.88157418
same_recording_split_halves,0.28970657,0.88596491,0.88157418
same_recording_split_halves,0.28986182,0.88596491,0.88157418
same_recording_split_halves,0.29001708,0.88596491,0.88157418
same_recording_split_halves,0.29017233,0.88596491,0.88157418
same_recording_split_halves,0.29032759,0.88596491,0.88157418
same_recording_split_halves,0.29048284,0.88596491,0.88157418
same_recording_split_halves,0.2906381,0.88596491,0.88157418
same_recording_split_halves,0.29079336,0.88596491,0.88157418
same_recording_split_halves,0.29094861,0.88596491,0.88157418
same_recording_split_halves,0.29110387,0.88596491,0.88157418
same_recording_split_halves,0.29125912,0.88596491,0.88157418
same_recording_split_halves,0.29141438,0.88596491,0.88157418
same_recording_split_halves,0.29156963,0.88596491,0.88157418
same_recording_split_halves,0.29172489,0.88596491,0.88157418
same_recording_split_halves,0.29188014,0.88596491,0.88157418
same_recording_split_halves,0.2920354,0.88596491,0.88157418
same_recording_split_halves,0.29219065,0.88596491,0.88157418
same_recording_split_halves,0.29234591,0.88596491,0.88157418
same_recording_split_halves,0.29250116,0.88596491,0.88157418
same_recording_split_halves,0.29265642,0.88596491,0.88157418
same_recording_split_halves,0.29281168,0.88596491,0.88157418
same_recording_split_halves,0.29296693,0.88596491,0.88157418
same_recording_split_halves,0.29312219,0.88596491,0.88157418
same_recording_split_halves,0.29327744,0.88596491,0.88157418
same_recording_split_halves,0.2934327,0.88596491,0.88157418
same_recording_split_halves,0.2934327,0.89473684,0.88157418
same_recording_split_halves,0.29358795,0.89473684,0.88157418
same_recording_split_halves,0.29374321,0.89473684,0.88157418
same_recording_split_halves,0.29389846,0.89473684,0.88157418
same_recording_split_halves,0.29405372,0.89473684,0.88157418
same_recording_split_halves,0.29420897,0.89473684,0.88157418
same_recording_split_halves,0.29436423,0.89473684,0.88157418
same_recording_split_halves,0.29451948,0.89473684,0.88157418
same_recording_split_halves,0.29467474,0.89473684,0.88157418
same_recording_split_halves,0.29483,0.89473684,0.88157418
same_recording_split_halves,0.29498525,0.89473684,0.88157418
same_recording_split_halves,0.29514051,0.89473684,0.88157418
same_recording_split_halves,0.29529576,0.89473684,0.88157418
same_recording_split_halves,0.29545102,0.89473684,0.88157418
same_recording_split_halves,0.29560627,0.89473684,0.88157418
same_recording_split_halves,0.29576153,0.89473684,0.88157418
same_recording_split_halves,0.29591678,0.89473684,0.88157418
same_recording_split_halves,0.29607204,0.89473684,0.88157418
same_recording_split_halves,0.29622729,0.89473684,0.88157418
same_recording_split_halves,0.29638255,0.89473684,0.88157418
same_recording_split_halves,0.2965378,0.89473684,0.88157418
same_recording_split_halves,0.29669306,0.89473684,0.88157418
same_recording_split_halves,0.29684832,0.89473684,0.88157418
same_recording_split_halves,0.29700357,0.89473684,0.88157418
same_recording_split_halves,0.29715883,0.89473684,0.88157418
same_recording_split_halves,0.29731408,0.89473684,0.88157418
same_recording_split_halves,0.29746934,0.89473684,0.88157418
same_recording_split_halves,0.29762459,0.89473684,0.88157418
same_recording_split_halves,0.29777985,0.89473684,0.88157418
same_recording_split_halves,0.2979351,0.89473684,0.88157418
same_recording_split_halves,0.29809036,0.89473684,0.88157418
same_recording_split_halves,0.29824561,0.89473684,0.88157418
same_recording_split_halves,0.29840087,0.89473684,0.88157418
same_recording_split_halves,0.29855612,0.89473684,0.88157418
same_recording_split_halves,0.29871138,0.89473684,0.88157418
same_recording_split_halves,0.29886664,0.89473684,0.88157418
same_recording_split_halves,0.29902189,0.89473684,0.88157418
same_recording_split_halves,0.29917715,0.89473684,0.88157418
same_recording_split_halves,0.2993324,0.89473684,0.88157418
same_recording_split_halves,0.29948766,0.89473684,0.88157418
same_recording_split_halves,0.29964291,0.89473684,0.88157418
same_recording_split_halves,0.29979817,0.89473684,0.88157418
same_recording_split_halves,0.29995342,0.89473684,0.88157418
same_recording_split_halves,0.30010868,0.89473684,0.88157418
same_recording_split_halves,0.30026393,0.89473684,0.88157418
same_recording_split_halves,0.30041919,0.89473684,0.88157418
same_recording_split_halves,0.30057444,0.89473684,0.88157418
same_recording_split_halves,0.3007297,0.89473684,0.88157418
same_recording_split_halves,0.30088496,0.89473684,0.88157418
same_recording_split_halves,0.30104021,0.89473684,0.88157418
same_recording_split_halves,0.30119547,0.89473684,0.88157418
same_recording_split_halves,0.30135072,0.89473684,0.88157418
same_recording_split_halves,0.30150598,0.89473684,0.88157418
same_recording_split_halves,0.30166123,0.89473684,0.88157418
same_recording_split_halves,0.30181649,0.89473684,0.88157418
same_recording_split_halves,0.30197174,0.89473684,0.88157418
same_recording_split_halves,0.302127,0.89473684,0.88157418
same_recording_split_halves,0.30228225,0.89473684,0.88157418
same_recording_split_halves,0.30243751,0.89473684,0.88157418
same_recording_split_halves,0.30259277,0.89473684,0.88157418
same_recording_split_halves,0.30274802,0.89473684,0.88157418
same_recording_split_halves,0.30290328,0.89473684,0.88157418
same_recording_split_halves,0.30305853,0.89473684,0.88157418
same_recording_split_halves,0.30321379,0.89473684,0.88157418
same_recording_split_halves,0.30336904,0.89473684,0.88157418
same_recording_split_halves,0.3035243,0.89473684,0.88157418
same_recording_split_halves,0.30367955,0.89473684,0.88157418
same_recording_split_halves,0.30383481,0.89473684,0.88157418
same_recording_split_halves,0.30399006,0.89473684,0.88157418
same_recording_split_halves,0.30414532,0.89473684,0.88157418
same_recording_split_halves,0.30430057,0.89473684,0.88157418
same_recording_split_halves,0.30445583,0.89473684,0.88157418
same_recording_split_halves,0.30461109,0.89473684,0.88157418
same_recording_split_halves,0.30476634,0.89473684,0.88157418
same_recording_split_halves,0.3049216,0.89473684,0.88157418
same_recording_split_halves,0.30507685,0.89473684,0.88157418
same_recording_split_halves,0.30523211,0.89473684,0.88157418
same_recording_split_halves,0.30538736,0.89473684,0.88157418
same_recording_split_halves,0.30554262,0.89473684,0.88157418
same_recording_split_halves,0.30569787,0.89473684,0.88157418
same_recording_split_halves,0.30585313,0.89473684,0.88157418
same_recording_split_halves,0.30600838,0.89473684,0.88157418
same_recording_split_halves,0.30616364,0.89473684,0.88157418
same_recording_split_halves,0.30631889,0.89473684,0.88157418
same_recording_split_halves,0.30647415,0.89473684,0.88157418
same_recording_split_halves,0.30662941,0.89473684,0.88157418
same_recording_split_halves,0.30678466,0.89473684,0.88157418
same_recording_split_halves,0.30693992,0.89473684,0.88157418
same_recording_split_halves,0.30709517,0.89473684,0.88157418
same_recording_split_halves,0.30725043,0.89473684,0.88157418
same_recording_split_halves,0.30740568,0.89473684,0.88157418
same_recording_split_halves,0.30756094,0.89473684,0.88157418
same_recording_split_halves,0.30771619,0.89473684,0.88157418
same_recording_split_halves,0.30787145,0.89473684,0.88157418
same_recording_split_halves,0.3080267,0.89473684,0.88157418
same_recording_split_halves,0.30818196,0.89473684,0.88157418
same_recording_split_halves,0.30833721,0.89473684,0.88157418
same_recording_split_halves,0.30849247,0.89473684,0.88157418
same_recording_split_halves,0.30864773,0.89473684,0.88157418
same_recording_split_halves,0.30880298,0.89473684,0.88157418
same_recording_split_halves,0.30895824,0.89473684,0.88157418
same_recording_split_halves,0.30911349,0.89473684,0.88157418
same_recording_split_halves,0.30926875,0.89473684,0.88157418
same_recording_split_halves,0.309424,0.89473684,0.88157418
same_recording_split_halves,0.30957926,0.89473684,0.88157418
same_recording_split_halves,0.30973451,0.89473684,0.88157418
same_recording_split_halves,0.30988977,0.89473684,0.88157418
same_recording_split_halves,0.31004502,0.89473684,0.88157418
same_recording_split_halves,0.31020028,0.89473684,0.88157418
same_recording_split_halves,0.31035553,0.89473684,0.88157418
same_recording_split_halves,0.31051079,0.89473684,0.88157418
same_recording_split_halves,0.31066605,0.89473684,0.88157418
same_recording_split_halves,0.3108213,0.89473684,0.88157418
same_recording_split_halves,0.31097656,0.89473684,0.88157418
same_recording_split_halves,0.31113181,0.89473684,0.88157418
same_recording_split_halves,0.31128707,0.89473684,0.88157418
same_recording_split_halves,0.31144232,0.89473684,0.88157418
same_recording_split_halves,0.31159758,0.89473684,0.88157418
same_recording_split_halves,0.31175283,0.89473684,0.88157418
same_recording_split_halves,0.31190809,0.89473684,0.88157418
same_recording_split_halves,0.31206334,0.89473684,0.88157418
same_recording_split_halves,0.3122186,0.89473684,0.88157418
same_recording_split_halves,0.31237385,0.89473684,0.88157418
same_recording_split_halves,0.31237385,0.90350877,0.88157418
same_recording_split_halves,0.31252911,0.90350877,0.88157418
same_recording_split_halves,0.31268437,0.90350877,0.88157418
same_recording_split_halves,0.31283962,0.90350877,0.88157418
same_recording_split_halves,0.31299488,0.90350877,0.88157418
same_recording_split_halves,0.31315013,0.90350877,0.88157418
same_recording_split_halves,0.31330539,0.90350877,0.88157418
same_recording_split_halves,0.31346064,0.90350877,0.88157418
same_recording_split_halves,0.3136159,0.90350877,0.88157418
same_recording_split_halves,0.31377115,0.90350877,0.88157418
same_recording_split_halves,0.31392641,0.90350877,0.88157418
same_recording_split_halves,0.31408166,0.90350877,0.88157418
same_recording_split_halves,0.31423692,0.90350877,0.88157418
same_recording_split_halves,0.31439218,0.90350877,0.88157418
same_recording_split_halves,0.31454743,0.90350877,0.88157418
same_recording_split_halves,0.31470269,0.90350877,0.88157418
same_recording_split_halves,0.31485794,0.90350877,0.88157418
same_recording_split_halves,0.3150132,0.90350877,0.88157418
same_recording_split_halves,0.31516845,0.90350877,0.88157418
same_recording_split_halves,0.31532371,0.90350877,0.88157418
same_recording_split_halves,0.31547896,0.90350877,0.88157418
same_recording_split_halves,0.31563422,0.90350877,0.88157418
same_recording_split_halves,0.31578947,0.90350877,0.88157418
same_recording_split_halves,0.31594473,0.90350877,0.88157418
same_recording_split_halves,0.31609998,0.90350877,0.88157418
same_recording_split_halves,0.31625524,0.90350877,0.88157418
same_recording_split_halves,0.3164105,0.90350877,0.88157418
same_recording_split_halves,0.31656575,0.90350877,0.88157418
same_recording_split_halves,0.31672101,0.90350877,0.88157418
same_recording_split_halves,0.31687626,0.90350877,0.88157418
same_recording_split_halves,0.31703152,0.90350877,0.88157418
same_recording_split_halves,0.31718677,0.90350877,0.88157418
same_recording_split_halves,0.31734203,0.90350877,0.88157418
same_recording_split_halves,0.31749728,0.90350877,0.88157418
same_recording_split_halves,0.31765254,0.90350877,0.88157418
same_recording_split_halves,0.31780779,0.90350877,0.88157418
same_recording_split_halves,0.31796305,0.90350877,0.88157418
same_recording_split_halves,0.3181183,0.90350877,0.88157418
same_recording_split_halves,0.31827356,0.90350877,0.88157418
same_recording_split_halves,0.31842882,0.90350877,0.88157418
same_recording_split_halves,0.31858407,0.90350877,0.88157418
same_recording_split_halves,0.31873933,0.90350877,0.88157418
same_recording_split_halves,0.31889458,0.90350877,0.88157418
same_recording_split_halves,0.31904984,0.90350877,0.88157418
same_recording_split_halves,0.31920509,0.90350877,0.88157418
same_recording_split_halves,0.31936035,0.90350877,0.88157418
same_recording_split_halves,0.3195156,0.90350877,0.88157418
same_recording_split_halves,0.31967086,0.90350877,0.88157418
same_recording_split_halves,0.31982611,0.90350877,0.88157418
same_recording_split_halves,0.31998137,0.90350877,0.88157418
same_recording_split_halves,0.32013662,0.90350877,0.88157418
same_recording_split_halves,0.32029188,0.90350877,0.88157418
same_recording_split_halves,0.32044714,0.90350877,0.88157418
same_recording_split_halves,0.32060239,0.90350877,0.88157418
same_recording_split_halves,0.32075765,0.90350877,0.88157418
same_recording_split_halves,0.3209129,0.90350877,0.88157418
same_recording_split_halves,0.32106816,0.90350877,0.88157418
same_recording_split_halves,0.32122341,0.90350877,0.88157418
same_recording_split_halves,0.32137867,0.90350877,0.88157418
same_recording_split_halves,0.32153392,0.90350877,0.88157418
same_recording_split_halves,0.32168918,0.90350877,0.88157418
same_recording_split_halves,0.32184443,0.90350877,0.88157418
same_recording_split_halves,0.32199969,0.90350877,0.88157418
same_recording_split_halves,0.32215494,0.90350877,0.88157418
same_recording_split_halves,0.3223102,0.90350877,0.88157418
same_recording_split_halves,0.32246546,0.90350877,0.88157418
same_recording_split_halves,0.32262071,0.90350877,0.88157418
same_recording_split_halves,0.32277597,0.90350877,0.88157418
same_recording_split_halves,0.32293122,0.90350877,0.88157418
same_recording_split_halves,0.32308648,0.90350877,0.88157418
same_recording_split_halves,0.32324173,0.90350877,0.88157418
same_recording_split_halves,0.32339699,0.90350877,0.88157418
same_recording_split_halves,0.32355224,0.90350877,0.88157418
same_recording_split_halves,0.3237075,0.90350877,0.88157418
same_recording_split_halves,0.32386275,0.90350877,0.88157418
same_recording_split_halves,0.32401801,0.90350877,0.88157418
same_recording_split_halves,0.32417327,0.90350877,0.88157418
same_recording_split_halves,0.32432852,0.90350877,0.88157418
same_recording_split_halves,0.32448378,0.90350877,0.88157418
same_recording_split_halves,0.32463903,0.90350877,0.88157418
same_recording_split_halves,0.32479429,0.90350877,0.88157418
same_recording_split_halves,0.32494954,0.90350877,0.88157418
same_recording_split_halves,0.3251048,0.90350877,0.88157418
same_recording_split_halves,0.32526005,0.90350877,0.88157418
same_recording_split_halves,0.32541531,0.90350877,0.88157418
same_recording_split_halves,0.32557056,0.90350877,0.88157418
same_recording_split_halves,0.32572582,0.90350877,0.88157418
same_recording_split_halves,0.32588107,0.90350877,0.88157418
same_recording_split_halves,0.32603633,0.90350877,0.88157418
same_recording_split_halves,0.32619159,0.90350877,0.88157418
same_recording_split_halves,0.32634684,0.90350877,0.88157418
same_recording_split_halves,0.3265021,0.90350877,0.88157418
same_recording_split_halves,0.32665735,0.90350877,0.88157418
same_recording_split_halves,0.32681261,0.90350877,0.88157418
same_recording_split_halves,0.32696786,0.90350877,0.88157418
same_recording_split_halves,0.32712312,0.90350877,0.88157418
same_recording_split_halves,0.32727837,0.90350877,0.88157418
same_recording_split_halves,0.32743363,0.90350877,0.88157418
same_recording_split_halves,0.32758888,0.90350877,0.88157418
same_recording_split_halves,0.32774414,0.90350877,0.88157418
same_recording_split_halves,0.32789939,0.90350877,0.88157418
same_recording_split_halves,0.32805465,0.90350877,0.88157418
same_recording_split_halves,0.32820991,0.90350877,0.88157418
same_recording_split_halves,0.32836516,0.90350877,0.88157418
same_recording_split_halves,0.32852042,0.90350877,0.88157418
same_recording_split_halves,0.32852042,0.9122807,0.88157418
same_recording_split_halves,0.32867567,0.9122807,0.88157418
same_recording_split_halves,0.32883093,0.9122807,0.88157418
same_recording_split_halves,0.32898618,0.9122807,0.88157418
same_recording_split_halves,0.32914144,0.9122807,0.88157418
same_recording_split_halves,0.32929669,0.9122807,0.88157418
same_recording_split_halves,0.32945195,0.9122807,0.88157418
same_recording_split_halves,0.32945195,0.92105263,0.88157418
same_recording_split_halves,0.3296072,0.92105263,0.88157418
same_recording_split_halves,0.32976246,0.92105263,0.88157418
same_recording_split_halves,0.32991771,0.92105263,0.88157418
same_recording_split_halves,0.33007297,0.92105263,0.88157418
same_recording_split_halves,0.33022823,0.92105263,0.88157418
same_recording_split_halves,0.33038348,0.92105263,0.88157418
same_recording_split_halves,0.33053874,0.92105263,0.88157418
same_recording_split_halves,0.33069399,0.92105263,0.88157418
same_recording_split_halves,0.33084925,0.92105263,0.88157418
same_recording_split_halves,0.3310045,0.92105263,0.88157418
same_recording_split_halves,0.33115976,0.92105263,0.88157418
same_recording_split_halves,0.33131501,0.92105263,0.88157418
same_recording_split_halves,0.33147027,0.92105263,0.88157418
same_recording_split_halves,0.33162552,0.92105263,0.88157418
same_recording_split_halves,0.33178078,0.92105263,0.88157418
same_recording_split_halves,0.33193603,0.92105263,0.88157418
same_recording_split_halves,0.33209129,0.92105263,0.88157418
same_recording_split_halves,0.33224655,0.92105263,0.88157418
same_recording_split_halves,0.3324018,0.92105263,0.88157418
same_recording_split_halves,0.33255706,0.92105263,0.88157418
same_recording_split_halves,0.33271231,0.92105263,0.88157418
same_recording_split_halves,0.33286757,0.92105263,0.88157418
same_recording_split_halves,0.33302282,0.92105263,0.88157418
same_recording_split_halves,0.33317808,0.92105263,0.88157418
same_recording_split_halves,0.33333333,0.92105263,0.88157418
same_recording_split_halves,0.33348859,0.92105263,0.88157418
same_recording_split_halves,0.33364384,0.92105263,0.88157418
same_recording_split_halves,0.3337991,0.92105263,0.88157418
same_recording_split_halves,0.33395435,0.92105263,0.88157418
same_recording_split_halves,0.33410961,0.92105263,0.88157418
same_recording_split_halves,0.33426487,0.92105263,0.88157418
same_recording_split_halves,0.33442012,0.92105263,0.88157418
same_recording_split_halves,0.33457538,0.92105263,0.88157418
same_recording_split_halves,0.33473063,0.92105263,0.88157418
same_recording_split_halves,0.33488589,0.92105263,0.88157418
same_recording_split_halves,0.33504114,0.92105263,0.88157418
same_recording_split_halves,0.3351964,0.92105263,0.88157418
same_recording_split_halves,0.33535165,0.92105263,0.88157418
same_recording_split_halves,0.33550691,0.92105263,0.88157418
same_recording_split_halves,0.33566216,0.92105263,0.88157418
same_recording_split_halves,0.33581742,0.92105263,0.88157418
same_recording_split_halves,0.33597268,0.92105263,0.88157418
same_recording_split_halves,0.33612793,0.92105263,0.88157418
same_recording_split_halves,0.33628319,0.92105263,0.88157418
same_recording_split_halves,0.33643844,0.92105263,0.88157418
same_recording_split_halves,0.3365937,0.92105263,0.88157418
same_recording_split_halves,0.33674895,0.92105263,0.88157418
same_recording_split_halves,0.33690421,0.92105263,0.88157418
same_recording_split_halves,0.33705946,0.92105263,0.88157418
same_recording_split_halves,0.33721472,0.92105263,0.88157418
same_recording_split_halves,0.33736997,0.92105263,0.88157418
same_recording_split_halves,0.33736997,0.92982456,0.88157418
same_recording_split_halves,0.33752523,0.92982456,0.88157418
same_recording_split_halves,0.33768048,0.92982456,0.88157418
same_recording_split_halves,0.33768048,0.93859649,0.88157418
same_recording_split_halves,0.33783574,0.93859649,0.88157418
same_recording_split_halves,0.337991,0.93859649,0.88157418
same_recording_split_halves,0.33814625,0.93859649,0.88157418
same_recording_split_halves,0.33830151,0.93859649,0.88157418
same_recording_split_halves,0.33845676,0.93859649,0.88157418
same_recording_split_halves,0.33861202,0.93859649,0.88157418
same_recording_split_halves,0.33876727,0.93859649,0.88157418
same_recording_split_halves,0.33892253,0.93859649,0.88157418
same_recording_split_halves,0.33907778,0.93859649,0.88157418
same_recording_split_halves,0.33923304,0.93859649,0.88157418
same_recording_split_halves,0.33938829,0.93859649,0.88157418
same_recording_split_halves,0.33954355,0.93859649,0.88157418
same_recording_split_halves,0.3396988,0.93859649,0.88157418
same_recording_split_halves,0.33985406,0.93859649,0.88157418
same_recording_split_halves,0.34000932,0.93859649,0.88157418
same_recording_split_halves,0.34016457,0.93859649,0.88157418
same_recording_split_halves,0.34031983,0.93859649,0.88157418
same_recording_split_halves,0.34047508,0.93859649,0.88157418
same_recording_split_halves,0.34063034,0.93859649,0.88157418
same_recording_split_halves,0.34078559,0.93859649,0.88157418
same_recording_split_halves,0.34094085,0.93859649,0.88157418
same_recording_split_halves,0.3410961,0.93859649,0.88157418
same_recording_split_halves,0.34125136,0.93859649,0.88157418
same_recording_split_halves,0.34140661,0.93859649,0.88157418
same_recording_split_halves,0.34156187,0.93859649,0.88157418
same_recording_split_halves,0.34171712,0.93859649,0.88157418
same_recording_split_halves,0.34187238,0.93859649,0.88157418
same_recording_split_halves,0.34202764,0.93859649,0.88157418
same_recording_split_halves,0.34218289,0.93859649,0.88157418
same_recording_split_halves,0.34233815,0.93859649,0.88157418
same_recording_split_halves,0.3424934,0.93859649,0.88157418
same_recording_split_halves,0.34264866,0.93859649,0.88157418
same_recording_split_halves,0.34280391,0.93859649,0.88157418
same_recording_split_halves,0.34295917,0.93859649,0.88157418
same_recording_split_halves,0.34311442,0.93859649,0.88157418
same_recording_split_halves,0.34326968,0.93859649,0.88157418
same_recording_split_halves,0.34342493,0.93859649,0.88157418
same_recording_split_halves,0.34358019,0.93859649,0.88157418
same_recording_split_halves,0.34373544,0.93859649,0.88157418
same_recording_split_halves,0.3438907,0.93859649,0.88157418
same_recording_split_halves,0.34404596,0.93859649,0.88157418
same_recording_split_halves,0.34420121,0.93859649,0.88157418
same_recording_split_halves,0.34435647,0.93859649,0.88157418
same_recording_split_halves,0.34451172,0.93859649,0.88157418
same_recording_split_halves,0.34466698,0.93859649,0.88157418
same_recording_split_halves,0.34482223,0.93859649,0.88157418
same_recording_split_halves,0.34497749,0.93859649,0.88157418
same_recording_split_halves,0.34513274,0.93859649,0.88157418
same_recording_split_halves,0.345288,0.93859649,0.88157418
same_recording_split_halves,0.34544325,0.93859649,0.88157418
same_recording_split_halves,0.34559851,0.93859649,0.88157418
same_recording_split_halves,0.34575376,0.93859649,0.88157418
same_recording_split_halves,0.34590902,0.93859649,0.88157418
same_recording_split_halves,0.34606428,0.93859649,0.88157418
same_recording_split_halves,0.34621953,0.93859649,0.88157418
same_recording_split_halves,0.34637479,0.93859649,0.88157418
same_recording_split_halves,0.34653004,0.93859649,0.88157418
same_recording_split_halves,0.3466853,0.93859649,0.88157418
same_recording_split_halves,0.34684055,0.93859649,0.88157418
same_recording_split_halves,0.34699581,0.93859649,0.88157418
same_recording_split_halves,0.34715106,0.93859649,0.88157418
same_recording_split_halves,0.34730632,0.93859649,0.88157418
same_recording_split_halves,0.34746157,0.93859649,0.88157418
same_recording_split_halves,0.34761683,0.93859649,0.88157418
same_recording_split_halves,0.34777209,0.93859649,0.88157418
same_recording_split_halves,0.34792734,0.93859649,0.88157418
same_recording_split_halves,0.3480826,0.93859649,0.88157418
same_recording_split_halves,0.34823785,0.93859649,0.88157418
same_recording_split_halves,0.34839311,0.93859649,0.88157418
same_recording_split_halves,0.34854836,0.93859649,0.88157418
same_recording_split_halves,0.34870362,0.93859649,0.88157418
same_recording_split_halves,0.34885887,0.93859649,0.88157418
same_recording_split_halves,0.34901413,0.93859649,0.88157418
same_recording_split_halves,0.34916938,0.93859649,0.88157418
same_recording_split_halves,0.34932464,0.93859649,0.88157418
same_recording_split_halves,0.34947989,0.93859649,0.88157418
same_recording_split_halves,0.34963515,0.93859649,0.88157418
same_recording_split_halves,0.34979041,0.93859649,0.88157418
same_recording_split_halves,0.34994566,0.93859649,0.88157418
same_recording_split_halves,0.35010092,0.93859649,0.88157418
same_recording_split_halves,0.35025617,0.93859649,0.88157418
same_recording_split_halves,0.35041143,0.93859649,0.88157418
same_recording_split_halves,0.35056668,0.93859649,0.88157418
same_recording_split_halves,0.35072194,0.93859649,0.88157418
same_recording_split_halves,0.35087719,0.93859649,0.88157418
same_recording_split_halves,0.35103245,0.93859649,0.88157418
same_recording_split_halves,0.3511877,0.93859649,0.88157418
same_recording_split_halves,0.35134296,0.93859649,0.88157418
same_recording_split_halves,0.35149821,0.93859649,0.88157418
same_recording_split_halves,0.35165347,0.93859649,0.88157418
same_recording_split_halves,0.35180873,0.93859649,0.88157418
same_recording_split_halves,0.35196398,0.93859649,0.88157418
same_recording_split_halves,0.35211924,0.93859649,0.88157418
same_recording_split_halves,0.35227449,0.93859649,0.88157418
same_recording_split_halves,0.35227449,0.94736842,0.88157418
same_recording_split_halves,0.35242975,0.94736842,0.88157418
same_recording_split_halves,0.352585,0.94736842,0.88157418
same_recording_split_halves,0.35274026,0.94736842,0.88157418
same_recording_split_halves,0.35289551,0.94736842,0.88157418
same_recording_split_halves,0.35305077,0.94736842,0.88157418
same_recording_split_halves,0.35320602,0.94736842,0.88157418
same_recording_split_halves,0.35336128,0.94736842,0.88157418
same_recording_split_halves,0.35351653,0.94736842,0.88157418
same_recording_split_halves,0.35367179,0.94736842,0.88157418
same_recording_split_halves,0.35382705,0.94736842,0.88157418
same_recording_split_halves,0.3539823,0.94736842,0.88157418
same_recording_split_halves,0.35413756,0.94736842,0.88157418
same_recording_split_halves,0.35429281,0.94736842,0.88157418
same_recording_split_halves,0.35444807,0.94736842,0.88157418
same_recording_split_halves,0.35460332,0.94736842,0.88157418
same_recording_split_halves,0.35475858,0.94736842,0.88157418
same_recording_split_halves,0.35491383,0.94736842,0.88157418
same_recording_split_halves,0.35506909,0.94736842,0.88157418
same_recording_split_halves,0.35522434,0.94736842,0.88157418
same_recording_split_halves,0.3553796,0.94736842,0.88157418
same_recording_split_halves,0.35553485,0.94736842,0.88157418
same_recording_split_halves,0.35569011,0.94736842,0.88157418
same_recording_split_halves,0.35584537,0.94736842,0.88157418
same_recording_split_halves,0.35600062,0.94736842,0.88157418
same_recording_split_halves,0.35615588,0.94736842,0.88157418
same_recording_split_halves,0.35631113,0.94736842,0.88157418
same_recording_split_halves,0.35646639,0.94736842,0.88157418
same_recording_split_halves,0.35662164,0.94736842,0.88157418
same_recording_split_halves,0.3567769,0.94736842,0.88157418
same_recording_split_halves,0.35693215,0.94736842,0.88157418
same_recording_split_halves,0.35708741,0.94736842,0.88157418
same_recording_split_halves,0.35724266,0.94736842,0.88157418
same_recording_split_halves,0.35739792,0.94736842,0.88157418
same_recording_split_halves,0.35755317,0.94736842,0.88157418
same_recording_split_halves,0.35770843,0.94736842,0.88157418
same_recording_split_halves,0.35786369,0.94736842,0.88157418
same_recording_split_halves,0.35801894,0.94736842,0.88157418
same_recording_split_halves,0.3581742,0.94736842,0.88157418
same_recording_split_halves,0.35832945,0.94736842,0.88157418
same_recording_split_halves,0.35848471,0.94736842,0.88157418
same_recording_split_halves,0.35848471,0.95614035,0.88157418
same_recording_split_halves,0.35863996,0.95614035,0.88157418
same_recording_split_halves,0.35879522,0.95614035,0.88157418
same_recording_split_halves,0.35895047,0.95614035,0.88157418
same_recording_split_halves,0.35910573,0.95614035,0.88157418
same_recording_split_halves,0.35926098,0.95614035,0.88157418
same_recording_split_halves,0.35941624,0.95614035,0.88157418
same_recording_split_halves,0.3595715,0.95614035,0.88157418
same_recording_split_halves,0.35972675,0.95614035,0.88157418
same_recording_split_halves,0.35988201,0.95614035,0.88157418
same_recording_split_halves,0.36003726,0.95614035,0.88157418
same_recording_split_halves,0.36019252,0.95614035,0.88157418
same_recording_split_halves,0.36034777,0.95614035,0.88157418
same_recording_split_halves,0.36050303,0.95614035,0.88157418
same_recording_split_halves,0.36065828,0.95614035,0.88157418
same_recording_split_halves,0.36081354,0.95614035,0.88157418
same_recording_split_halves,0.36096879,0.95614035,0.88157418
same_recording_split_halves,0.36112405,0.95614035,0.88157418
same_recording_split_halves,0.3612793,0.95614035,0.88157418
same_recording_split_halves,0.36143456,0.95614035,0.88157418
same_recording_split_halves,0.36158982,0.95614035,0.88157418
same_recording_split_halves,0.36174507,0.95614035,0.88157418
same_recording_split_halves,0.36190033,0.95614035,0.88157418
same_recording_split_halves,0.36205558,0.95614035,0.88157418
same_recording_split_halves,0.36221084,0.95614035,0.88157418
same_recording_split_halves,0.36236609,0.95614035,0.88157418
same_recording_split_halves,0.36252135,0.95614035,0.88157418
same_recording_split_halves,0.3626766,0.95614035,0.88157418
same_recording_split_halves,0.36283186,0.95614035,0.88157418
same_recording_split_halves,0.36298711,0.95614035,0.88157418
same_recording_split_halves,0.36314237,0.95614035,0.88157418
same_recording_split_halves,0.36329762,0.95614035,0.88157418
same_recording_split_halves,0.36345288,0.95614035,0.88157418
same_recording_split_halves,0.36360814,0.95614035,0.88157418
same_recording_split_halves,0.36376339,0.95614035,0.88157418
same_recording_split_halves,0.36391865,0.95614035,0.88157418
same_recording_split_halves,0.3640739,0.95614035,0.88157418
same_recording_split_halves,0.36422916,0.95614035,0.88157418
same_recording_split_halves,0.36438441,0.95614035,0.88157418
same_recording_split_halves,0.36453967,0.95614035,0.88157418
same_recording_split_halves,0.36469492,0.95614035,0.88157418
same_recording_split_halves,0.36485018,0.95614035,0.88157418
same_recording_split_halves,0.36500543,0.95614035,0.88157418
same_recording_split_halves,0.36516069,0.95614035,0.88157418
same_recording_split_halves,0.36531594,0.95614035,0.88157418
same_recording_split_halves,0.3654712,0.95614035,0.88157418
same_recording_split_halves,0.36562646,0.95614035,0.88157418
same_recording_split_halves,0.36578171,0.95614035,0.88157418
same_recording_split_halves,0.36593697,0.95614035,0.88157418
same_recording_split_halves,0.36609222,0.95614035,0.88157418
same_recording_split_halves,0.36624748,0.95614035,0.88157418
same_recording_split_halves,0.36640273,0.95614035,0.88157418
same_recording_split_halves,0.36655799,0.95614035,0.88157418
same_recording_split_halves,0.36671324,0.95614035,0.88157418
same_recording_split_halves,0.3668685,0.95614035,0.88157418
same_recording_split_halves,0.36702375,0.95614035,0.88157418
same_recording_split_halves,0.36717901,0.95614035,0.88157418
same_recording_split_halves,0.36733426,0.95614035,0.88157418
same_recording_split_halves,0.36748952,0.95614035,0.88157418
same_recording_split_halves,0.36764478,0.95614035,0.88157418
same_recording_split_halves,0.36780003,0.95614035,0.88157418
same_recording_split_halves,0.36795529,0.95614035,0.88157418
same_recording_split_halves,0.36811054,0.95614035,0.88157418
same_recording_split_halves,0.3682658,0.95614035,0.88157418
same_recording_split_halves,0.36842105,0.95614035,0.88157418
same_recording_split_halves,0.36857631,0.95614035,0.88157418
same_recording_split_halves,0.36873156,0.95614035,0.88157418
same_recording_split_halves,0.36888682,0.95614035,0.88157418
same_recording_split_halves,0.36904207,0.95614035,0.88157418
same_recording_split_halves,0.36919733,0.95614035,0.88157418
same_recording_split_halves,0.36935259,0.95614035,0.88157418
same_recording_split_halves,0.36950784,0.95614035,0.88157418
same_recording_split_halves,0.3696631,0.95614035,0.88157418
same_recording_split_halves,0.36981835,0.95614035,0.88157418
same_recording_split_halves,0.36981835,0.96491228,0.88157418
same_recording_split_halves,0.36997361,0.96491228,0.88157418
same_recording_split_halves,0.37012886,0.96491228,0.88157418
same_recording_split_halves,0.37028412,0.96491228,0.88157418
same_recording_split_halves,0.37043937,0.96491228,0.88157418
same_recording_split_halves,0.37059463,0.96491228,0.88157418
same_recording_split_halves,0.37074988,0.96491228,0.88157418
same_recording_split_halves,0.37090514,0.96491228,0.88157418
same_recording_split_halves,0.37106039,0.96491228,0.88157418
same_recording_split_halves,0.37121565,0.96491228,0.88157418
same_recording_split_halves,0.37137091,0.96491228,0.88157418
same_recording_split_halves,0.37152616,0.96491228,0.88157418
same_recording_split_halves,0.37168142,0.96491228,0.88157418
same_recording_split_halves,0.37183667,0.96491228,0.88157418
same_recording_split_halves,0.37199193,0.96491228,0.88157418
same_recording_split_halves,0.37214718,0.96491228,0.88157418
same_recording_split_halves,0.37230244,0.96491228,0.88157418
same_recording_split_halves,0.37245769,0.96491228,0.88157418
same_recording_split_halves,0.37261295,0.96491228,0.88157418
same_recording_split_halves,0.3727682,0.96491228,0.88157418
same_recording_split_halves,0.37292346,0.96491228,0.88157418
same_recording_split_halves,0.37307871,0.96491228,0.88157418
same_recording_split_halves,0.37307871,0.97368421,0.88157418
same_recording_split_halves,0.37323397,0.97368421,0.88157418
same_recording_split_halves,0.37338923,0.97368421,0.88157418
same_recording_split_halves,0.37354448,0.97368421,0.88157418
same_recording_split_halves,0.37369974,0.97368421,0.88157418
same_recording_split_halves,0.37385499,0.97368421,0.88157418
same_recording_split_halves,0.37401025,0.97368421,0.88157418
same_recording_split_halves,0.3741655,0.97368421,0.88157418
same_recording_split_halves,0.37432076,0.97368421,0.88157418
same_recording_split_halves,0.37447601,0.97368421,0.88157418
same_recording_split_halves,0.37463127,0.97368421,0.88157418
same_recording_split_halves,0.37478652,0.97368421,0.88157418
same_recording_split_halves,0.37494178,0.97368421,0.88157418
same_recording_split_halves,0.37509703,0.97368421,0.88157418
same_recording_split_halves,0.37525229,0.97368421,0.88157418
same_recording_split_halves,0.37540755,0.97368421,0.88157418
same_recording_split_halves,0.3755628,0.97368421,0.88157418
same_recording_split_halves,0.37571806,0.97368421,0.88157418
same_recording_split_halves,0.37587331,0.97368421,0.88157418
same_recording_split_halves,0.37602857,0.97368421,0.88157418
same_recording_split_halves,0.37618382,0.97368421,0.88157418
same_recording_split_halves,0.37633908,0.97368421,0.88157418
same_recording_split_halves,0.37649433,0.97368421,0.88157418
same_recording_split_halves,0.37664959,0.97368421,0.88157418
same_recording_split_halves,0.37680484,0.97368421,0.88157418
same_recording_split_halves,0.3769601,0.97368421,0.88157418
same_recording_split_halves,0.37711535,0.97368421,0.88157418
same_recording_split_halves,0.37727061,0.97368421,0.88157418
same_recording_split_halves,0.37742587,0.97368421,0.88157418
same_recording_split_halves,0.37758112,0.97368421,0.88157418
same_recording_split_halves,0.37773638,0.97368421,0.88157418
same_recording_split_halves,0.37789163,0.97368421,0.88157418
same_recording_split_halves,0.37804689,0.97368421,0.88157418
same_recording_split_halves,0.37820214,0.97368421,0.88157418
same_recording_split_halves,0.3783574,0.97368421,0.88157418
same_recording_split_halves,0.37851265,0.97368421,0.88157418
same_recording_split_halves,0.37866791,0.97368421,0.88157418
same_recording_split_halves,0.37882316,0.97368421,0.88157418
same_recording_split_halves,0.37897842,0.97368421,0.88157418
same_recording_split_halves,0.37913367,0.97368421,0.88157418
same_recording_split_halves,0.37928893,0.97368421,0.88157418
same_recording_split_halves,0.37944419,0.97368421,0.88157418
same_recording_split_halves,0.37959944,0.97368421,0.88157418
same_recording_split_halves,0.3797547,0.97368421,0.88157418
same_recording_split_halves,0.37990995,0.97368421,0.88157418
same_recording_split_halves,0.38006521,0.97368421,0.88157418
same_recording_split_halves,0.38022046,0.97368421,0.88157418
same_recording_split_halves,0.38037572,0.97368421,0.88157418
same_recording_split_halves,0.38053097,0.97368421,0.88157418
same_recording_split_halves,0.38068623,0.97368421,0.88157418
same_recording_split_halves,0.38084148,0.97368421,0.88157418
same_recording_split_halves,0.38099674,0.97368421,0.88157418
same_recording_split_halves,0.381152,0.97368421,0.88157418
same_recording_split_halves,0.38130725,0.97368421,0.88157418
same_recording_split_halves,0.38146251,0.97368421,0.88157418
same_recording_split_halves,0.38161776,0.97368421,0.88157418
same_recording_split_halves,0.38177302,0.97368421,0.88157418
same_recording_split_halves,0.38192827,0.97368421,0.88157418
same_recording_split_halves,0.38208353,0.97368421,0.88157418
same_recording_split_halves,0.38223878,0.97368421,0.88157418
same_recording_split_halves,0.38239404,0.97368421,0.88157418
same_recording_split_halves,0.38254929,0.97368421,0.88157418
same_recording_split_halves,0.38270455,0.97368421,0.88157418
same_recording_split_halves,0.3828598,0.97368421,0.88157418
same_recording_split_halves,0.38301506,0.97368421,0.88157418
same_recording_split_halves,0.38317032,0.97368421,0.88157418
same_recording_split_halves,0.38332557,0.97368421,0.88157418
same_recording_split_halves,0.38348083,0.97368421,0.88157418
same_recording_split_halves,0.38363608,0.97368421,0.88157418
same_recording_split_halves,0.38379134,0.97368421,0.88157418
same_recording_split_halves,0.38394659,0.97368421,0.88157418
same_recording_split_halves,0.38410185,0.97368421,0.88157418
same_recording_split_halves,0.3842571,0.97368421,0.88157418
same_recording_split_halves,0.38441236,0.97368421,0.88157418
same_recording_split_halves,0.38456761,0.97368421,0.88157418
same_recording_split_halves,0.38472287,0.97368421,0.88157418
same_recording_split_halves,0.38487812,0.97368421,0.88157418
same_recording_split_halves,0.38503338,0.97368421,0.88157418
same_recording_split_halves,0.38518864,0.97368421,0.88157418
same_recording_split_halves,0.38534389,0.97368421,0.88157418
same_recording_split_halves,0.38549915,0.97368421,0.88157418
same_recording_split_halves,0.3856544,0.97368421,0.88157418
same_recording_split_halves,0.38580966,0.97368421,0.88157418
same_recording_split_halves,0.38596491,0.97368421,0.88157418
same_recording_split_halves,0.38612017,0.97368421,0.88157418
same_recording_split_halves,0.38627542,0.97368421,0.88157418
same_recording_split_halves,0.38643068,0.97368421,0.88157418
same_recording_split_halves,0.38658593,0.97368421,0.88157418
same_recording_split_halves,0.38674119,0.97368421,0.88157418
same_recording_split_halves,0.38689644,0.97368421,0.88157418
same_recording_split_halves,0.3870517,0.97368421,0.88157418
same_recording_split_halves,0.38720696,0.97368421,0.88157418
same_recording_split_halves,0.38736221,0.97368421,0.88157418
same_recording_split_halves,0.38751747,0.97368421,0.88157418
same_recording_split_halves,0.38767272,0.97368421,0.88157418
same_recording_split_halves,0.38782798,0.97368421,0.88157418
same_recording_split_halves,0.38798323,0.97368421,0.88157418
same_recording_split_halves,0.38813849,0.97368421,0.88157418
same_recording_split_halves,0.38829374,0.97368421,0.88157418
same_recording_split_halves,0.388449,0.97368421,0.88157418
same_recording_split_halves,0.38860425,0.97368421,0.88157418
same_recording_split_halves,0.38875951,0.97368421,0.88157418
same_recording_split_halves,0.38891476,0.97368421,0.88157418
same_recording_split_halves,0.38907002,0.97368421,0.88157418
same_recording_split_halves,0.38922528,0.97368421,0.88157418
same_recording_split_halves,0.38938053,0.97368421,0.88157418
same_recording_split_halves,0.38953579,0.97368421,0.88157418
same_recording_split_halves,0.38969104,0.97368421,0.88157418
same_recording_split_halves,0.3898463,0.97368421,0.88157418
same_recording_split_halves,0.39000155,0.97368421,0.88157418
same_recording_split_halves,0.39015681,0.97368421,0.88157418
same_recording_split_halves,0.39031206,0.97368421,0.88157418
same_recording_split_halves,0.39046732,0.97368421,0.88157418
same_recording_split_halves,0.39062257,0.97368421,0.88157418
same_recording_split_halves,0.39077783,0.97368421,0.88157418
same_recording_split_halves,0.39093308,0.97368421,0.88157418
same_recording_split_halves,0.39108834,0.97368421,0.88157418
same_recording_split_halves,0.3912436,0.97368421,0.88157418
same_recording_split_halves,0.39139885,0.97368421,0.88157418
same_recording_split_halves,0.39155411,0.97368421,0.88157418
same_recording_split_halves,0.39170936,0.97368421,0.88157418
same_recording_split_halves,0.39186462,0.97368421,0.88157418
same_recording_split_halves,0.39201987,0.97368421,0.88157418
same_recording_split_halves,0.39217513,0.97368421,0.88157418
same_recording_split_halves,0.39233038,0.97368421,0.88157418
same_recording_split_halves,0.39248564,0.97368421,0.88157418
same_recording_split_halves,0.39264089,0.97368421,0.88157418
same_recording_split_halves,0.39279615,0.97368421,0.88157418
same_recording_split_halves,0.39295141,0.97368421,0.88157418
same_recording_split_halves,0.39310666,0.97368421,0.88157418
same_recording_split_halves,0.39326192,0.97368421,0.88157418
same_recording_split_halves,0.39341717,0.97368421,0.88157418
same_recording_split_halves,0.39357243,0.97368421,0.88157418
same_recording_split_halves,0.39372768,0.97368421,0.88157418
same_recording_split_halves,0.39388294,0.97368421,0.88157418
same_recording_split_halves,0.39403819,0.97368421,0.88157418
same_recording_split_halves,0.39419345,0.97368421,0.88157418
same_recording_split_halves,0.3943487,0.97368421,0.88157418
same_recording_split_halves,0.39450396,0.97368421,0.88157418
same_recording_split_halves,0.39465921,0.97368421,0.88157418
same_recording_split_halves,0.39481447,0.97368421,0.88157418
same_recording_split_halves,0.39496973,0.97368421,0.88157418
same_recording_split_halves,0.39512498,0.97368421,0.88157418
same_recording_split_halves,0.39528024,0.97368421,0.88157418
same_recording_split_halves,0.39543549,0.97368421,0.88157418
same_recording_split_halves,0.39559075,0.97368421,0.88157418
same_recording_split_halves,0.395746,0.97368421,0.88157418
same_recording_split_halves,0.39590126,0.97368421,0.88157418
same_recording_split_halves,0.39605651,0.97368421,0.88157418
same_recording_split_halves,0.39621177,0.97368421,0.88157418
same_recording_split_halves,0.39636702,0.97368421,0.88157418
same_recording_split_halves,0.39652228,0.97368421,0.88157418
same_recording_split_halves,0.39667753,0.97368421,0.88157418
same_recording_split_halves,0.39683279,0.97368421,0.88157418
same_recording_split_halves,0.39698805,0.97368421,0.88157418
same_recording_split_halves,0.3971433,0.97368421,0.88157418
same_recording_split_halves,0.39729856,0.97368421,0.88157418
same_recording_split_halves,0.39745381,0.97368421,0.88157418
same_recording_split_halves,0.39760907,0.97368421,0.88157418
same_recording_split_halves,0.39776432,0.97368421,0.88157418
same_recording_split_halves,0.39791958,0.97368421,0.88157418
same_recording_split_halves,0.39807483,0.97368421,0.88157418
same_recording_split_halves,0.39823009,0.97368421,0.88157418
same_recording_split_halves,0.39838534,0.97368421,0.88157418
same_recording_split_halves,0.3985406,0.97368421,0.88157418
same_recording_split_halves,0.39869585,0.97368421,0.88157418
same_recording_split_halves,0.39885111,0.97368421,0.88157418
same_recording_split_halves,0.39900637,0.97368421,0.88157418
same_recording_split_halves,0.39916162,0.97368421,0.88157418
same_recording_split_halves,0.39931688,0.97368421,0.88157418
same_recording_split_halves,0.39947213,0.97368421,0.88157418
same_recording_split_halves,0.39962739,0.97368421,0.88157418
same_recording_split_halves,0.39978264,0.97368421,0.88157418
same_recording_split_halves,0.3999379,0.97368421,0.88157418
same_recording_split_halves,0.40009315,0.97368421,0.88157418
same_recording_split_halves,0.40024841,0.97368421,0.88157418
same_recording_split_halves,0.40040366,0.97368421,0.88157418
same_recording_split_halves,0.40055892,0.97368421,0.88157418
same_recording_split_halves,0.40071417,0.97368421,0.88157418
same_recording_split_halves,0.40086943,0.97368421,0.88157418
same_recording_split_halves,0.40102469,0.97368421,0.88157418
same_recording_split_halves,0.40117994,0.97368421,0.88157418
same_recording_split_halves,0.4013352,0.97368421,0.88157418
same_recording_split_halves,0.40149045,0.97368421,0.88157418
same_recording_split_halves,0.40164571,0.97368421,0.88157418
same_recording_split_halves,0.40180096,0.97368421,0.88157418
same_recording_split_halves,0.40195622,0.97368421,0.88157418
same_recording_split_halves,0.40211147,0.97368421,0.88157418
same_recording_split_halves,0.40226673,0.97368421,0.88157418
same_recording_split_halves,0.40242198,0.97368421,0.88157418
same_recording_split_halves,0.40257724,0.97368421,0.88157418
same_recording_split_halves,0.40273249,0.97368421,0.88157418
same_recording_split_halves,0.40288775,0.97368421,0.88157418
same_recording_split_halves,0.40304301,0.97368421,0.88157418
same_recording_split_halves,0.40319826,0.97368421,0.88157418
same_recording_split_halves,0.40335352,0.97368421,0.88157418
same_recording_split_halves,0.40350877,0.97368421,0.88157418
same_recording_split_halves,0.40366403,0.97368421,0.88157418
same_recording_split_halves,0.40381928,0.97368421,0.88157418
same_recording_split_halves,0.40397454,0.97368421,0.88157418
same_recording_split_halves,0.40412979,0.97368421,0.88157418
same_recording_split_halves,0.40428505,0.97368421,0.88157418
same_recording_split_halves,0.4044403,0.97368421,0.88157418
same_recording_split_halves,0.40459556,0.97368421,0.88157418
same_recording_split_halves,0.40475082,0.97368421,0.88157418
same_recording_split_halves,0.40490607,0.97368421,0.88157418
same_recording_split_halves,0.40506133,0.97368421,0.88157418
same_recording_split_halves,0.40521658,0.97368421,0.88157418
same_recording_split_halves,0.40537184,0.97368421,0.88157418
same_recording_split_halves,0.40552709,0.97368421,0.88157418
same_recording_split_halves,0.40568235,0.97368421,0.88157418
same_recording_split_halves,0.4058376,0.97368421,0.88157418
same_recording_split_halves,0.40599286,0.97368421,0.88157418
same_recording_split_halves,0.40614811,0.97368421,0.88157418
same_recording_split_halves,0.40630337,0.97368421,0.88157418
same_recording_split_halves,0.40645862,0.97368421,0.88157418
same_recording_split_halves,0.40661388,0.97368421,0.88157418
same_recording_split_halves,0.40676914,0.97368421,0.88157418
same_recording_split_halves,0.40692439,0.97368421,0.88157418
same_recording_split_halves,0.40707965,0.97368421,0.88157418
same_recording_split_halves,0.4072349,0.97368421,0.88157418
same_recording_split_halves,0.40739016,0.97368421,0.88157418
same_recording_split_halves,0.40754541,0.97368421,0.88157418
same_recording_split_halves,0.40770067,0.97368421,0.88157418
same_recording_split_halves,0.40785592,0.97368421,0.88157418
same_recording_split_halves,0.40801118,0.97368421,0.88157418
same_recording_split_halves,0.40816643,0.97368421,0.88157418
same_recording_split_halves,0.40832169,0.97368421,0.88157418
same_recording_split_halves,0.40847694,0.97368421,0.88157418
same_recording_split_halves,0.4086322,0.97368421,0.88157418
same_recording_split_halves,0.40878746,0.97368421,0.88157418
same_recording_split_halves,0.40894271,0.97368421,0.88157418
same_recording_split_halves,0.40909797,0.97368421,0.88157418
same_recording_split_halves,0.40925322,0.97368421,0.88157418
same_recording_split_halves,0.40940848,0.97368421,0.88157418
same_recording_split_halves,0.40956373,0.97368421,0.88157418
same_recording_split_halves,0.40971899,0.97368421,0.88157418
same_recording_split_halves,0.40987424,0.97368421,0.88157418
same_recording_split_halves,0.4100295,0.97368421,0.88157418
same_recording_split_halves,0.41018475,0.97368421,0.88157418
same_recording_split_halves,0.41034001,0.97368421,0.88157418
same_recording_split_halves,0.41049526,0.97368421,0.88157418
same_recording_split_halves,0.41065052,0.97368421,0.88157418
same_recording_split_halves,0.41080578,0.97368421,0.88157418
same_recording_split_halves,0.41096103,0.97368421,0.88157418
same_recording_split_halves,0.41111629,0.97368421,0.88157418
same_recording_split_halves,0.41127154,0.97368421,0.88157418
same_recording_split_halves,0.4114268,0.97368421,0.88157418
same_recording_split_halves,0.41158205,0.97368421,0.88157418
same_recording_split_halves,0.41173731,0.97368421,0.88157418
same_recording_split_halves,0.41189256,0.97368421,0.88157418
same_recording_split_halves,0.41204782,0.97368421,0.88157418
same_recording_split_halves,0.41220307,0.97368421,0.88157418
same_recording_split_halves,0.41235833,0.97368421,0.88157418
same_recording_split_halves,0.41251358,0.97368421,0.88157418
same_recording_split_halves,0.41266884,0.97368421,0.88157418
same_recording_split_halves,0.4128241,0.97368421,0.88157418
same_recording_split_halves,0.41297935,0.97368421,0.88157418
same_recording_split_halves,0.41313461,0.97368421,0.88157418
same_recording_split_halves,0.41328986,0.97368421,0.88157418
same_recording_split_halves,0.41344512,0.97368421,0.88157418
same_recording_split_halves,0.41360037,0.97368421,0.88157418
same_recording_split_halves,0.41375563,0.97368421,0.88157418
same_recording_split_halves,0.41391088,0.97368421,0.88157418
same_recording_split_halves,0.41406614,0.97368421,0.88157418
same_recording_split_halves,0.41422139,0.97368421,0.88157418
same_recording_split_halves,0.41437665,0.97368421,0.88157418
same_recording_split_halves,0.4145319,0.97368421,0.88157418
same_recording_split_halves,0.41468716,0.97368421,0.88157418
same_recording_split_halves,0.41484242,0.97368421,0.88157418
same_recording_split_halves,0.41499767,0.97368421,0.88157418
same_recording_split_halves,0.41515293,0.97368421,0.88157418
same_recording_split_halves,0.41530818,0.97368421,0.88157418
same_recording_split_halves,0.41546344,0.97368421,0.88157418
same_recording_split_halves,0.41561869,0.97368421,0.88157418
same_recording_split_halves,0.41577395,0.97368421,0.88157418
same_recording_split_halves,0.4159292,0.97368421,0.88157418
same_recording_split_halves,0.41608446,0.97368421,0.88157418
same_recording_split_halves,0.41623971,0.97368421,0.88157418
same_recording_split_halves,0.41639497,0.97368421,0.88157418
same_recording_split_halves,0.41655023,0.97368421,0.88157418
same_recording_split_halves,0.41670548,0.97368421,0.88157418
same_recording_split_halves,0.41686074,0.97368421,0.88157418
same_recording_split_halves,0.41701599,0.97368421,0.88157418
same_recording_split_halves,0.41717125,0.97368421,0.88157418
same_recording_split_halves,0.4173265,0.97368421,0.88157418
same_recording_split_halves,0.41748176,0.97368421,0.88157418
same_recording_split_halves,0.41763701,0.97368421,0.88157418
same_recording_split_halves,0.41779227,0.97368421,0.88157418
same_recording_split_halves,0.41794752,0.97368421,0.88157418
same_recording_split_halves,0.41810278,0.97368421,0.88157418
same_recording_split_halves,0.41810278,0.98245614,0.88157418
same_recording_split_halves,0.41825803,0.98245614,0.88157418
same_recording_split_halves,0.41841329,0.98245614,0.88157418
same_recording_split_halves,0.41856855,0.98245614,0.88157418
same_recording_split_halves,0.4187238,0.98245614,0.88157418
same_recording_split_halves,0.41887906,0.98245614,0.88157418
same_recording_split_halves,0.41903431,0.98245614,0.88157418
same_recording_split_halves,0.41918957,0.98245614,0.88157418
same_recording_split_halves,0.41934482,0.98245614,0.88157418
same_recording_split_halves,0.41950008,0.98245614,0.88157418
same_recording_split_halves,0.41965533,0.98245614,0.88157418
same_recording_split_halves,0.41981059,0.98245614,0.88157418
same_recording_split_halves,0.41996584,0.98245614,0.88157418
same_recording_split_halves,0.4201211,0.98245614,0.88157418
same_recording_split_halves,0.42027635,0.98245614,0.88157418
same_recording_split_halves,0.42043161,0.98245614,0.88157418
same_recording_split_halves,0.42058687,0.98245614,0.88157418
same_recording_split_halves,0.42074212,0.98245614,0.88157418
same_recording_split_halves,0.42089738,0.98245614,0.88157418
same_recording_split_halves,0.42105263,0.98245614,0.88157418
same_recording_split_halves,0.42120789,0.98245614,0.88157418
same_recording_split_halves,0.42136314,0.98245614,0.88157418
same_recording_split_halves,0.4215184,0.98245614,0.88157418
same_recording_split_halves,0.42167365,0.98245614,0.88157418
same_recording_split_halves,0.42182891,0.98245614,0.88157418
same_recording_split_halves,0.42198416,0.98245614,0.88157418
same_recording_split_halves,0.42213942,0.98245614,0.88157418
same_recording_split_halves,0.42229467,0.98245614,0.88157418
same_recording_split_halves,0.42244993,0.98245614,0.88157418
same_recording_split_halves,0.42260519,0.98245614,0.88157418
same_recording_split_halves,0.42276044,0.98245614,0.88157418
same_recording_split_halves,0.4229157,0.98245614,0.88157418
same_recording_split_halves,0.42307095,0.98245614,0.88157418
same_recording_split_halves,0.42322621,0.98245614,0.88157418
same_recording_split_halves,0.42338146,0.98245614,0.88157418
same_recording_split_halves,0.42353672,0.98245614,0.88157418
same_recording_split_halves,0.42369197,0.98245614,0.88157418
same_recording_split_halves,0.42384723,0.98245614,0.88157418
same_recording_split_halves,0.42400248,0.98245614,0.88157418
same_recording_split_halves,0.42415774,0.98245614,0.88157418
same_recording_split_halves,0.42431299,0.98245614,0.88157418
same_recording_split_halves,0.42446825,0.98245614,0.88157418
same_recording_split_halves,0.42462351,0.98245614,0.88157418
same_recording_split_halves,0.42477876,0.98245614,0.88157418
same_recording_split_halves,0.42493402,0.98245614,0.88157418
same_recording_split_halves,0.42508927,0.98245614,0.88157418
same_recording_split_halves,0.42524453,0.98245614,0.88157418
same_recording_split_halves,0.42539978,0.98245614,0.88157418
same_recording_split_halves,0.42555504,0.98245614,0.88157418
same_recording_split_halves,0.42571029,0.98245614,0.88157418
same_recording_split_halves,0.42586555,0.98245614,0.88157418
same_recording_split_halves,0.4260208,0.98245614,0.88157418
same_recording_split_halves,0.42617606,0.98245614,0.88157418
same_recording_split_halves,0.42633132,0.98245614,0.88157418
same_recording_split_halves,0.42648657,0.98245614,0.88157418
same_recording_split_halves,0.42664183,0.98245614,0.88157418
same_recording_split_halves,0.42679708,0.98245614,0.88157418
same_recording_split_halves,0.42695234,0.98245614,0.88157418
same_recording_split_halves,0.42710759,0.98245614,0.88157418
same_recording_split_halves,0.42726285,0.98245614,0.88157418
same_recording_split_halves,0.4274181,0.98245614,0.88157418
same_recording_split_halves,0.42757336,0.98245614,0.88157418
same_recording_split_halves,0.42772861,0.98245614,0.88157418
same_recording_split_halves,0.42788387,0.98245614,0.88157418
same_recording_split_halves,0.42803912,0.98245614,0.88157418
same_recording_split_halves,0.42819438,0.98245614,0.88157418
same_recording_split_halves,0.42834964,0.98245614,0.88157418
same_recording_split_halves,0.42850489,0.98245614,0.88157418
same_recording_split_halves,0.42866015,0.98245614,0.88157418
same_recording_split_halves,0.4288154,0.98245614,0.88157418
same_recording_split_halves,0.42897066,0.98245614,0.88157418
same_recording_split_halves,0.42912591,0.98245614,0.88157418
same_recording_split_halves,0.42928117,0.98245614,0.88157418
same_recording_split_halves,0.42943642,0.98245614,0.88157418
same_recording_split_halves,0.42959168,0.98245614,0.88157418
same_recording_split_halves,0.42974693,0.98245614,0.88157418
same_recording_split_halves,0.42990219,0.98245614,0.88157418
same_recording_split_halves,0.43005744,0.98245614,0.88157418
same_recording_split_halves,0.4302127,0.98245614,0.88157418
same_recording_split_halves,0.43036796,0.98245614,0.88157418
same_recording_split_halves,0.43052321,0.98245614,0.88157418
same_recording_split_halves,0.43067847,0.98245614,0.88157418
same_recording_split_halves,0.43083372,0.98245614,0.88157418
same_recording_split_halves,0.43098898,0.98245614,0.88157418
same_recording_split_halves,0.43114423,0.98245614,0.88157418
same_recording_split_halves,0.43129949,0.98245614,0.88157418
same_recording_split_halves,0.43145474,0.98245614,0.88157418
same_recording_split_halves,0.43161,0.98245614,0.88157418
same_recording_split_halves,0.43176525,0.98245614,0.88157418
same_recording_split_halves,0.43192051,0.98245614,0.88157418
same_recording_split_halves,0.43207576,0.98245614,0.88157418
same_recording_split_halves,0.43223102,0.98245614,0.88157418
same_recording_split_halves,0.43238628,0.98245614,0.88157418
same_recording_split_halves,0.43254153,0.98245614,0.88157418
same_recording_split_halves,0.43269679,0.98245614,0.88157418
same_recording_split_halves,0.43285204,0.98245614,0.88157418
same_recording_split_halves,0.4330073,0.98245614,0.88157418
same_recording_split_halves,0.43316255,0.98245614,0.88157418
same_recording_split_halves,0.43331781,0.98245614,0.88157418
same_recording_split_halves,0.43347306,0.98245614,0.88157418
same_recording_split_halves,0.43362832,0.98245614,0.88157418
same_recording_split_halves,0.43378357,0.98245614,0.88157418
same_recording_split_halves,0.43393883,0.98245614,0.88157418
same_recording_split_halves,0.43409408,0.98245614,0.88157418
same_recording_split_halves,0.43424934,0.98245614,0.88157418
same_recording_split_halves,0.4344046,0.98245614,0.88157418
same_recording_split_halves,0.43455985,0.98245614,0.88157418
same_recording_split_halves,0.43471511,0.98245614,0.88157418
same_recording_split_halves,0.43487036,0.98245614,0.88157418
same_recording_split_halves,0.43502562,0.98245614,0.88157418
same_recording_split_halves,0.43518087,0.98245614,0.88157418
same_recording_split_halves,0.43533613,0.98245614,0.88157418
same_recording_split_halves,0.43549138,0.98245614,0.88157418
same_recording_split_halves,0.43564664,0.98245614,0.88157418
same_recording_split_halves,0.43580189,0.98245614,0.88157418
same_recording_split_halves,0.43595715,0.98245614,0.88157418
same_recording_split_halves,0.4361124,0.98245614,0.88157418
same_recording_split_halves,0.43626766,0.98245614,0.88157418
same_recording_split_halves,0.43642292,0.98245614,0.88157418
same_recording_split_halves,0.43657817,0.98245614,0.88157418
same_recording_split_halves,0.43673343,0.98245614,0.88157418
same_recording_split_halves,0.43688868,0.98245614,0.88157418
same_recording_split_halves,0.43704394,0.98245614,0.88157418
same_recording_split_halves,0.43719919,0.98245614,0.88157418
same_recording_split_halves,0.43735445,0.98245614,0.88157418
same_recording_split_halves,0.4375097,0.98245614,0.88157418
same_recording_split_halves,0.43766496,0.98245614,0.88157418
same_recording_split_halves,0.43782021,0.98245614,0.88157418
same_recording_split_halves,0.43797547,0.98245614,0.88157418
same_recording_split_halves,0.43813073,0.98245614,0.88157418
same_recording_split_halves,0.43828598,0.98245614,0.88157418
same_recording_split_halves,0.43844124,0.98245614,0.88157418
same_recording_split_halves,0.43859649,0.98245614,0.88157418
same_recording_split_halves,0.43875175,0.98245614,0.88157418
same_recording_split_halves,0.438907,0.98245614,0.88157418
same_recording_split_halves,0.43906226,0.98245614,0.88157418
same_recording_split_halves,0.43921751,0.98245614,0.88157418
same_recording_split_halves,0.43937277,0.98245614,0.88157418
same_recording_split_halves,0.43952802,0.98245614,0.88157418
same_recording_split_halves,0.43968328,0.98245614,0.88157418
same_recording_split_halves,0.43983853,0.98245614,0.88157418
same_recording_split_halves,0.43999379,0.98245614,0.88157418
same_recording_split_halves,0.44014905,0.98245614,0.88157418
same_recording_split_halves,0.4403043,0.98245614,0.88157418
same_recording_split_halves,0.44045956,0.98245614,0.88157418
same_recording_split_halves,0.44061481,0.98245614,0.88157418
same_recording_split_halves,0.44077007,0.98245614,0.88157418
same_recording_split_halves,0.44092532,0.98245614,0.88157418
same_recording_split_halves,0.44108058,0.98245614,0.88157418
same_recording_split_halves,0.44123583,0.98245614,0.88157418
same_recording_split_halves,0.44139109,0.98245614,0.88157418
same_recording_split_halves,0.44154634,0.98245614,0.88157418
same_recording_split_halves,0.4417016,0.98245614,0.88157418
same_recording_split_halves,0.44185685,0.98245614,0.88157418
same_recording_split_halves,0.44201211,0.98245614,0.88157418
same_recording_split_halves,0.44216737,0.98245614,0.88157418
same_recording_split_halves,0.44232262,0.98245614,0.88157418
same_recording_split_halves,0.44247788,0.98245614,0.88157418
same_recording_split_halves,0.44263313,0.98245614,0.88157418
same_recording_split_halves,0.44278839,0.98245614,0.88157418
same_recording_split_halves,0.44294364,0.98245614,0.88157418
same_recording_split_halves,0.4430989,0.98245614,0.88157418
same_recording_split_halves,0.44325415,0.98245614,0.88157418
same_recording_split_halves,0.44340941,0.98245614,0.88157418
same_recording_split_halves,0.44356466,0.98245614,0.88157418
same_recording_split_halves,0.44371992,0.98245614,0.88157418
same_recording_split_halves,0.44387517,0.98245614,0.88157418
same_recording_split_halves,0.44403043,0.98245614,0.88157418
same_recording_split_halves,0.44418569,0.98245614,0.88157418
same_recording_split_halves,0.44434094,0.98245614,0.88157418
same_recording_split_halves,0.4444962,0.98245614,0.88157418
same_recording_split_halves,0.44465145,0.98245614,0.88157418
same_recording_split_halves,0.44480671,0.98245614,0.88157418
same_recording_split_halves,0.44496196,0.98245614,0.88157418
same_recording_split_halves,0.44511722,0.98245614,0.88157418
same_recording_split_halves,0.44527247,0.98245614,0.88157418
same_recording_split_halves,0.44542773,0.98245614,0.88157418
same_recording_split_halves,0.44558298,0.98245614,0.88157418
same_recording_split_halves,0.44573824,0.98245614,0.88157418
same_recording_split_halves,0.44589349,0.98245614,0.88157418
same_recording_split_halves,0.44604875,0.98245614,0.88157418
same_recording_split_halves,0.44620401,0.98245614,0.88157418
same_recording_split_halves,0.44635926,0.98245614,0.88157418
same_recording_split_halves,0.44651452,0.98245614,0.88157418
same_recording_split_halves,0.44666977,0.98245614,0.88157418
same_recording_split_halves,0.44682503,0.98245614,0.88157418
same_recording_split_halves,0.44698028,0.98245614,0.88157418
same_recording_split_halves,0.44713554,0.98245614,0.88157418
same_recording_split_halves,0.44729079,0.98245614,0.88157418
same_recording_split_halves,0.44744605,0.98245614,0.88157418
same_recording_split_halves,0.4476013,0.98245614,0.88157418
same_recording_split_halves,0.44775656,0.98245614,0.88157418
same_recording_split_halves,0.44791181,0.98245614,0.88157418
same_recording_split_halves,0.44806707,0.98245614,0.88157418
same_recording_split_halves,0.44822233,0.98245614,0.88157418
same_recording_split_halves,0.44837758,0.98245614,0.88157418
same_recording_split_halves,0.44853284,0.98245614,0.88157418
same_recording_split_halves,0.44868809,0.98245614,0.88157418
same_recording_split_halves,0.44884335,0.98245614,0.88157418
same_recording_split_halves,0.4489986,0.98245614,0.88157418
same_recording_split_halves,0.44915386,0.98245614,0.88157418
same_recording_split_halves,0.44930911,0.98245614,0.88157418
same_recording_split_halves,0.44946437,0.98245614,0.88157418
same_recording_split_halves,0.44961962,0.98245614,0.88157418
same_recording_split_halves,0.44977488,0.98245614,0.88157418
same_recording_split_halves,0.44993014,0.98245614,0.88157418
same_recording_split_halves,0.45008539,0.98245614,0.88157418
same_recording_split_halves,0.45024065,0.98245614,0.88157418
same_recording_split_halves,0.4503959,0.98245614,0.88157418
same_recording_split_halves,0.45055116,0.98245614,0.88157418
same_recording_split_halves,0.45070641,0.98245614,0.88157418
same_recording_split_halves,0.45086167,0.98245614,0.88157418
same_recording_split_halves,0.45101692,0.98245614,0.88157418
same_recording_split_halves,0.45117218,0.98245614,0.88157418
same_recording_split_halves,0.45132743,0.98245614,0.88157418
same_recording_split_halves,0.45148269,0.98245614,0.88157418
same_recording_split_halves,0.45163794,0.98245614,0.88157418
same_recording_split_halves,0.4517932,0.98245614,0.88157418
same_recording_split_halves,0.45194846,0.98245614,0.88157418
same_recording_split_halves,0.45210371,0.98245614,0.88157418
same_recording_split_halves,0.45225897,0.98245614,0.88157418
same_recording_split_halves,0.45241422,0.98245614,0.88157418
same_recording_split_halves,0.45256948,0.98245614,0.88157418
same_recording_split_halves,0.45272473,0.98245614,0.88157418
same_recording_split_halves,0.45287999,0.98245614,0.88157418
same_recording_split_halves,0.45303524,0.98245614,0.88157418
same_recording_split_halves,0.4531905,0.98245614,0.88157418
same_recording_split_halves,0.45334575,0.98245614,0.88157418
same_recording_split_halves,0.45350101,0.98245614,0.88157418
same_recording_split_halves,0.45365626,0.98245614,0.88157418
same_recording_split_halves,0.45381152,0.98245614,0.88157418
same_recording_split_halves,0.45396678,0.98245614,0.88157418
same_recording_split_halves,0.45412203,0.98245614,0.88157418
same_recording_split_halves,0.45427729,0.98245614,0.88157418
same_recording_split_halves,0.45443254,0.98245614,0.88157418
same_recording_split_halves,0.4545878,0.98245614,0.88157418
same_recording_split_halves,0.45474305,0.98245614,0.88157418
same_recording_split_halves,0.45489831,0.98245614,0.88157418
same_recording_split_halves,0.45505356,0.98245614,0.88157418
same_recording_split_halves,0.45520882,0.98245614,0.88157418
same_recording_split_halves,0.45536407,0.98245614,0.88157418
same_recording_split_halves,0.45536407,0.99122807,0.88157418
same_recording_split_halves,0.45551933,0.99122807,0.88157418
same_recording_split_halves,0.45567458,0.99122807,0.88157418
same_recording_split_halves,0.45582984,0.99122807,0.88157418
same_recording_split_halves,0.4559851,0.99122807,0.88157418
same_recording_split_halves,0.45614035,0.99122807,0.88157418
same_recording_split_halves,0.45629561,0.99122807,0.88157418
same_recording_split_halves,0.45645086,0.99122807,0.88157418
same_recording_split_halves,0.45660612,0.99122807,0.88157418
same_recording_split_halves,0.45676137,0.99122807,0.88157418
same_recording_split_halves,0.45691663,0.99122807,0.88157418
same_recording_split_halves,0.45707188,0.99122807,0.88157418
same_recording_split_halves,0.45722714,0.99122807,0.88157418
same_recording_split_halves,0.45738239,0.99122807,0.88157418
same_recording_split_halves,0.45753765,0.99122807,0.88157418
same_recording_split_halves,0.4576929,0.99122807,0.88157418
same_recording_split_halves,0.45784816,0.99122807,0.88157418
same_recording_split_halves,0.45800342,0.99122807,0.88157418
same_recording_split_halves,0.45815867,0.99122807,0.88157418
same_recording_split_halves,0.45831393,0.99122807,0.88157418
same_recording_split_halves,0.45846918,0.99122807,0.88157418
same_recording_split_halves,0.45862444,0.99122807,0.88157418
same_recording_split_halves,0.45877969,0.99122807,0.88157418
same_recording_split_halves,0.45893495,0.99122807,0.88157418
same_recording_split_halves,0.4590902,0.99122807,0.88157418
same_recording_split_halves,0.45924546,0.99122807,0.88157418
same_recording_split_halves,0.45940071,0.99122807,0.88157418
same_recording_split_halves,0.45955597,0.99122807,0.88157418
same_recording_split_halves,0.45971122,0.99122807,0.88157418
same_recording_split_halves,0.45986648,0.99122807,0.88157418
same_recording_split_halves,0.46002174,0.99122807,0.88157418
same_recording_split_halves,0.46017699,0.99122807,0.88157418
same_recording_split_halves,0.46033225,0.99122807,0.88157418
same_recording_split_halves,0.4604875,0.99122807,0.88157418
same_recording_split_halves,0.46064276,0.99122807,0.88157418
same_recording_split_halves,0.46079801,0.99122807,0.88157418
same_recording_split_halves,0.46095327,0.99122807,0.88157418
same_recording_split_halves,0.46110852,0.99122807,0.88157418
same_recording_split_halves,0.46126378,0.99122807,0.88157418
same_recording_split_halves,0.46141903,0.99122807,0.88157418
same_recording_split_halves,0.46157429,0.99122807,0.88157418
same_recording_split_halves,0.46172955,0.99122807,0.88157418
same_recording_split_halves,0.4618848,0.99122807,0.88157418
same_recording_split_halves,0.46204006,0.99122807,0.88157418
same_recording_split_halves,0.46219531,0.99122807,0.88157418
same_recording_split_halves,0.46235057,0.99122807,0.88157418
same_recording_split_halves,0.46250582,0.99122807,0.88157418
same_recording_split_halves,0.46266108,0.99122807,0.88157418
same_recording_split_halves,0.46281633,0.99122807,0.88157418
same_recording_split_halves,0.46297159,0.99122807,0.88157418
same_recording_split_halves,0.46312684,0.99122807,0.88157418
same_recording_split_halves,0.4632821,0.99122807,0.88157418
same_recording_split_halves,0.46343735,0.99122807,0.88157418
same_recording_split_halves,0.46359261,0.99122807,0.88157418
same_recording_split_halves,0.46374787,0.99122807,0.88157418
same_recording_split_halves,0.46390312,0.99122807,0.88157418
same_recording_split_halves,0.46405838,0.99122807,0.88157418
same_recording_split_halves,0.46421363,0.99122807,0.88157418
same_recording_split_halves,0.46436889,0.99122807,0.88157418
same_recording_split_halves,0.46452414,0.99122807,0.88157418
same_recording_split_halves,0.4646794,0.99122807,0.88157418
same_recording_split_halves,0.46483465,0.99122807,0.88157418
same_recording_split_halves,0.46498991,0.99122807,0.88157418
same_recording_split_halves,0.46514516,0.99122807,0.88157418
same_recording_split_halves,0.46530042,0.99122807,0.88157418
same_recording_split_halves,0.46545567,0.99122807,0.88157418
same_recording_split_halves,0.46561093,0.99122807,0.88157418
same_recording_split_halves,0.46576619,0.99122807,0.88157418
same_recording_split_halves,0.46592144,0.99122807,0.88157418
same_recording_split_halves,0.4660767,0.99122807,0.88157418
same_recording_split_halves,0.46623195,0.99122807,0.88157418
same_recording_split_halves,0.46638721,0.99122807,0.88157418
same_recording_split_halves,0.46654246,0.99122807,0.88157418
same_recording_split_halves,0.46669772,0.99122807,0.88157418
same_recording_split_halves,0.46685297,0.99122807,0.88157418
same_recording_split_halves,0.46700823,0.99122807,0.88157418
same_recording_split_halves,0.46716348,0.99122807,0.88157418
same_recording_split_halves,0.46731874,0.99122807,0.88157418
same_recording_split_halves,0.46747399,0.99122807,0.88157418
same_recording_split_halves,0.46762925,0.99122807,0.88157418
same_recording_split_halves,0.46778451,0.99122807,0.88157418
same_recording_split_halves,0.46793976,0.99122807,0.88157418
same_recording_split_halves,0.46809502,0.99122807,0.88157418
same_recording_split_halves,0.46825027,0.99122807,0.88157418
same_recording_split_halves,0.46840553,0.99122807,0.88157418
same_recording_split_halves,0.46856078,0.99122807,0.88157418
same_recording_split_halves,0.46871604,0.99122807,0.88157418
same_recording_split_halves,0.46887129,0.99122807,0.88157418
same_recording_split_halves,0.46902655,0.99122807,0.88157418
same_recording_split_halves,0.4691818,0.99122807,0.88157418
same_recording_split_halves,0.46933706,0.99122807,0.88157418
same_recording_split_halves,0.46949231,0.99122807,0.88157418
same_recording_split_halves,0.46964757,0.99122807,0.88157418
same_recording_split_halves,0.46980283,0.99122807,0.88157418
same_recording_split_halves,0.46995808,0.99122807,0.88157418
same_recording_split_halves,0.47011334,0.99122807,0.88157418
same_recording_split_halves,0.47026859,0.99122807,0.88157418
same_recording_split_halves,0.47042385,0.99122807,0.88157418
same_recording_split_halves,0.4705791,0.99122807,0.88157418
same_recording_split_halves,0.47073436,0.99122807,0.88157418
same_recording_split_halves,0.47088961,0.99122807,0.88157418
same_recording_split_halves,0.47104487,0.99122807,0.88157418
same_recording_split_halves,0.47120012,0.99122807,0.88157418
same_recording_split_halves,0.47135538,0.99122807,0.88157418
same_recording_split_halves,0.47151063,0.99122807,0.88157418
same_recording_split_halves,0.47166589,0.99122807,0.88157418
same_recording_split_halves,0.47182115,0.99122807,0.88157418
same_recording_split_halves,0.4719764,0.99122807,0.88157418
same_recording_split_halves,0.47213166,0.99122807,0.88157418
same_recording_split_halves,0.47228691,0.99122807,0.88157418
same_recording_split_halves,0.47244217,0.99122807,0.88157418
same_recording_split_halves,0.47259742,0.99122807,0.88157418
same_recording_split_halves,0.47275268,0.99122807,0.88157418
same_recording_split_halves,0.47290793,0.99122807,0.88157418
same_recording_split_halves,0.47306319,0.99122807,0.88157418
same_recording_split_halves,0.47321844,0.99122807,0.88157418
same_recording_split_halves,0.4733737,0.99122807,0.88157418
same_recording_split_halves,0.4733737,1,0.88157418
same_recording_split_halves,0.47352896,1,0.88157418
same_recording_split_halves,0.47368421,1,0.88157418
same_recording_split_halves,0.47383947,1,0.88157418
same_recording_split_halves,0.47399472,1,0.88157418
same_recording_split_halves,0.47414998,1,0.88157418
same_recording_split_halves,0.47430523,1,0.88157418
same_recording_split_halves,0.47446049,1,0.88157418
same_recording_split_halves,0.47461574,1,0.88157418
same_recording_split_halves,0.474771,1,0.88157418
same_recording_split_halves,0.47492625,1,0.88157418
same_recording_split_halves,0.47508151,1,0.88157418
same_recording_split_halves,0.47523676,1,0.88157418
same_recording_split_halves,0.47539202,1,0.88157418
same_recording_split_halves,0.47554728,1,0.88157418
same_recording_split_halves,0.47570253,1,0.88157418
same_recording_split_halves,0.47585779,1,0.88157418
same_recording_split_halves,0.47601304,1,0.88157418
same_recording_split_halves,0.4761683,1,0.88157418
same_recording_split_halves,0.47632355,1,0.88157418
same_recording_split_halves,0.47647881,1,0.88157418
same_recording_split_halves,0.47663406,1,0.88157418
same_recording_split_halves,0.47678932,1,0.88157418
same_recording_split_halves,0.47694457,1,0.88157418
same_recording_split_halves,0.47709983,1,0.88157418
same_recording_split_halves,0.47725508,1,0.88157418
same_recording_split_halves,0.47741034,1,0.88157418
same_recording_split_halves,0.4775656,1,0.88157418
same_recording_split_halves,0.47772085,1,0.88157418
same_recording_split_halves,0.47787611,1,0.88157418
same_recording_split_halves,0.47803136,1,0.88157418
same_recording_split_halves,0.47818662,1,0.88157418
same_recording_split_halves,0.47834187,1,0.88157418
same_recording_split_halves,0.47849713,1,0.88157418
same_recording_split_halves,0.47865238,1,0.88157418
same_recording_split_halves,0.47880764,1,0.88157418
same_recording_split_halves,0.47896289,1,0.88157418
same_recording_split_halves,0.47911815,1,0.88157418
same_recording_split_halves,0.4792734,1,0.88157418
same_recording_split_halves,0.47942866,1,0.88157418
same_recording_split_halves,0.47958392,1,0.88157418
same_recording_split_halves,0.47973917,1,0.88157418
same_recording_split_halves,0.47989443,1,0.88157418
same_recording_split_halves,0.48004968,1,0.88157418
same_recording_split_halves,0.48020494,1,0.88157418
same_recording_split_halves,0.48036019,1,0.88157418
same_recording_split_halves,0.48051545,1,0.88157418
same_recording_split_halves,0.4806707,1,0.88157418
same_recording_split_halves,0.48082596,1,0.88157418
same_recording_split_halves,0.48098121,1,0.88157418
same_recording_split_halves,0.48113647,1,0.88157418
same_recording_split_halves,0.48129172,1,0.88157418
same_recording_split_halves,0.48144698,1,0.88157418
same_recording_split_halves,0.48160224,1,0.88157418
same_recording_split_halves,0.48175749,1,0.88157418
same_recording_split_halves,0.48191275,1,0.88157418
same_recording_split_halves,0.482068,1,0.88157418
same_recording_split_halves,0.48222326,1,0.88157418
same_recording_split_halves,0.48237851,1,0.88157418
same_recording_split_halves,0.48253377,1,0.88157418
same_recording_split_halves,0.48268902,1,0.88157418
same_recording_split_halves,0.48284428,1,0.88157418
same_recording_split_halves,0.48299953,1,0.88157418
same_recording_split_halves,0.48315479,1,0.88157418
same_recording_split_halves,0.48331005,1,0.88157418
same_recording_split_halves,0.4834653,1,0.88157418
same_recording_split_halves,0.48362056,1,0.88157418
same_recording_split_halves,0.48377581,1,0.88157418
same_recording_split_halves,0.48393107,1,0.88157418
same_recording_split_halves,0.48408632,1,0.88157418
same_recording_split_halves,0.48424158,1,0.88157418
same_recording_split_halves,0.48439683,1,0.88157418
same_recording_split_halves,0.48455209,1,0.88157418
same_recording_split_halves,0.48470734,1,0.88157418
same_recording_split_halves,0.4848626,1,0.88157418
same_recording_split_halves,0.48501785,1,0.88157418
same_recording_split_halves,0.48517311,1,0.88157418
same_recording_split_halves,0.48532837,1,0.88157418
same_recording_split_halves,0.48548362,1,0.88157418
same_recording_split_halves,0.48563888,1,0.88157418
same_recording_split_halves,0.48579413,1,0.88157418
same_recording_split_halves,0.48594939,1,0.88157418
same_recording_split_halves,0.48610464,1,0.88157418
same_recording_split_halves,0.4862599,1,0.88157418
same_recording_split_halves,0.48641515,1,0.88157418
same_recording_split_halves,0.48657041,1,0.88157418
same_recording_split_halves,0.48672566,1,0.88157418
same_recording_split_halves,0.48688092,1,0.88157418
same_recording_split_halves,0.48703617,1,0.88157418
same_recording_split_halves,0.48719143,1,0.88157418
same_recording_split_halves,0.48734669,1,0.88157418
same_recording_split_halves,0.48750194,1,0.88157418
same_recording_split_halves,0.4876572,1,0.88157418
same_recording_split_halves,0.48781245,1,0.88157418
same_recording_split_halves,0.48796771,1,0.88157418
same_recording_split_halves,0.48812296,1,0.88157418
same_recording_split_halves,0.48827822,1,0.88157418
same_recording_split_halves,0.48843347,1,0.88157418
same_recording_split_halves,0.48858873,1,0.88157418
same_recording_split_halves,0.48874398,1,0.88157418
same_recording_split_halves,0.48889924,1,0.88157418
same_recording_split_halves,0.48905449,1,0.88157418
same_recording_split_halves,0.48920975,1,0.88157418
same_recording_split_halves,0.48936501,1,0.88157418
same_recording_split_halves,0.48952026,1,0.88157418
same_recording_split_halves,0.48967552,1,0.88157418
same_recording_split_halves,0.48983077,1,0.88157418
same_recording_split_halves,0.48998603,1,0.88157418
same_recording_split_halves,0.49014128,1,0.88157418
same_recording_split_halves,0.49029654,1,0.88157418
same_recording_split_halves,0.49045179,1,0.88157418
same_recording_split_halves,0.49060705,1,0.88157418
same_recording_split_halves,0.4907623,1,0.88157418
same_recording_split_halves,0.49091756,1,0.88157418
same_recording_split_halves,0.49107281,1,0.88157418
same_recording_split_halves,0.49122807,1,0.88157418
same_recording_split_halves,0.49138333,1,0.88157418
same_recording_split_halves,0.49153858,1,0.88157418
same_recording_split_halves,0.49169384,1,0.88157418
same_recording_split_halves,0.49184909,1,0.88157418
same_recording_split_halves,0.49200435,1,0.88157418
same_recording_split_halves,0.4921596,1,0.88157418
same_recording_split_halves,0.49231486,1,0.88157418
same_recording_split_halves,0.49247011,1,0.88157418
same_recording_split_halves,0.49262537,1,0.88157418
same_recording_split_halves,0.49278062,1,0.88157418
same_recording_split_halves,0.49293588,1,0.88157418
same_recording_split_halves,0.49309113,1,0.88157418
same_recording_split_halves,0.49324639,1,0.88157418
same_recording_split_halves,0.49340165,1,0.88157418
same_recording_split_halves,0.4935569,1,0.88157418
same_recording_split_halves,0.49371216,1,0.88157418
same_recording_split_halves,0.49386741,1,0.88157418
same_recording_split_halves,0.49402267,1,0.88157418
same_recording_split_halves,0.49417792,1,0.88157418
same_recording_split_halves,0.49433318,1,0.88157418
same_recording_split_halves,0.49448843,1,0.88157418
same_recording_split_halves,0.49464369,1,0.88157418
same_recording_split_halves,0.49479894,1,0.88157418
same_recording_split_halves,0.4949542,1,0.88157418
same_recording_split_halves,0.49510946,1,0.88157418
same_recording_split_halves,0.49526471,1,0.88157418
same_recording_split_halves,0.49541997,1,0.88157418
same_recording_split_halves,0.49557522,1,0.88157418
same_recording_split_halves,0.49573048,1,0.88157418
same_recording_split_halves,0.49588573,1,0.88157418
same_recording_split_halves,0.49604099,1,0.88157418
same_recording_split_halves,0.49619624,1,0.88157418
same_recording_split_halves,0.4963515,1,0.88157418
same_recording_split_halves,0.49650675,1,0.88157418
same_recording_split_halves,0.49666201,1,0.88157418
same_recording_split_halves,0.49681726,1,0.88157418
same_recording_split_halves,0.49697252,1,0.88157418
same_recording_split_halves,0.49712778,1,0.88157418
same_recording_split_halves,0.49728303,1,0.88157418
same_recording_split_halves,0.49743829,1,0.88157418
same_recording_split_halves,0.49759354,1,0.88157418
same_recording_split_halves,0.4977488,1,0.88157418
same_recording_split_halves,0.49790405,1,0.88157418
same_recording_split_halves,0.49805931,1,0.88157418
same_recording_split_halves,0.49821456,1,0.88157418
same_recording_split_halves,0.49836982,1,0.88157418
same_recording_split_halves,0.49852507,1,0.88157418
same_recording_split_halves,0.49868033,1,0.88157418
same_recording_split_halves,0.49883558,1,0.88157418
same_recording_split_halves,0.49899084,1,0.88157418
same_recording_split_halves,0.4991461,1,0.88157418
same_recording_split_halves,0.49930135,1,0.88157418
same_recording_split_halves,0.49945661,1,0.88157418
same_recording_split_halves,0.49961186,1,0.88157418
same_recording_split_halves,0.49976712,1,0.88157418
same_recording_split_halves,0.49992237,1,0.88157418
same_recording_split_halves,0.50007763,1,0.88157418
same_recording_split_halves,0.50023288,1,0.88157418
same_recording_split_halves,0.50038814,1,0.88157418
same_recording_split_halves,0.50054339,1,0.88157418
same_recording_split_halves,0.50069865,1,0.88157418
same_recording_split_halves,0.5008539,1,0.88157418
same_recording_split_halves,0.50100916,1,0.88157418
same_recording_split_halves,0.50116442,1,0.88157418
same_recording_split_halves,0.50131967,1,0.88157418
same_recording_split_halves,0.50147493,1,0.88157418
same_recording_split_halves,0.50163018,1,0.88157418
same_recording_split_halves,0.50178544,1,0.88157418
same_recording_split_halves,0.50194069,1,0.88157418
same_recording_split_halves,0.50209595,1,0.88157418
same_recording_split_halves,0.5022512,1,0.88157418
same_recording_split_halves,0.50240646,1,0.88157418
same_recording_split_halves,0.50256171,1,0.88157418
same_recording_split_halves,0.50271697,1,0.88157418
same_recording_split_halves,0.50287222,1,0.88157418
same_recording_split_halves,0.50302748,1,0.88157418
same_recording_split_halves,0.50318274,1,0.88157418
same_recording_split_halves,0.50333799,1,0.88157418
same_recording_split_halves,0.50349325,1,0.88157418
same_recording_split_halves,0.5036485,1,0.88157418
same_recording_split_halves,0.50380376,1,0.88157418
same_recording_split_halves,0.50395901,1,0.88157418
same_recording_split_halves,0.50411427,1,0.88157418
same_recording_split_halves,0.50426952,1,0.88157418
same_recording_split_halves,0.50442478,1,0.88157418
same_recording_split_halves,0.50458003,1,0.88157418
same_recording_split_halves,0.50473529,1,0.88157418
same_recording_split_halves,0.50489054,1,0.88157418
same_recording_split_halves,0.5050458,1,0.88157418
same_recording_split_halves,0.50520106,1,0.88157418
same_recording_split_halves,0.50535631,1,0.88157418
same_recording_split_halves,0.50551157,1,0.88157418
same_recording_split_halves,0.50566682,1,0.88157418
same_recording_split_halves,0.50582208,1,0.88157418
same_recording_split_halves,0.50597733,1,0.88157418
same_recording_split_halves,0.50613259,1,0.88157418
same_recording_split_halves,0.50628784,1,0.88157418
same_recording_split_halves,0.5064431,1,0.88157418
same_recording_split_halves,0.50659835,1,0.88157418
same_recording_split_halves,0.50675361,1,0.88157418
same_recording_split_halves,0.50690887,1,0.88157418
same_recording_split_halves,0.50706412,1,0.88157418
same_recording_split_halves,0.50721938,1,0.88157418
same_recording_split_halves,0.50737463,1,0.88157418
same_recording_split_halves,0.50752989,1,0.88157418
same_recording_split_halves,0.50768514,1,0.88157418
same_recording_split_halves,0.5078404,1,0.88157418
same_recording_split_halves,0.50799565,1,0.88157418
same_recording_split_halves,0.50815091,1,0.88157418
same_recording_split_halves,0.50830616,1,0.88157418
same_recording_split_halves,0.50846142,1,0.88157418
same_recording_split_halves,0.50861667,1,0.88157418
same_recording_split_halves,0.50877193,1,0.88157418
same_recording_split_halves,0.50892719,1,0.88157418
same_recording_split_halves,0.50908244,1,0.88157418
same_recording_split_halves,0.5092377,1,0.88157418
same_recording_split_halves,0.50939295,1,0.88157418
same_recording_split_halves,0.50954821,1,0.88157418
same_recording_split_halves,0.50970346,1,0.88157418
same_recording_split_halves,0.50985872,1,0.88157418
same_recording_split_halves,0.51001397,1,0.88157418
same_recording_split_halves,0.51016923,1,0.88157418
same_recording_split_halves,0.51032448,1,0.88157418
same_recording_split_halves,0.51047974,1,0.88157418
same_recording_split_halves,0.51063499,1,0.88157418
same_recording_split_halves,0.51079025,1,0.88157418
same_recording_split_halves,0.51094551,1,0.88157418
same_recording_split_halves,0.51110076,1,0.88157418
same_recording_split_halves,0.51125602,1,0.88157418
same_recording_split_halves,0.51141127,1,0.88157418
same_recording_split_halves,0.51156653,1,0.88157418
same_recording_split_halves,0.51172178,1,0.88157418
same_recording_split_halves,0.51187704,1,0.88157418
same_recording_split_halves,0.51203229,1,0.88157418
same_recording_split_halves,0.51218755,1,0.88157418
same_recording_split_halves,0.5123428,1,0.88157418
same_recording_split_halves,0.51249806,1,0.88157418
same_recording_split_halves,0.51265331,1,0.88157418
same_recording_split_halves,0.51280857,1,0.88157418
same_recording_split_halves,0.51296383,1,0.88157418
same_recording_split_halves,0.51311908,1,0.88157418
same_recording_split_halves,0.51327434,1,0.88157418
same_recording_split_halves,0.51342959,1,0.88157418
same_recording_split_halves,0.51358485,1,0.88157418
same_recording_split_halves,0.5137401,1,0.88157418
same_recording_split_halves,0.51389536,1,0.88157418
same_recording_split_halves,0.51405061,1,0.88157418
same_recording_split_halves,0.51420587,1,0.88157418
same_recording_split_halves,0.51436112,1,0.88157418
same_recording_split_halves,0.51451638,1,0.88157418
same_recording_split_halves,0.51467163,1,0.88157418
same_recording_split_halves,0.51482689,1,0.88157418
same_recording_split_halves,0.51498215,1,0.88157418
same_recording_split_halves,0.5151374,1,0.88157418
same_recording_split_halves,0.51529266,1,0.88157418
same_recording_split_halves,0.51544791,1,0.88157418
same_recording_split_halves,0.51560317,1,0.88157418
same_recording_split_halves,0.51575842,1,0.88157418
same_recording_split_halves,0.51591368,1,0.88157418
same_recording_split_halves,0.51606893,1,0.88157418
same_recording_split_halves,0.51622419,1,0.88157418
same_recording_split_halves,0.51637944,1,0.88157418
same_recording_split_halves,0.5165347,1,0.88157418
same_recording_split_halves,0.51668995,1,0.88157418
same_recording_split_halves,0.51684521,1,0.88157418
same_recording_split_halves,0.51700047,1,0.88157418
same_recording_split_halves,0.51715572,1,0.88157418
same_recording_split_halves,0.51731098,1,0.88157418
same_recording_split_halves,0.51746623,1,0.88157418
same_recording_split_halves,0.51762149,1,0.88157418
same_recording_split_halves,0.51777674,1,0.88157418
same_recording_split_halves,0.517932,1,0.88157418
same_recording_split_halves,0.51808725,1,0.88157418
same_recording_split_halves,0.51824251,1,0.88157418
same_recording_split_halves,0.51839776,1,0.88157418
same_recording_split_halves,0.51855302,1,0.88157418
same_recording_split_halves,0.51870828,1,0.88157418
same_recording_split_halves,0.51886353,1,0.88157418
same_recording_split_halves,0.51901879,1,0.88157418
same_recording_split_halves,0.51917404,1,0.88157418
same_recording_split_halves,0.5193293,1,0.88157418
same_recording_split_halves,0.51948455,1,0.88157418
same_recording_split_halves,0.51963981,1,0.88157418
same_recording_split_halves,0.51979506,1,0.88157418
same_recording_split_halves,0.51995032,1,0.88157418
same_recording_split_halves,0.52010557,1,0.88157418
same_recording_split_halves,0.52026083,1,0.88157418
same_recording_split_halves,0.52041608,1,0.88157418
same_recording_split_halves,0.52057134,1,0.88157418
same_recording_split_halves,0.5207266,1,0.88157418
same_recording_split_halves,0.52088185,1,0.88157418
same_recording_split_halves,0.52103711,1,0.88157418
same_recording_split_halves,0.52119236,1,0.88157418
same_recording_split_halves,0.52134762,1,0.88157418
same_recording_split_halves,0.52150287,1,0.88157418
same_recording_split_halves,0.52165813,1,0.88157418
same_recording_split_halves,0.52181338,1,0.88157418
same_recording_split_halves,0.52196864,1,0.88157418
same_recording_split_halves,0.52212389,1,0.88157418
same_recording_split_halves,0.52227915,1,0.88157418
same_recording_split_halves,0.5224344,1,0.88157418
same_recording_split_halves,0.52258966,1,0.88157418
same_recording_split_halves,0.52274492,1,0.88157418
same_recording_split_halves,0.52290017,1,0.88157418
same_recording_split_halves,0.52305543,1,0.88157418
same_recording_split_halves,0.52321068,1,0.88157418
same_recording_split_halves,0.52336594,1,0.88157418
same_recording_split_halves,0.52352119,1,0.88157418
same_recording_split_halves,0.52367645,1,0.88157418
same_recording_split_halves,0.5238317,1,0.88157418
same_recording_split_halves,0.52398696,1,0.88157418
same_recording_split_halves,0.52414221,1,0.88157418
same_recording_split_halves,0.52429747,1,0.88157418
same_recording_split_halves,0.52445272,1,0.88157418
same_recording_split_halves,0.52460798,1,0.88157418
same_recording_split_halves,0.52476324,1,0.88157418
same_recording_split_halves,0.52491849,1,0.88157418
same_recording_split_halves,0.52507375,1,0.88157418
same_recording_split_halves,0.525229,1,0.88157418
same_recording_split_halves,0.52538426,1,0.88157418
same_recording_split_halves,0.52553951,1,0.88157418
same_recording_split_halves,0.52569477,1,0.88157418
same_recording_split_halves,0.52585002,1,0.88157418
same_recording_split_halves,0.52600528,1,0.88157418
same_recording_split_halves,0.52616053,1,0.88157418
same_recording_split_halves,0.52631579,1,0.88157418
same_recording_split_halves,0.52647104,1,0.88157418
same_recording_split_halves,0.5266263,1,0.88157418
same_recording_split_halves,0.52678156,1,0.88157418
same_recording_split_halves,0.52693681,1,0.88157418
same_recording_split_halves,0.52709207,1,0.88157418
same_recording_split_halves,0.52724732,1,0.88157418
same_recording_split_halves,0.52740258,1,0.88157418
same_recording_split_halves,0.52755783,1,0.88157418
same_recording_split_halves,0.52771309,1,0.88157418
same_recording_split_halves,0.52786834,1,0.88157418
same_recording_split_halves,0.5280236,1,0.88157418
same_recording_split_halves,0.52817885,1,0.88157418
same_recording_split_halves,0.52833411,1,0.88157418
same_recording_split_halves,0.52848937,1,0.88157418
same_recording_split_halves,0.52864462,1,0.88157418
same_recording_split_halves,0.52879988,1,0.88157418
same_recording_split_halves,0.52895513,1,0.88157418
same_recording_split_halves,0.52911039,1,0.88157418
same_recording_split_halves,0.52926564,1,0.88157418
same_recording_split_halves,0.5294209,1,0.88157418
same_recording_split_halves,0.52957615,1,0.88157418
same_recording_split_halves,0.52973141,1,0.88157418
same_recording_split_halves,0.52988666,1,0.88157418
same_recording_split_halves,0.53004192,1,0.88157418
same_recording_split_halves,0.53019717,1,0.88157418
same_recording_split_halves,0.53035243,1,0.88157418
same_recording_split_halves,0.53050769,1,0.88157418
same_recording_split_halves,0.53066294,1,0.88157418
same_recording_split_halves,0.5308182,1,0.88157418
same_recording_split_halves,0.53097345,1,0.88157418
same_recording_split_halves,0.53112871,1,0.88157418
same_recording_split_halves,0.53128396,1,0.88157418
same_recording_split_halves,0.53143922,1,0.88157418
same_recording_split_halves,0.53159447,1,0.88157418
same_recording_split_halves,0.53174973,1,0.88157418
same_recording_split_halves,0.53190498,1,0.88157418
same_recording_split_halves,0.53206024,1,0.88157418
same_recording_split_halves,0.53221549,1,0.88157418
same_recording_split_halves,0.53237075,1,0.88157418
same_recording_split_halves,0.53252601,1,0.88157418
same_recording_split_halves,0.53268126,1,0.88157418
same_recording_split_halves,0.53283652,1,0.88157418
same_recording_split_halves,0.53299177,1,0.88157418
same_recording_split_halves,0.53314703,1,0.88157418
same_recording_split_halves,0.53330228,1,0.88157418
same_recording_split_halves,0.53345754,1,0.88157418
same_recording_split_halves,0.53361279,1,0.88157418
same_recording_split_halves,0.53376805,1,0.88157418
same_recording_split_halves,0.5339233,1,0.88157418
same_recording_split_halves,0.53407856,1,0.88157418
same_recording_split_halves,0.53423381,1,0.88157418
same_recording_split_halves,0.53438907,1,0.88157418
same_recording_split_halves,0.53454433,1,0.88157418
same_recording_split_halves,0.53469958,1,0.88157418
same_recording_split_halves,0.53485484,1,0.88157418
same_recording_split_halves,0.53501009,1,0.88157418
same_recording_split_halves,0.53516535,1,0.88157418
same_recording_split_halves,0.5353206,1,0.88157418
same_recording_split_halves,0.53547586,1,0.88157418
same_recording_split_halves,0.53563111,1,0.88157418
same_recording_split_halves,0.53578637,1,0.88157418
same_recording_split_halves,0.53594162,1,0.88157418
same_recording_split_halves,0.53609688,1,0.88157418
same_recording_split_halves,0.53625213,1,0.88157418
same_recording_split_halves,0.53640739,1,0.88157418
same_recording_split_halves,0.53656265,1,0.88157418
same_recording_split_halves,0.5367179,1,0.88157418
same_recording_split_halves,0.53687316,1,0.88157418
same_recording_split_halves,0.53702841,1,0.88157418
same_recording_split_halves,0.53718367,1,0.88157418
same_recording_split_halves,0.53733892,1,0.88157418
same_recording_split_halves,0.53749418,1,0.88157418
same_recording_split_halves,0.53764943,1,0.88157418
same_recording_split_halves,0.53780469,1,0.88157418
same_recording_split_halves,0.53795994,1,0.88157418
same_recording_split_halves,0.5381152,1,0.88157418
same_recording_split_halves,0.53827045,1,0.88157418
same_recording_split_halves,0.53842571,1,0.88157418
same_recording_split_halves,0.53858097,1,0.88157418
same_recording_split_halves,0.53873622,1,0.88157418
same_recording_split_halves,0.53889148,1,0.88157418
same_recording_split_halves,0.53904673,1,0.88157418
same_recording_split_halves,0.53920199,1,0.88157418
same_recording_split_halves,0.53935724,1,0.88157418
same_recording_split_halves,0.5395125,1,0.88157418
same_recording_split_halves,0.53966775,1,0.88157418
same_recording_split_halves,0.53982301,1,0.88157418
same_recording_split_halves,0.53997826,1,0.88157418
same_recording_split_halves,0.54013352,1,0.88157418
same_recording_split_halves,0.54028878,1,0.88157418
same_recording_split_halves,0.54044403,1,0.88157418
same_recording_split_halves,0.54059929,1,0.88157418
same_recording_split_halves,0.54075454,1,0.88157418
same_recording_split_halves,0.5409098,1,0.88157418
same_recording_split_halves,0.54106505,1,0.88157418
same_recording_split_halves,0.54122031,1,0.88157418
same_recording_split_halves,0.54137556,1,0.88157418
same_recording_split_halves,0.54153082,1,0.88157418
same_recording_split_halves,0.54168607,1,0.88157418
same_recording_split_halves,0.54184133,1,0.88157418
same_recording_split_halves,0.54199658,1,0.88157418
same_recording_split_halves,0.54215184,1,0.88157418
same_recording_split_halves,0.5423071,1,0.88157418
same_recording_split_halves,0.54246235,1,0.88157418
same_recording_split_halves,0.54261761,1,0.88157418
same_recording_split_halves,0.54277286,1,0.88157418
same_recording_split_halves,0.54292812,1,0.88157418
same_recording_split_halves,0.54308337,1,0.88157418
same_recording_split_halves,0.54323863,1,0.88157418
same_recording_split_halves,0.54339388,1,0.88157418
same_recording_split_halves,0.54354914,1,0.88157418
same_recording_split_halves,0.54370439,1,0.88157418
same_recording_split_halves,0.54385965,1,0.88157418
same_recording_split_halves,0.5440149,1,0.88157418
same_recording_split_halves,0.54417016,1,0.88157418
same_recording_split_halves,0.54432542,1,0.88157418
same_recording_split_halves,0.54448067,1,0.88157418
same_recording_split_halves,0.54463593,1,0.88157418
same_recording_split_halves,0.54479118,1,0.88157418
same_recording_split_halves,0.54494644,1,0.88157418
same_recording_split_halves,0.54510169,1,0.88157418
same_recording_split_halves,0.54525695,1,0.88157418
same_recording_split_halves,0.5454122,1,0.88157418
same_recording_split_halves,0.54556746,1,0.88157418
same_recording_split_halves,0.54572271,1,0.88157418
same_recording_split_halves,0.54587797,1,0.88157418
same_recording_split_halves,0.54603322,1,0.88157418
same_recording_split_halves,0.54618848,1,0.88157418
same_recording_split_halves,0.54634374,1,0.88157418
same_recording_split_halves,0.54649899,1,0.88157418
same_recording_split_halves,0.54665425,1,0.88157418
same_recording_split_halves,0.5468095,1,0.88157418
same_recording_split_halves,0.54696476,1,0.88157418
same_recording_split_halves,0.54712001,1,0.88157418
same_recording_split_halves,0.54727527,1,0.88157418
same_recording_split_halves,0.54743052,1,0.88157418
same_recording_split_halves,0.54758578,1,0.88157418
same_recording_split_halves,0.54774103,1,0.88157418
same_recording_split_halves,0.54789629,1,0.88157418
same_recording_split_halves,0.54805154,1,0.88157418
same_recording_split_halves,0.5482068,1,0.88157418
same_recording_split_halves,0.54836206,1,0.88157418
same_recording_split_halves,0.54851731,1,0.88157418
same_recording_split_halves,0.54867257,1,0.88157418
same_recording_split_halves,0.54882782,1,0.88157418
same_recording_split_halves,0.54898308,1,0.88157418
same_recording_split_halves,0.54913833,1,0.88157418
same_recording_split_halves,0.54929359,1,0.88157418
same_recording_split_halves,0.54944884,1,0.88157418
same_recording_split_halves,0.5496041,1,0.88157418
same_recording_split_halves,0.54975935,1,0.88157418
same_recording_split_halves,0.54991461,1,0.88157418
same_recording_split_halves,0.55006986,1,0.88157418
same_recording_split_halves,0.55022512,1,0.88157418
same_recording_split_halves,0.55038038,1,0.88157418
same_recording_split_halves,0.55053563,1,0.88157418
same_recording_split_halves,0.55069089,1,0.88157418
same_recording_split_halves,0.55084614,1,0.88157418
same_recording_split_halves,0.5510014,1,0.88157418
same_recording_split_halves,0.55115665,1,0.88157418
same_recording_split_halves,0.55131191,1,0.88157418
same_recording_split_halves,0.55146716,1,0.88157418
same_recording_split_halves,0.55162242,1,0.88157418
same_recording_split_halves,0.55177767,1,0.88157418
same_recording_split_halves,0.55193293,1,0.88157418
same_recording_split_halves,0.55208819,1,0.88157418
same_recording_split_halves,0.55224344,1,0.88157418
same_recording_split_halves,0.5523987,1,0.88157418
same_recording_split_halves,0.55255395,1,0.88157418
same_recording_split_halves,0.55270921,1,0.88157418
same_recording_split_halves,0.55286446,1,0.88157418
same_recording_split_halves,0.55301972,1,0.88157418
same_recording_split_halves,0.55317497,1,0.88157418
same_recording_split_halves,0.55333023,1,0.88157418
same_recording_split_halves,0.55348548,1,0.88157418
same_recording_split_halves,0.55364074,1,0.88157418
same_recording_split_halves,0.55379599,1,0.88157418
same_recording_split_halves,0.55395125,1,0.88157418
same_recording_split_halves,0.55410651,1,0.88157418
same_recording_split_halves,0.55426176,1,0.88157418
same_recording_split_halves,0.55441702,1,0.88157418
same_recording_split_halves,0.55457227,1,0.88157418
same_recording_split_halves,0.55472753,1,0.88157418
same_recording_split_halves,0.55488278,1,0.88157418
same_recording_split_halves,0.55503804,1,0.88157418
same_recording_split_halves,0.55519329,1,0.88157418
same_recording_split_halves,0.55534855,1,0.88157418
same_recording_split_halves,0.5555038,1,0.88157418
same_recording_split_halves,0.55565906,1,0.88157418
same_recording_split_halves,0.55581431,1,0.88157418
same_recording_split_halves,0.55596957,1,0.88157418
same_recording_split_halves,0.55612483,1,0.88157418
same_recording_split_halves,0.55628008,1,0.88157418
same_recording_split_halves,0.55643534,1,0.88157418
same_recording_split_halves,0.55659059,1,0.88157418
same_recording_split_halves,0.55674585,1,0.88157418
same_recording_split_halves,0.5569011,1,0.88157418
same_recording_split_halves,0.55705636,1,0.88157418
same_recording_split_halves,0.55721161,1,0.88157418
same_recording_split_halves,0.55736687,1,0.88157418
same_recording_split_halves,0.55752212,1,0.88157418
same_recording_split_halves,0.55767738,1,0.88157418
same_recording_split_halves,0.55783263,1,0.88157418
same_recording_split_halves,0.55798789,1,0.88157418
same_recording_split_halves,0.55814315,1,0.88157418
same_recording_split_halves,0.5582984,1,0.88157418
same_recording_split_halves,0.55845366,1,0.88157418
same_recording_split_halves,0.55860891,1,0.88157418
same_recording_split_halves,0.55876417,1,0.88157418
same_recording_split_halves,0.55891942,1,0.88157418
same_recording_split_halves,0.55907468,1,0.88157418
same_recording_split_halves,0.55922993,1,0.88157418
same_recording_split_halves,0.55938519,1,0.88157418
same_recording_split_halves,0.55954044,1,0.88157418
same_recording_split_halves,0.5596957,1,0.88157418
same_recording_split_halves,0.55985095,1,0.88157418
same_recording_split_halves,0.56000621,1,0.88157418
same_recording_split_halves,0.56016147,1,0.88157418
same_recording_split_halves,0.56031672,1,0.88157418
same_recording_split_halves,0.56047198,1,0.88157418
same_recording_split_halves,0.56062723,1,0.88157418
same_recording_split_halves,0.56078249,1,0.88157418
same_recording_split_halves,0.56093774,1,0.88157418
same_recording_split_halves,0.561093,1,0.88157418
same_recording_split_halves,0.56124825,1,0.88157418
same_recording_split_halves,0.56140351,1,0.88157418
same_recording_split_halves,0.56155876,1,0.88157418
same_recording_split_halves,0.56171402,1,0.88157418
same_recording_split_halves,0.56186927,1,0.88157418
same_recording_split_halves,0.56202453,1,0.88157418
same_recording_split_halves,0.56217979,1,0.88157418
same_recording_split_halves,0.56233504,1,0.88157418
same_recording_split_halves,0.5624903,1,0.88157418
same_recording_split_halves,0.56264555,1,0.88157418
same_recording_split_halves,0.56280081,1,0.88157418
same_recording_split_halves,0.56295606,1,0.88157418
same_recording_split_halves,0.56311132,1,0.88157418
same_recording_split_halves,0.56326657,1,0.88157418
same_recording_split_halves,0.56342183,1,0.88157418
same_recording_split_halves,0.56357708,1,0.88157418
same_recording_split_halves,0.56373234,1,0.88157418
same_recording_split_halves,0.5638876,1,0.88157418
same_recording_split_halves,0.56404285,1,0.88157418
same_recording_split_halves,0.56419811,1,0.88157418
same_recording_split_halves,0.56435336,1,0.88157418
same_recording_split_halves,0.56450862,1,0.88157418
same_recording_split_halves,0.56466387,1,0.88157418
same_recording_split_halves,0.56481913,1,0.88157418
same_recording_split_halves,0.56497438,1,0.88157418
same_recording_split_halves,0.56512964,1,0.88157418
same_recording_split_halves,0.56528489,1,0.88157418
same_recording_split_halves,0.56544015,1,0.88157418
same_recording_split_halves,0.5655954,1,0.88157418
same_recording_split_halves,0.56575066,1,0.88157418
same_recording_split_halves,0.56590592,1,0.88157418
same_recording_split_halves,0.56606117,1,0.88157418
same_recording_split_halves,0.56621643,1,0.88157418
same_recording_split_halves,0.56637168,1,0.88157418
same_recording_split_halves,0.56652694,1,0.88157418
same_recording_split_halves,0.56668219,1,0.88157418
same_recording_split_halves,0.56683745,1,0.88157418
same_recording_split_halves,0.5669927,1,0.88157418
same_recording_split_halves,0.56714796,1,0.88157418
same_recording_split_halves,0.56730321,1,0.88157418
same_recording_split_halves,0.56745847,1,0.88157418
same_recording_split_halves,0.56761372,1,0.88157418
same_recording_split_halves,0.56776898,1,0.88157418
same_recording_split_halves,0.56792424,1,0.88157418
same_recording_split_halves,0.56807949,1,0.88157418
same_recording_split_halves,0.56823475,1,0.88157418
same_recording_split_halves,0.56839,1,0.88157418
same_recording_split_halves,0.56854526,1,0.88157418
same_recording_split_halves,0.56870051,1,0.88157418
same_recording_split_halves,0.56885577,1,0.88157418
same_recording_split_halves,0.56901102,1,0.88157418
same_recording_split_halves,0.56916628,1,0.88157418
same_recording_split_halves,0.56932153,1,0.88157418
same_recording_split_halves,0.56947679,1,0.88157418
same_recording_split_halves,0.56963204,1,0.88157418
same_recording_split_halves,0.5697873,1,0.88157418
same_recording_split_halves,0.56994256,1,0.88157418
same_recording_split_halves,0.57009781,1,0.88157418
same_recording_split_halves,0.57025307,1,0.88157418
same_recording_split_halves,0.57040832,1,0.88157418
same_recording_split_halves,0.57056358,1,0.88157418
same_recording_split_halves,0.57071883,1,0.88157418
same_recording_split_halves,0.57087409,1,0.88157418
same_recording_split_halves,0.57102934,1,0.88157418
same_recording_split_halves,0.5711846,1,0.88157418
same_recording_split_halves,0.57133985,1,0.88157418
same_recording_split_halves,0.57149511,1,0.88157418
same_recording_split_halves,0.57165036,1,0.88157418
same_recording_split_halves,0.57180562,1,0.88157418
same_recording_split_halves,0.57196088,1,0.88157418
same_recording_split_halves,0.57211613,1,0.88157418
same_recording_split_halves,0.57227139,1,0.88157418
same_recording_split_halves,0.57242664,1,0.88157418
same_recording_split_halves,0.5725819,1,0.88157418
same_recording_split_halves,0.57273715,1,0.88157418
same_recording_split_halves,0.57289241,1,0.88157418
same_recording_split_halves,0.57304766,1,0.88157418
same_recording_split_halves,0.57320292,1,0.88157418
same_recording_split_halves,0.57335817,1,0.88157418
same_recording_split_halves,0.57351343,1,0.88157418
same_recording_split_halves,0.57366868,1,0.88157418
same_recording_split_halves,0.57382394,1,0.88157418
same_recording_split_halves,0.5739792,1,0.88157418
same_recording_split_halves,0.57413445,1,0.88157418
same_recording_split_halves,0.57428971,1,0.88157418
same_recording_split_halves,0.57444496,1,0.88157418
same_recording_split_halves,0.57460022,1,0.88157418
same_recording_split_halves,0.57475547,1,0.88157418
same_recording_split_halves,0.57491073,1,0.88157418
same_recording_split_halves,0.57506598,1,0.88157418
same_recording_split_halves,0.57522124,1,0.88157418
same_recording_split_halves,0.57537649,1,0.88157418
same_recording_split_halves,0.57553175,1,0.88157418
same_recording_split_halves,0.57568701,1,0.88157418
same_recording_split_halves,0.57584226,1,0.88157418
same_recording_split_halves,0.57599752,1,0.88157418
same_recording_split_halves,0.57615277,1,0.88157418
same_recording_split_halves,0.57630803,1,0.88157418
same_recording_split_halves,0.57646328,1,0.88157418
same_recording_split_halves,0.57661854,1,0.88157418
same_recording_split_halves,0.57677379,1,0.88157418
same_recording_split_halves,0.57692905,1,0.88157418
same_recording_split_halves,0.5770843,1,0.88157418
same_recording_split_halves,0.57723956,1,0.88157418
same_recording_split_halves,0.57739481,1,0.88157418
same_recording_split_halves,0.57755007,1,0.88157418
same_recording_split_halves,0.57770533,1,0.88157418
same_recording_split_halves,0.57786058,1,0.88157418
same_recording_split_halves,0.57801584,1,0.88157418
same_recording_split_halves,0.57817109,1,0.88157418
same_recording_split_halves,0.57832635,1,0.88157418
same_recording_split_halves,0.5784816,1,0.88157418
same_recording_split_halves,0.57863686,1,0.88157418
same_recording_split_halves,0.57879211,1,0.88157418
same_recording_split_halves,0.57894737,1,0.88157418
same_recording_split_halves,0.57910262,1,0.88157418
same_recording_split_halves,0.57925788,1,0.88157418
same_recording_split_halves,0.57941313,1,0.88157418
same_recording_split_halves,0.57956839,1,0.88157418
same_recording_split_halves,0.57972365,1,0.88157418
same_recording_split_halves,0.5798789,1,0.88157418
same_recording_split_halves,0.58003416,1,0.88157418
same_recording_split_halves,0.58018941,1,0.88157418
same_recording_split_halves,0.58034467,1,0.88157418
same_recording_split_halves,0.58049992,1,0.88157418
same_recording_split_halves,0.58065518,1,0.88157418
same_recording_split_halves,0.58081043,1,0.88157418
same_recording_split_halves,0.58096569,1,0.88157418
same_recording_split_halves,0.58112094,1,0.88157418
same_recording_split_halves,0.5812762,1,0.88157418
same_recording_split_halves,0.58143145,1,0.88157418
same_recording_split_halves,0.58158671,1,0.88157418
same_recording_split_halves,0.58174197,1,0.88157418
same_recording_split_halves,0.58189722,1,0.88157418
same_recording_split_halves,0.58205248,1,0.88157418
same_recording_split_halves,0.58220773,1,0.88157418
same_recording_split_halves,0.58236299,1,0.88157418
same_recording_split_halves,0.58251824,1,0.88157418
same_recording_split_halves,0.5826735,1,0.88157418
same_recording_split_halves,0.58282875,1,0.88157418
same_recording_split_halves,0.58298401,1,0.88157418
same_recording_split_halves,0.58313926,1,0.88157418
same_recording_split_halves,0.58329452,1,0.88157418
same_recording_split_halves,0.58344977,1,0.88157418
same_recording_split_halves,0.58360503,1,0.88157418
same_recording_split_halves,0.58376029,1,0.88157418
same_recording_split_halves,0.58391554,1,0.88157418
same_recording_split_halves,0.5840708,1,0.88157418
same_recording_split_halves,0.58422605,1,0.88157418
same_recording_split_halves,0.58438131,1,0.88157418
same_recording_split_halves,0.58453656,1,0.88157418
same_recording_split_halves,0.58469182,1,0.88157418
same_recording_split_halves,0.58484707,1,0.88157418
same_recording_split_halves,0.58500233,1,0.88157418
same_recording_split_halves,0.58515758,1,0.88157418
same_recording_split_halves,0.58531284,1,0.88157418
same_recording_split_halves,0.5854681,1,0.88157418
same_recording_split_halves,0.58562335,1,0.88157418
same_recording_split_halves,0.58577861,1,0.88157418
same_recording_split_halves,0.58593386,1,0.88157418
same_recording_split_halves,0.58608912,1,0.88157418
same_recording_split_halves,0.58624437,1,0.88157418
same_recording_split_halves,0.58639963,1,0.88157418
same_recording_split_halves,0.58655488,1,0.88157418
same_recording_split_halves,0.58671014,1,0.88157418
same_recording_split_halves,0.58686539,1,0.88157418
same_recording_split_halves,0.58702065,1,0.88157418
same_recording_split_halves,0.5871759,1,0.88157418
same_recording_split_halves,0.58733116,1,0.88157418
same_recording_split_halves,0.58748642,1,0.88157418
same_recording_split_halves,0.58764167,1,0.88157418
same_recording_split_halves,0.58779693,1,0.88157418
same_recording_split_halves,0.58795218,1,0.88157418
same_recording_split_halves,0.58810744,1,0.88157418
same_recording_split_halves,0.58826269,1,0.88157418
same_recording_split_halves,0.58841795,1,0.88157418
same_recording_split_halves,0.5885732,1,0.88157418
same_recording_split_halves,0.58872846,1,0.88157418
same_recording_split_halves,0.58888371,1,0.88157418
same_recording_split_halves,0.58903897,1,0.88157418
same_recording_split_halves,0.58919422,1,0.88157418
same_recording_split_halves,0.58934948,1,0.88157418
same_recording_split_halves,0.58950474,1,0.88157418
same_recording_split_halves,0.58965999,1,0.88157418
same_recording_split_halves,0.58981525,1,0.88157418
same_recording_split_halves,0.5899705,1,0.88157418
same_recording_split_halves,0.59012576,1,0.88157418
same_recording_split_halves,0.59028101,1,0.88157418
same_recording_split_halves,0.59043627,1,0.88157418
same_recording_split_halves,0.59059152,1,0.88157418
same_recording_split_halves,0.59074678,1,0.88157418
same_recording_split_halves,0.59090203,1,0.88157418
same_recording_split_halves,0.59105729,1,0.88157418
same_recording_split_halves,0.59121254,1,0.88157418
same_recording_split_halves,0.5913678,1,0.88157418
same_recording_split_halves,0.59152306,1,0.88157418
same_recording_split_halves,0.59167831,1,0.88157418
same_recording_split_halves,0.59183357,1,0.88157418
same_recording_split_halves,0.59198882,1,0.88157418
same_recording_split_halves,0.59214408,1,0.88157418
same_recording_split_halves,0.59229933,1,0.88157418
same_recording_split_halves,0.59245459,1,0.88157418
same_recording_split_halves,0.59260984,1,0.88157418
same_recording_split_halves,0.5927651,1,0.88157418
same_recording_split_halves,0.59292035,1,0.88157418
same_recording_split_halves,0.59307561,1,0.88157418
same_recording_split_halves,0.59323086,1,0.88157418
same_recording_split_halves,0.59338612,1,0.88157418
same_recording_split_halves,0.59354138,1,0.88157418
same_recording_split_halves,0.59369663,1,0.88157418
same_recording_split_halves,0.59385189,1,0.88157418
same_recording_split_halves,0.59400714,1,0.88157418
same_recording_split_halves,0.5941624,1,0.88157418
same_recording_split_halves,0.59431765,1,0.88157418
same_recording_split_halves,0.59447291,1,0.88157418
same_recording_split_halves,0.59462816,1,0.88157418
same_recording_split_halves,0.59478342,1,0.88157418
same_recording_split_halves,0.59493867,1,0.88157418
same_recording_split_halves,0.59509393,1,0.88157418
same_recording_split_halves,0.59524918,1,0.88157418
same_recording_split_halves,0.59540444,1,0.88157418
same_recording_split_halves,0.5955597,1,0.88157418
same_recording_split_halves,0.59571495,1,0.88157418
same_recording_split_halves,0.59587021,1,0.88157418
same_recording_split_halves,0.59602546,1,0.88157418
same_recording_split_halves,0.59618072,1,0.88157418
same_recording_split_halves,0.59633597,1,0.88157418
same_recording_split_halves,0.59649123,1,0.88157418
same_recording_split_halves,0.59664648,1,0.88157418
same_recording_split_halves,0.59680174,1,0.88157418
same_recording_split_halves,0.59695699,1,0.88157418
same_recording_split_halves,0.59711225,1,0.88157418
same_recording_split_halves,0.59726751,1,0.88157418
same_recording_split_halves,0.59742276,1,0.88157418
same_recording_split_halves,0.59757802,1,0.88157418
same_recording_split_halves,0.59773327,1,0.88157418
same_recording_split_halves,0.59788853,1,0.88157418
same_recording_split_halves,0.59804378,1,0.88157418
same_recording_split_halves,0.59819904,1,0.88157418
same_recording_split_halves,0.59835429,1,0.88157418
same_recording_split_halves,0.59850955,1,0.88157418
same_recording_split_halves,0.5986648,1,0.88157418
same_recording_split_halves,0.59882006,1,0.88157418
same_recording_split_halves,0.59897531,1,0.88157418
same_recording_split_halves,0.59913057,1,0.88157418
same_recording_split_halves,0.59928583,1,0.88157418
same_recording_split_halves,0.59944108,1,0.88157418
same_recording_split_halves,0.59959634,1,0.88157418
same_recording_split_halves,0.59975159,1,0.88157418
same_recording_split_halves,0.59990685,1,0.88157418
same_recording_split_halves,0.6000621,1,0.88157418
same_recording_split_halves,0.60021736,1,0.88157418
same_recording_split_halves,0.60037261,1,0.88157418
same_recording_split_halves,0.60052787,1,0.88157418
same_recording_split_halves,0.60068312,1,0.88157418
same_recording_split_halves,0.60083838,1,0.88157418
same_recording_split_halves,0.60099363,1,0.88157418
same_recording_split_halves,0.60114889,1,0.88157418
same_recording_split_halves,0.60130415,1,0.88157418
same_recording_split_halves,0.6014594,1,0.88157418
same_recording_split_halves,0.60161466,1,0.88157418
same_recording_split_halves,0.60176991,1,0.88157418
same_recording_split_halves,0.60192517,1,0.88157418
same_recording_split_halves,0.60208042,1,0.88157418
same_recording_split_halves,0.60223568,1,0.88157418
same_recording_split_halves,0.60239093,1,0.88157418
same_recording_split_halves,0.60254619,1,0.88157418
same_recording_split_halves,0.60270144,1,0.88157418
same_recording_split_halves,0.6028567,1,0.88157418
same_recording_split_halves,0.60301195,1,0.88157418
same_recording_split_halves,0.60316721,1,0.88157418
same_recording_split_halves,0.60332247,1,0.88157418
same_recording_split_halves,0.60347772,1,0.88157418
same_recording_split_halves,0.60363298,1,0.88157418
same_recording_split_halves,0.60378823,1,0.88157418
same_recording_split_halves,0.60394349,1,0.88157418
same_recording_split_halves,0.60409874,1,0.88157418
same_recording_split_halves,0.604254,1,0.88157418
same_recording_split_halves,0.60440925,1,0.88157418
same_recording_split_halves,0.60456451,1,0.88157418
same_recording_split_halves,0.60471976,1,0.88157418
same_recording_split_halves,0.60487502,1,0.88157418
same_recording_split_halves,0.60503027,1,0.88157418
same_recording_split_halves,0.60518553,1,0.88157418
same_recording_split_halves,0.60534079,1,0.88157418
same_recording_split_halves,0.60549604,1,0.88157418
same_recording_split_halves,0.6056513,1,0.88157418
same_recording_split_halves,0.60580655,1,0.88157418
same_recording_split_halves,0.60596181,1,0.88157418
same_recording_split_halves,0.60611706,1,0.88157418
same_recording_split_halves,0.60627232,1,0.88157418
same_recording_split_halves,0.60642757,1,0.88157418
same_recording_split_halves,0.60658283,1,0.88157418
same_recording_split_halves,0.60673808,1,0.88157418
same_recording_split_halves,0.60689334,1,0.88157418
same_recording_split_halves,0.60704859,1,0.88157418
same_recording_split_halves,0.60720385,1,0.88157418
same_recording_split_halves,0.60735911,1,0.88157418
same_recording_split_halves,0.60751436,1,0.88157418
same_recording_split_halves,0.60766962,1,0.88157418
same_recording_split_halves,0.60782487,1,0.88157418
same_recording_split_halves,0.60798013,1,0.88157418
same_recording_split_halves,0.60813538,1,0.88157418
same_recording_split_halves,0.60829064,1,0.88157418
same_recording_split_halves,0.60844589,1,0.88157418
same_recording_split_halves,0.60860115,1,0.88157418
same_recording_split_halves,0.6087564,1,0.88157418
same_recording_split_halves,0.60891166,1,0.88157418
same_recording_split_halves,0.60906692,1,0.88157418
same_recording_split_halves,0.60922217,1,0.88157418
same_recording_split_halves,0.60937743,1,0.88157418
same_recording_split_halves,0.60953268,1,0.88157418
same_recording_split_halves,0.60968794,1,0.88157418
same_recording_split_halves,0.60984319,1,0.88157418
same_recording_split_halves,0.60999845,1,0.88157418
same_recording_split_halves,0.6101537,1,0.88157418
same_recording_split_halves,0.61030896,1,0.88157418
same_recording_split_halves,0.61046421,1,0.88157418
same_recording_split_halves,0.61061947,1,0.88157418
same_recording_split_halves,0.61077472,1,0.88157418
same_recording_split_halves,0.61092998,1,0.88157418
same_recording_split_halves,0.61108524,1,0.88157418
same_recording_split_halves,0.61124049,1,0.88157418
same_recording_split_halves,0.61139575,1,0.88157418
same_recording_split_halves,0.611551,1,0.88157418
same_recording_split_halves,0.61170626,1,0.88157418
same_recording_split_halves,0.61186151,1,0.88157418
same_recording_split_halves,0.61201677,1,0.88157418
same_recording_split_halves,0.61217202,1,0.88157418
same_recording_split_halves,0.61232728,1,0.88157418
same_recording_split_halves,0.61248253,1,0.88157418
same_recording_split_halves,0.61263779,1,0.88157418
same_recording_split_halves,0.61279304,1,0.88157418
same_recording_split_halves,0.6129483,1,0.88157418
same_recording_split_halves,0.61310356,1,0.88157418
same_recording_split_halves,0.61325881,1,0.88157418
same_recording_split_halves,0.61341407,1,0.88157418
same_recording_split_halves,0.61356932,1,0.88157418
same_recording_split_halves,0.61372458,1,0.88157418
same_recording_split_halves,0.61387983,1,0.88157418
same_recording_split_halves,0.61403509,1,0.88157418
same_recording_split_halves,0.61419034,1,0.88157418
same_recording_split_halves,0.6143456,1,0.88157418
same_recording_split_halves,0.61450085,1,0.88157418
same_recording_split_halves,0.61465611,1,0.88157418
same_recording_split_halves,0.61481136,1,0.88157418
same_recording_split_halves,0.61496662,1,0.88157418
same_recording_split_halves,0.61512188,1,0.88157418
same_recording_split_halves,0.61527713,1,0.88157418
same_recording_split_halves,0.61543239,1,0.88157418
same_recording_split_halves,0.61558764,1,0.88157418
same_recording_split_halves,0.6157429,1,0.88157418
same_recording_split_halves,0.61589815,1,0.88157418
same_recording_split_halves,0.61605341,1,0.88157418
same_recording_split_halves,0.61620866,1,0.88157418
same_recording_split_halves,0.61636392,1,0.88157418
same_recording_split_halves,0.61651917,1,0.88157418
same_recording_split_halves,0.61667443,1,0.88157418
same_recording_split_halves,0.61682968,1,0.88157418
same_recording_split_halves,0.61698494,1,0.88157418
same_recording_split_halves,0.6171402,1,0.88157418
same_recording_split_halves,0.61729545,1,0.88157418
same_recording_split_halves,0.61745071,1,0.88157418
same_recording_split_halves,0.61760596,1,0.88157418
same_recording_split_halves,0.61776122,1,0.88157418
same_recording_split_halves,0.61791647,1,0.88157418
same_recording_split_halves,0.61807173,1,0.88157418
same_recording_split_halves,0.61822698,1,0.88157418
same_recording_split_halves,0.61838224,1,0.88157418
same_recording_split_halves,0.61853749,1,0.88157418
same_recording_split_halves,0.61869275,1,0.88157418
same_recording_split_halves,0.618848,1,0.88157418
same_recording_split_halves,0.61900326,1,0.88157418
same_recording_split_halves,0.61915852,1,0.88157418
same_recording_split_halves,0.61931377,1,0.88157418
same_recording_split_halves,0.61946903,1,0.88157418
same_recording_split_halves,0.61962428,1,0.88157418
same_recording_split_halves,0.61977954,1,0.88157418
same_recording_split_halves,0.61993479,1,0.88157418
same_recording_split_halves,0.62009005,1,0.88157418
same_recording_split_halves,0.6202453,1,0.88157418
same_recording_split_halves,0.62040056,1,0.88157418
same_recording_split_halves,0.62055581,1,0.88157418
same_recording_split_halves,0.62071107,1,0.88157418
same_recording_split_halves,0.62086633,1,0.88157418
same_recording_split_halves,0.62102158,1,0.88157418
same_recording_split_halves,0.62117684,1,0.88157418
same_recording_split_halves,0.62133209,1,0.88157418
same_recording_split_halves,0.62148735,1,0.88157418
same_recording_split_halves,0.6216426,1,0.88157418
same_recording_split_halves,0.62179786,1,0.88157418
same_recording_split_halves,0.62195311,1,0.88157418
same_recording_split_halves,0.62210837,1,0.88157418
same_recording_split_halves,0.62226362,1,0.88157418
same_recording_split_halves,0.62241888,1,0.88157418
same_recording_split_halves,0.62257413,1,0.88157418
same_recording_split_halves,0.62272939,1,0.88157418
same_recording_split_halves,0.62288465,1,0.88157418
same_recording_split_halves,0.6230399,1,0.88157418
same_recording_split_halves,0.62319516,1,0.88157418
same_recording_split_halves,0.62335041,1,0.88157418
same_recording_split_halves,0.62350567,1,0.88157418
same_recording_split_halves,0.62366092,1,0.88157418
same_recording_split_halves,0.62381618,1,0.88157418
same_recording_split_halves,0.62397143,1,0.88157418
same_recording_split_halves,0.62412669,1,0.88157418
same_recording_split_halves,0.62428194,1,0.88157418
same_recording_split_halves,0.6244372,1,0.88157418
same_recording_split_halves,0.62459245,1,0.88157418
same_recording_split_halves,0.62474771,1,0.88157418
same_recording_split_halves,0.62490297,1,0.88157418
same_recording_split_halves,0.62505822,1,0.88157418
same_recording_split_halves,0.62521348,1,0.88157418
same_recording_split_halves,0.62536873,1,0.88157418
same_recording_split_halves,0.62552399,1,0.88157418
same_recording_split_halves,0.62567924,1,0.88157418
same_recording_split_halves,0.6258345,1,0.88157418
same_recording_split_halves,0.62598975,1,0.88157418
same_recording_split_halves,0.62614501,1,0.88157418
same_recording_split_halves,0.62630026,1,0.88157418
same_recording_split_halves,0.62645552,1,0.88157418
same_recording_split_halves,0.62661077,1,0.88157418
same_recording_split_halves,0.62676603,1,0.88157418
same_recording_split_halves,0.62692129,1,0.88157418
same_recording_split_halves,0.62707654,1,0.88157418
same_recording_split_halves,0.6272318,1,0.88157418
same_recording_split_halves,0.62738705,1,0.88157418
same_recording_split_halves,0.62754231,1,0.88157418
same_recording_split_halves,0.62769756,1,0.88157418
same_recording_split_halves,0.62785282,1,0.88157418
same_recording_split_halves,0.62800807,1,0.88157418
same_recording_split_halves,0.62816333,1,0.88157418
same_recording_split_halves,0.62831858,1,0.88157418
same_recording_split_halves,0.62847384,1,0.88157418
same_recording_split_halves,0.62862909,1,0.88157418
same_recording_split_halves,0.62878435,1,0.88157418
same_recording_split_halves,0.62893961,1,0.88157418
same_recording_split_halves,0.62909486,1,0.88157418
same_recording_split_halves,0.62925012,1,0.88157418
same_recording_split_halves,0.62940537,1,0.88157418
same_recording_split_halves,0.62956063,1,0.88157418
same_recording_split_halves,0.62971588,1,0.88157418
same_recording_split_halves,0.62987114,1,0.88157418
same_recording_split_halves,0.63002639,1,0.88157418
same_recording_split_halves,0.63018165,1,0.88157418
same_recording_split_halves,0.6303369,1,0.88157418
same_recording_split_halves,0.63049216,1,0.88157418
same_recording_split_halves,0.63064741,1,0.88157418
same_recording_split_halves,0.63080267,1,0.88157418
same_recording_split_halves,0.63095793,1,0.88157418
same_recording_split_halves,0.63111318,1,0.88157418
same_recording_split_halves,0.63126844,1,0.88157418
same_recording_split_halves,0.63142369,1,0.88157418
same_recording_split_halves,0.63157895,1,0.88157418
same_recording_split_halves,0.6317342,1,0.88157418
same_recording_split_halves,0.63188946,1,0.88157418
same_recording_split_halves,0.63204471,1,0.88157418
same_recording_split_halves,0.63219997,1,0.88157418
same_recording_split_halves,0.63235522,1,0.88157418
same_recording_split_halves,0.63251048,1,0.88157418
same_recording_split_halves,0.63266574,1,0.88157418
same_recording_split_halves,0.63282099,1,0.88157418
same_recording_split_halves,0.63297625,1,0.88157418
same_recording_split_halves,0.6331315,1,0.88157418
same_recording_split_halves,0.63328676,1,0.88157418
same_recording_split_halves,0.63344201,1,0.88157418
same_recording_split_halves,0.63359727,1,0.88157418
same_recording_split_halves,0.63375252,1,0.88157418
same_recording_split_halves,0.63390778,1,0.88157418
same_recording_split_halves,0.63406303,1,0.88157418
same_recording_split_halves,0.63421829,1,0.88157418
same_recording_split_halves,0.63437354,1,0.88157418
same_recording_split_halves,0.6345288,1,0.88157418
same_recording_split_halves,0.63468406,1,0.88157418
same_recording_split_halves,0.63483931,1,0.88157418
same_recording_split_halves,0.63499457,1,0.88157418
same_recording_split_halves,0.63514982,1,0.88157418
same_recording_split_halves,0.63530508,1,0.88157418
same_recording_split_halves,0.63546033,1,0.88157418
same_recording_split_halves,0.63561559,1,0.88157418
same_recording_split_halves,0.63577084,1,0.88157418
same_recording_split_halves,0.6359261,1,0.88157418
same_recording_split_halves,0.63608135,1,0.88157418
same_recording_split_halves,0.63623661,1,0.88157418
same_recording_split_halves,0.63639186,1,0.88157418
same_recording_split_halves,0.63654712,1,0.88157418
same_recording_split_halves,0.63670238,1,0.88157418
same_recording_split_halves,0.63685763,1,0.88157418
same_recording_split_halves,0.63701289,1,0.88157418
same_recording_split_halves,0.63716814,1,0.88157418
same_recording_split_halves,0.6373234,1,0.88157418
same_recording_split_halves,0.63747865,1,0.88157418
same_recording_split_halves,0.63763391,1,0.88157418
same_recording_split_halves,0.63778916,1,0.88157418
same_recording_split_halves,0.63794442,1,0.88157418
same_recording_split_halves,0.63809967,1,0.88157418
same_recording_split_halves,0.63825493,1,0.88157418
same_recording_split_halves,0.63841018,1,0.88157418
same_recording_split_halves,0.63856544,1,0.88157418
same_recording_split_halves,0.6387207,1,0.88157418
same_recording_split_halves,0.63887595,1,0.88157418
same_recording_split_halves,0.63903121,1,0.88157418
same_recording_split_halves,0.63918646,1,0.88157418
same_recording_split_halves,0.63934172,1,0.88157418
same_recording_split_halves,0.63949697,1,0.88157418
same_recording_split_halves,0.63965223,1,0.88157418
same_recording_split_halves,0.63980748,1,0.88157418
same_recording_split_halves,0.63996274,1,0.88157418
same_recording_split_halves,0.64011799,1,0.88157418
same_recording_split_halves,0.64027325,1,0.88157418
same_recording_split_halves,0.6404285,1,0.88157418
same_recording_split_halves,0.64058376,1,0.88157418
same_recording_split_halves,0.64073902,1,0.88157418
same_recording_split_halves,0.64089427,1,0.88157418
same_recording_split_halves,0.64104953,1,0.88157418
same_recording_split_halves,0.64120478,1,0.88157418
same_recording_split_halves,0.64136004,1,0.88157418
same_recording_split_halves,0.64151529,1,0.88157418
same_recording_split_halves,0.64167055,1,0.88157418
same_recording_split_halves,0.6418258,1,0.88157418
same_recording_split_halves,0.64198106,1,0.88157418
same_recording_split_halves,0.64213631,1,0.88157418
same_recording_split_halves,0.64229157,1,0.88157418
same_recording_split_halves,0.64244683,1,0.88157418
same_recording_split_halves,0.64260208,1,0.88157418
same_recording_split_halves,0.64275734,1,0.88157418
same_recording_split_halves,0.64291259,1,0.88157418
same_recording_split_halves,0.64306785,1,0.88157418
same_recording_split_halves,0.6432231,1,0.88157418
same_recording_split_halves,0.64337836,1,0.88157418
same_recording_split_halves,0.64353361,1,0.88157418
same_recording_split_halves,0.64368887,1,0.88157418
same_recording_split_halves,0.64384412,1,0.88157418
same_recording_split_halves,0.64399938,1,0.88157418
same_recording_split_halves,0.64415463,1,0.88157418
same_recording_split_halves,0.64430989,1,0.88157418
same_recording_split_halves,0.64446515,1,0.88157418
same_recording_split_halves,0.6446204,1,0.88157418
same_recording_split_halves,0.64477566,1,0.88157418
same_recording_split_halves,0.64493091,1,0.88157418
same_recording_split_halves,0.64508617,1,0.88157418
same_recording_split_halves,0.64524142,1,0.88157418
same_recording_split_halves,0.64539668,1,0.88157418
same_recording_split_halves,0.64555193,1,0.88157418
same_recording_split_halves,0.64570719,1,0.88157418
same_recording_split_halves,0.64586244,1,0.88157418
same_recording_split_halves,0.6460177,1,0.88157418
same_recording_split_halves,0.64617295,1,0.88157418
same_recording_split_halves,0.64632821,1,0.88157418
same_recording_split_halves,0.64648347,1,0.88157418
same_recording_split_halves,0.64663872,1,0.88157418
same_recording_split_halves,0.64679398,1,0.88157418
same_recording_split_halves,0.64694923,1,0.88157418
same_recording_split_halves,0.64710449,1,0.88157418
same_recording_split_halves,0.64725974,1,0.88157418
same_recording_split_halves,0.647415,1,0.88157418
same_recording_split_halves,0.64757025,1,0.88157418
same_recording_split_halves,0.64772551,1,0.88157418
same_recording_split_halves,0.64788076,1,0.88157418
same_recording_split_halves,0.64803602,1,0.88157418
same_recording_split_halves,0.64819127,1,0.88157418
same_recording_split_halves,0.64834653,1,0.88157418
same_recording_split_halves,0.64850179,1,0.88157418
same_recording_split_halves,0.64865704,1,0.88157418
same_recording_split_halves,0.6488123,1,0.88157418
same_recording_split_halves,0.64896755,1,0.88157418
same_recording_split_halves,0.64912281,1,0.88157418
same_recording_split_halves,0.64927806,1,0.88157418
same_recording_split_halves,0.64943332,1,0.88157418
same_recording_split_halves,0.64958857,1,0.88157418
same_recording_split_halves,0.64974383,1,0.88157418
same_recording_split_halves,0.64989908,1,0.88157418
same_recording_split_halves,0.65005434,1,0.88157418
same_recording_split_halves,0.65020959,1,0.88157418
same_recording_split_halves,0.65036485,1,0.88157418
same_recording_split_halves,0.65052011,1,0.88157418
same_recording_split_halves,0.65067536,1,0.88157418
same_recording_split_halves,0.65083062,1,0.88157418
same_recording_split_halves,0.65098587,1,0.88157418
same_recording_split_halves,0.65114113,1,0.88157418
same_recording_split_halves,0.65129638,1,0.88157418
same_recording_split_halves,0.65145164,1,0.88157418
same_recording_split_halves,0.65160689,1,0.88157418
same_recording_split_halves,0.65176215,1,0.88157418
same_recording_split_halves,0.6519174,1,0.88157418
same_recording_split_halves,0.65207266,1,0.88157418
same_recording_split_halves,0.65222791,1,0.88157418
same_recording_split_halves,0.65238317,1,0.88157418
same_recording_split_halves,0.65253843,1,0.88157418
same_recording_split_halves,0.65269368,1,0.88157418
same_recording_split_halves,0.65284894,1,0.88157418
same_recording_split_halves,0.65300419,1,0.88157418
same_recording_split_halves,0.65315945,1,0.88157418
same_recording_split_halves,0.6533147,1,0.88157418
same_recording_split_halves,0.65346996,1,0.88157418
same_recording_split_halves,0.65362521,1,0.88157418
same_recording_split_halves,0.65378047,1,0.88157418
same_recording_split_halves,0.65393572,1,0.88157418
same_recording_split_halves,0.65409098,1,0.88157418
same_recording_split_halves,0.65424624,1,0.88157418
same_recording_split_halves,0.65440149,1,0.88157418
same_recording_split_halves,0.65455675,1,0.88157418
same_recording_split_halves,0.654712,1,0.88157418
same_recording_split_halves,0.65486726,1,0.88157418
same_recording_split_halves,0.65502251,1,0.88157418
same_recording_split_halves,0.65517777,1,0.88157418
same_recording_split_halves,0.65533302,1,0.88157418
same_recording_split_halves,0.65548828,1,0.88157418
same_recording_split_halves,0.65564353,1,0.88157418
same_recording_split_halves,0.65579879,1,0.88157418
same_recording_split_halves,0.65595404,1,0.88157418
same_recording_split_halves,0.6561093,1,0.88157418
same_recording_split_halves,0.65626456,1,0.88157418
same_recording_split_halves,0.65641981,1,0.88157418
same_recording_split_halves,0.65657507,1,0.88157418
same_recording_split_halves,0.65673032,1,0.88157418
same_recording_split_halves,0.65688558,1,0.88157418
same_recording_split_halves,0.65704083,1,0.88157418
same_recording_split_halves,0.65719609,1,0.88157418
same_recording_split_halves,0.65735134,1,0.88157418
same_recording_split_halves,0.6575066,1,0.88157418
same_recording_split_halves,0.65766185,1,0.88157418
same_recording_split_halves,0.65781711,1,0.88157418
same_recording_split_halves,0.65797236,1,0.88157418
same_recording_split_halves,0.65812762,1,0.88157418
same_recording_split_halves,0.65828288,1,0.88157418
same_recording_split_halves,0.65843813,1,0.88157418
same_recording_split_halves,0.65859339,1,0.88157418
same_recording_split_halves,0.65874864,1,0.88157418
same_recording_split_halves,0.6589039,1,0.88157418
same_recording_split_halves,0.65905915,1,0.88157418
same_recording_split_halves,0.65921441,1,0.88157418
same_recording_split_halves,0.65936966,1,0.88157418
same_recording_split_halves,0.65952492,1,0.88157418
same_recording_split_halves,0.65968017,1,0.88157418
same_recording_split_halves,0.65983543,1,0.88157418
same_recording_split_halves,0.65999068,1,0.88157418
same_recording_split_halves,0.66014594,1,0.88157418
same_recording_split_halves,0.6603012,1,0.88157418
same_recording_split_halves,0.66045645,1,0.88157418
same_recording_split_halves,0.66061171,1,0.88157418
same_recording_split_halves,0.66076696,1,0.88157418
same_recording_split_halves,0.66092222,1,0.88157418
same_recording_split_halves,0.66107747,1,0.88157418
same_recording_split_halves,0.66123273,1,0.88157418
same_recording_split_halves,0.66138798,1,0.88157418
same_recording_split_halves,0.66154324,1,0.88157418
same_recording_split_halves,0.66169849,1,0.88157418
same_recording_split_halves,0.66185375,1,0.88157418
same_recording_split_halves,0.662009,1,0.88157418
same_recording_split_halves,0.66216426,1,0.88157418
same_recording_split_halves,0.66231952,1,0.88157418
same_recording_split_halves,0.66247477,1,0.88157418
same_recording_split_halves,0.66263003,1,0.88157418
same_recording_split_halves,0.66278528,1,0.88157418
same_recording_split_halves,0.66294054,1,0.88157418
same_recording_split_halves,0.66309579,1,0.88157418
same_recording_split_halves,0.66325105,1,0.88157418
same_recording_split_halves,0.6634063,1,0.88157418
same_recording_split_halves,0.66356156,1,0.88157418
same_recording_split_halves,0.66371681,1,0.88157418
same_recording_split_halves,0.66387207,1,0.88157418
same_recording_split_halves,0.66402732,1,0.88157418
same_recording_split_halves,0.66418258,1,0.88157418
same_recording_split_halves,0.66433784,1,0.88157418
same_recording_split_halves,0.66449309,1,0.88157418
same_recording_split_halves,0.66464835,1,0.88157418
same_recording_split_halves,0.6648036,1,0.88157418
same_recording_split_halves,0.66495886,1,0.88157418
same_recording_split_halves,0.66511411,1,0.88157418
same_recording_split_halves,0.66526937,1,0.88157418
same_recording_split_halves,0.66542462,1,0.88157418
same_recording_split_halves,0.66557988,1,0.88157418
same_recording_split_halves,0.66573513,1,0.88157418
same_recording_split_halves,0.66589039,1,0.88157418
same_recording_split_halves,0.66604565,1,0.88157418
same_recording_split_halves,0.6662009,1,0.88157418
same_recording_split_halves,0.66635616,1,0.88157418
same_recording_split_halves,0.66651141,1,0.88157418
same_recording_split_halves,0.66666667,1,0.88157418
same_recording_split_halves,0.66682192,1,0.88157418
same_recording_split_halves,0.66697718,1,0.88157418
same_recording_split_halves,0.66713243,1,0.88157418
same_recording_split_halves,0.66728769,1,0.88157418
same_recording_split_halves,0.66744294,1,0.88157418
same_recording_split_halves,0.6675982,1,0.88157418
same_recording_split_halves,0.66775345,1,0.88157418
same_recording_split_halves,0.66790871,1,0.88157418
same_recording_split_halves,0.66806397,1,0.88157418
same_recording_split_halves,0.66821922,1,0.88157418
same_recording_split_halves,0.66837448,1,0.88157418
same_recording_split_halves,0.66852973,1,0.88157418
same_recording_split_halves,0.66868499,1,0.88157418
same_recording_split_halves,0.66884024,1,0.88157418
same_recording_split_halves,0.6689955,1,0.88157418
same_recording_split_halves,0.66915075,1,0.88157418
same_recording_split_halves,0.66930601,1,0.88157418
same_recording_split_halves,0.66946126,1,0.88157418
same_recording_split_halves,0.66961652,1,0.88157418
same_recording_split_halves,0.66977177,1,0.88157418
same_recording_split_halves,0.66992703,1,0.88157418
same_recording_split_halves,0.67008229,1,0.88157418
same_recording_split_halves,0.67023754,1,0.88157418
same_recording_split_halves,0.6703928,1,0.88157418
same_recording_split_halves,0.67054805,1,0.88157418
same_recording_split_halves,0.67070331,1,0.88157418
same_recording_split_halves,0.67085856,1,0.88157418
same_recording_split_halves,0.67101382,1,0.88157418
same_recording_split_halves,0.67116907,1,0.88157418
same_recording_split_halves,0.67132433,1,0.88157418
same_recording_split_halves,0.67147958,1,0.88157418
same_recording_split_halves,0.67163484,1,0.88157418
same_recording_split_halves,0.67179009,1,0.88157418
same_recording_split_halves,0.67194535,1,0.88157418
same_recording_split_halves,0.67210061,1,0.88157418
same_recording_split_halves,0.67225586,1,0.88157418
same_recording_split_halves,0.67241112,1,0.88157418
same_recording_split_halves,0.67256637,1,0.88157418
same_recording_split_halves,0.67272163,1,0.88157418
same_recording_split_halves,0.67287688,1,0.88157418
same_recording_split_halves,0.67303214,1,0.88157418
same_recording_split_halves,0.67318739,1,0.88157418
same_recording_split_halves,0.67334265,1,0.88157418
same_recording_split_halves,0.6734979,1,0.88157418
same_recording_split_halves,0.67365316,1,0.88157418
same_recording_split_halves,0.67380841,1,0.88157418
same_recording_split_halves,0.67396367,1,0.88157418
same_recording_split_halves,0.67411893,1,0.88157418
same_recording_split_halves,0.67427418,1,0.88157418
same_recording_split_halves,0.67442944,1,0.88157418
same_recording_split_halves,0.67458469,1,0.88157418
same_recording_split_halves,0.67473995,1,0.88157418
same_recording_split_halves,0.6748952,1,0.88157418
same_recording_split_halves,0.67505046,1,0.88157418
same_recording_split_halves,0.67520571,1,0.88157418
same_recording_split_halves,0.67536097,1,0.88157418
same_recording_split_halves,0.67551622,1,0.88157418
same_recording_split_halves,0.67567148,1,0.88157418
same_recording_split_halves,0.67582673,1,0.88157418
same_recording_split_halves,0.67598199,1,0.88157418
same_recording_split_halves,0.67613725,1,0.88157418
same_recording_split_halves,0.6762925,1,0.88157418
same_recording_split_halves,0.67644776,1,0.88157418
same_recording_split_halves,0.67660301,1,0.88157418
same_recording_split_halves,0.67675827,1,0.88157418
same_recording_split_halves,0.67691352,1,0.88157418
same_recording_split_halves,0.67706878,1,0.88157418
same_recording_split_halves,0.67722403,1,0.88157418
same_recording_split_halves,0.67737929,1,0.88157418
same_recording_split_halves,0.67753454,1,0.88157418
same_recording_split_halves,0.6776898,1,0.88157418
same_recording_split_halves,0.67784506,1,0.88157418
same_recording_split_halves,0.67800031,1,0.88157418
same_recording_split_halves,0.67815557,1,0.88157418
same_recording_split_halves,0.67831082,1,0.88157418
same_recording_split_halves,0.67846608,1,0.88157418
same_recording_split_halves,0.67862133,1,0.88157418
same_recording_split_halves,0.67877659,1,0.88157418
same_recording_split_halves,0.67893184,1,0.88157418
same_recording_split_halves,0.6790871,1,0.88157418
same_recording_split_halves,0.67924235,1,0.88157418
same_recording_split_halves,0.67939761,1,0.88157418
same_recording_split_halves,0.67955286,1,0.88157418
same_recording_split_halves,0.67970812,1,0.88157418
same_recording_split_halves,0.67986338,1,0.88157418
same_recording_split_halves,0.68001863,1,0.88157418
same_recording_split_halves,0.68017389,1,0.88157418
same_recording_split_halves,0.68032914,1,0.88157418
same_recording_split_halves,0.6804844,1,0.88157418
same_recording_split_halves,0.68063965,1,0.88157418
same_recording_split_halves,0.68079491,1,0.88157418
same_recording_split_halves,0.68095016,1,0.88157418
same_recording_split_halves,0.68110542,1,0.88157418
same_recording_split_halves,0.68126067,1,0.88157418
same_recording_split_halves,0.68141593,1,0.88157418
same_recording_split_halves,0.68157118,1,0.88157418
same_recording_split_halves,0.68172644,1,0.88157418
same_recording_split_halves,0.6818817,1,0.88157418
same_recording_split_halves,0.68203695,1,0.88157418
same_recording_split_halves,0.68219221,1,0.88157418
same_recording_split_halves,0.68234746,1,0.88157418
same_recording_split_halves,0.68250272,1,0.88157418
same_recording_split_halves,0.68265797,1,0.88157418
same_recording_split_halves,0.68281323,1,0.88157418
same_recording_split_halves,0.68296848,1,0.88157418
same_recording_split_halves,0.68312374,1,0.88157418
same_recording_split_halves,0.68327899,1,0.88157418
same_recording_split_halves,0.68343425,1,0.88157418
same_recording_split_halves,0.6835895,1,0.88157418
same_recording_split_halves,0.68374476,1,0.88157418
same_recording_split_halves,0.68390002,1,0.88157418
same_recording_split_halves,0.68405527,1,0.88157418
same_recording_split_halves,0.68421053,1,0.88157418
same_recording_split_halves,0.68436578,1,0.88157418
same_recording_split_halves,0.68452104,1,0.88157418
same_recording_split_halves,0.68467629,1,0.88157418
same_recording_split_halves,0.68483155,1,0.88157418
same_recording_split_halves,0.6849868,1,0.88157418
same_recording_split_halves,0.68514206,1,0.88157418
same_recording_split_halves,0.68529731,1,0.88157418
same_recording_split_halves,0.68545257,1,0.88157418
same_recording_split_halves,0.68560782,1,0.88157418
same_recording_split_halves,0.68576308,1,0.88157418
same_recording_split_halves,0.68591834,1,0.88157418
same_recording_split_halves,0.68607359,1,0.88157418
same_recording_split_halves,0.68622885,1,0.88157418
same_recording_split_halves,0.6863841,1,0.88157418
same_recording_split_halves,0.68653936,1,0.88157418
same_recording_split_halves,0.68669461,1,0.88157418
same_recording_split_halves,0.68684987,1,0.88157418
same_recording_split_halves,0.68700512,1,0.88157418
same_recording_split_halves,0.68716038,1,0.88157418
same_recording_split_halves,0.68731563,1,0.88157418
same_recording_split_halves,0.68747089,1,0.88157418
same_recording_split_halves,0.68762615,1,0.88157418
same_recording_split_halves,0.6877814,1,0.88157418
same_recording_split_halves,0.68793666,1,0.88157418
same_recording_split_halves,0.68809191,1,0.88157418
same_recording_split_halves,0.68824717,1,0.88157418
same_recording_split_halves,0.68840242,1,0.88157418
same_recording_split_halves,0.68855768,1,0.88157418
same_recording_split_halves,0.68871293,1,0.88157418
same_recording_split_halves,0.68886819,1,0.88157418
same_recording_split_halves,0.68902344,1,0.88157418
same_recording_split_halves,0.6891787,1,0.88157418
same_recording_split_halves,0.68933395,1,0.88157418
same_recording_split_halves,0.68948921,1,0.88157418
same_recording_split_halves,0.68964447,1,0.88157418
same_recording_split_halves,0.68979972,1,0.88157418
same_recording_split_halves,0.68995498,1,0.88157418
same_recording_split_halves,0.69011023,1,0.88157418
same_recording_split_halves,0.69026549,1,0.88157418
same_recording_split_halves,0.69042074,1,0.88157418
same_recording_split_halves,0.690576,1,0.88157418
same_recording_split_halves,0.69073125,1,0.88157418
same_recording_split_halves,0.69088651,1,0.88157418
same_recording_split_halves,0.69104176,1,0.88157418
same_recording_split_halves,0.69119702,1,0.88157418
same_recording_split_halves,0.69135227,1,0.88157418
same_recording_split_halves,0.69150753,1,0.88157418
same_recording_split_halves,0.69166279,1,0.88157418
same_recording_split_halves,0.69181804,1,0.88157418
same_recording_split_halves,0.6919733,1,0.88157418
same_recording_split_halves,0.69212855,1,0.88157418
same_recording_split_halves,0.69228381,1,0.88157418
same_recording_split_halves,0.69243906,1,0.88157418
same_recording_split_halves,0.69259432,1,0.88157418
same_recording_split_halves,0.69274957,1,0.88157418
same_recording_split_halves,0.69290483,1,0.88157418
same_recording_split_halves,0.69306008,1,0.88157418
same_recording_split_halves,0.69321534,1,0.88157418
same_recording_split_halves,0.69337059,1,0.88157418
same_recording_split_halves,0.69352585,1,0.88157418
same_recording_split_halves,0.69368111,1,0.88157418
same_recording_split_halves,0.69383636,1,0.88157418
same_recording_split_halves,0.69399162,1,0.88157418
same_recording_split_halves,0.69414687,1,0.88157418
same_recording_split_halves,0.69430213,1,0.88157418
same_recording_split_halves,0.69445738,1,0.88157418
same_recording_split_halves,0.69461264,1,0.88157418
same_recording_split_halves,0.69476789,1,0.88157418
same_recording_split_halves,0.69492315,1,0.88157418
same_recording_split_halves,0.6950784,1,0.88157418
same_recording_split_halves,0.69523366,1,0.88157418
same_recording_split_halves,0.69538891,1,0.88157418
same_recording_split_halves,0.69554417,1,0.88157418
same_recording_split_halves,0.69569943,1,0.88157418
same_recording_split_halves,0.69585468,1,0.88157418
same_recording_split_halves,0.69600994,1,0.88157418
same_recording_split_halves,0.69616519,1,0.88157418
same_recording_split_halves,0.69632045,1,0.88157418
same_recording_split_halves,0.6964757,1,0.88157418
same_recording_split_halves,0.69663096,1,0.88157418
same_recording_split_halves,0.69678621,1,0.88157418
same_recording_split_halves,0.69694147,1,0.88157418
same_recording_split_halves,0.69709672,1,0.88157418
same_recording_split_halves,0.69725198,1,0.88157418
same_recording_split_halves,0.69740723,1,0.88157418
same_recording_split_halves,0.69756249,1,0.88157418
same_recording_split_halves,0.69771775,1,0.88157418
same_recording_split_halves,0.697873,1,0.88157418
same_recording_split_halves,0.69802826,1,0.88157418
same_recording_split_halves,0.69818351,1,0.88157418
same_recording_split_halves,0.69833877,1,0.88157418
same_recording_split_halves,0.69849402,1,0.88157418
same_recording_split_halves,0.69864928,1,0.88157418
same_recording_split_halves,0.69880453,1,0.88157418
same_recording_split_halves,0.69895979,1,0.88157418
same_recording_split_halves,0.69911504,1,0.88157418
same_recording_split_halves,0.6992703,1,0.88157418
same_recording_split_halves,0.69942556,1,0.88157418
same_recording_split_halves,0.69958081,1,0.88157418
same_recording_split_halves,0.69973607,1,0.88157418
same_recording_split_halves,0.69989132,1,0.88157418
same_recording_split_halves,0.70004658,1,0.88157418
same_recording_split_halves,0.70020183,1,0.88157418
same_recording_split_halves,0.70035709,1,0.88157418
same_recording_split_halves,0.70051234,1,0.88157418
same_recording_split_halves,0.7006676,1,0.88157418
same_recording_split_halves,0.70082285,1,0.88157418
same_recording_split_halves,0.70097811,1,0.88157418
same_recording_split_halves,0.70113336,1,0.88157418
same_recording_split_halves,0.70128862,1,0.88157418
same_recording_split_halves,0.70144388,1,0.88157418
same_recording_split_halves,0.70159913,1,0.88157418
same_recording_split_halves,0.70175439,1,0.88157418
same_recording_split_halves,0.70190964,1,0.88157418
same_recording_split_halves,0.7020649,1,0.88157418
same_recording_split_halves,0.70222015,1,0.88157418
same_recording_split_halves,0.70237541,1,0.88157418
same_recording_split_halves,0.70253066,1,0.88157418
same_recording_split_halves,0.70268592,1,0.88157418
same_recording_split_halves,0.70284117,1,0.88157418
same_recording_split_halves,0.70299643,1,0.88157418
same_recording_split_halves,0.70315168,1,0.88157418
same_recording_split_halves,0.70330694,1,0.88157418
same_recording_split_halves,0.7034622,1,0.88157418
same_recording_split_halves,0.70361745,1,0.88157418
same_recording_split_halves,0.70377271,1,0.88157418
same_recording_split_halves,0.70392796,1,0.88157418
same_recording_split_halves,0.70408322,1,0.88157418
same_recording_split_halves,0.70423847,1,0.88157418
same_recording_split_halves,0.70439373,1,0.88157418
same_recording_split_halves,0.70454898,1,0.88157418
same_recording_split_halves,0.70470424,1,0.88157418
same_recording_split_halves,0.70485949,1,0.88157418
same_recording_split_halves,0.70501475,1,0.88157418
same_recording_split_halves,0.70517,1,0.88157418
same_recording_split_halves,0.70532526,1,0.88157418
same_recording_split_halves,0.70548052,1,0.88157418
same_recording_split_halves,0.70563577,1,0.88157418
same_recording_split_halves,0.70579103,1,0.88157418
same_recording_split_halves,0.70594628,1,0.88157418
same_recording_split_halves,0.70610154,1,0.88157418
same_recording_split_halves,0.70625679,1,0.88157418
same_recording_split_halves,0.70641205,1,0.88157418
same_recording_split_halves,0.7065673,1,0.88157418
same_recording_split_halves,0.70672256,1,0.88157418
same_recording_split_halves,0.70687781,1,0.88157418
same_recording_split_halves,0.70703307,1,0.88157418
same_recording_split_halves,0.70718832,1,0.88157418
same_recording_split_halves,0.70734358,1,0.88157418
same_recording_split_halves,0.70749884,1,0.88157418
same_recording_split_halves,0.70765409,1,0.88157418
same_recording_split_halves,0.70780935,1,0.88157418
same_recording_split_halves,0.7079646,1,0.88157418
same_recording_split_halves,0.70811986,1,0.88157418
same_recording_split_halves,0.70827511,1,0.88157418
same_recording_split_halves,0.70843037,1,0.88157418
same_recording_split_halves,0.70858562,1,0.88157418
same_recording_split_halves,0.70874088,1,0.88157418
same_recording_split_halves,0.70889613,1,0.88157418
same_recording_split_halves,0.70905139,1,0.88157418
same_recording_split_halves,0.70920664,1,0.88157418
same_recording_split_halves,0.7093619,1,0.88157418
same_recording_split_halves,0.70951716,1,0.88157418
same_recording_split_halves,0.70967241,1,0.88157418
same_recording_split_halves,0.70982767,1,0.88157418
same_recording_split_halves,0.70998292,1,0.88157418
same_recording_split_halves,0.71013818,1,0.88157418
same_recording_split_halves,0.71029343,1,0.88157418
same_recording_split_halves,0.71044869,1,0.88157418
same_recording_split_halves,0.71060394,1,0.88157418
same_recording_split_halves,0.7107592,1,0.88157418
same_recording_split_halves,0.71091445,1,0.88157418
same_recording_split_halves,0.71106971,1,0.88157418
same_recording_split_halves,0.71122497,1,0.88157418
same_recording_split_halves,0.71138022,1,0.88157418
same_recording_split_halves,0.71153548,1,0.88157418
same_recording_split_halves,0.71169073,1,0.88157418
same_recording_split_halves,0.71184599,1,0.88157418
same_recording_split_halves,0.71200124,1,0.88157418
same_recording_split_halves,0.7121565,1,0.88157418
same_recording_split_halves,0.71231175,1,0.88157418
same_recording_split_halves,0.71246701,1,0.88157418
same_recording_split_halves,0.71262226,1,0.88157418
same_recording_split_halves,0.71277752,1,0.88157418
same_recording_split_halves,0.71293277,1,0.88157418
same_recording_split_halves,0.71308803,1,0.88157418
same_recording_split_halves,0.71324329,1,0.88157418
same_recording_split_halves,0.71339854,1,0.88157418
same_recording_split_halves,0.7135538,1,0.88157418
same_recording_split_halves,0.71370905,1,0.88157418
same_recording_split_halves,0.71386431,1,0.88157418
same_recording_split_halves,0.71401956,1,0.88157418
same_recording_split_halves,0.71417482,1,0.88157418
same_recording_split_halves,0.71433007,1,0.88157418
same_recording_split_halves,0.71448533,1,0.88157418
same_recording_split_halves,0.71464058,1,0.88157418
same_recording_split_halves,0.71479584,1,0.88157418
same_recording_split_halves,0.71495109,1,0.88157418
same_recording_split_halves,0.71510635,1,0.88157418
same_recording_split_halves,0.71526161,1,0.88157418
same_recording_split_halves,0.71541686,1,0.88157418
same_recording_split_halves,0.71557212,1,0.88157418
same_recording_split_halves,0.71572737,1,0.88157418
same_recording_split_halves,0.71588263,1,0.88157418
same_recording_split_halves,0.71603788,1,0.88157418
same_recording_split_halves,0.71619314,1,0.88157418
same_recording_split_halves,0.71634839,1,0.88157418
same_recording_split_halves,0.71650365,1,0.88157418
same_recording_split_halves,0.7166589,1,0.88157418
same_recording_split_halves,0.71681416,1,0.88157418
same_recording_split_halves,0.71696941,1,0.88157418
same_recording_split_halves,0.71712467,1,0.88157418
same_recording_split_halves,0.71727993,1,0.88157418
same_recording_split_halves,0.71743518,1,0.88157418
same_recording_split_halves,0.71759044,1,0.88157418
same_recording_split_halves,0.71774569,1,0.88157418
same_recording_split_halves,0.71790095,1,0.88157418
same_recording_split_halves,0.7180562,1,0.88157418
same_recording_split_halves,0.71821146,1,0.88157418
same_recording_split_halves,0.71836671,1,0.88157418
same_recording_split_halves,0.71852197,1,0.88157418
same_recording_split_halves,0.71867722,1,0.88157418
same_recording_split_halves,0.71883248,1,0.88157418
same_recording_split_halves,0.71898773,1,0.88157418
same_recording_split_halves,0.71914299,1,0.88157418
same_recording_split_halves,0.71929825,1,0.88157418
same_recording_split_halves,0.7194535,1,0.88157418
same_recording_split_halves,0.71960876,1,0.88157418
same_recording_split_halves,0.71976401,1,0.88157418
same_recording_split_halves,0.71991927,1,0.88157418
same_recording_split_halves,0.72007452,1,0.88157418
same_recording_split_halves,0.72022978,1,0.88157418
same_recording_split_halves,0.72038503,1,0.88157418
same_recording_split_halves,0.72054029,1,0.88157418
same_recording_split_halves,0.72069554,1,0.88157418
same_recording_split_halves,0.7208508,1,0.88157418
same_recording_split_halves,0.72100605,1,0.88157418
same_recording_split_halves,0.72116131,1,0.88157418
same_recording_split_halves,0.72131657,1,0.88157418
same_recording_split_halves,0.72147182,1,0.88157418
same_recording_split_halves,0.72162708,1,0.88157418
same_recording_split_halves,0.72178233,1,0.88157418
same_recording_split_halves,0.72193759,1,0.88157418
same_recording_split_halves,0.72209284,1,0.88157418
same_recording_split_halves,0.7222481,1,0.88157418
same_recording_split_halves,0.72240335,1,0.88157418
same_recording_split_halves,0.72255861,1,0.88157418
same_recording_split_halves,0.72271386,1,0.88157418
same_recording_split_halves,0.72286912,1,0.88157418
same_recording_split_halves,0.72302438,1,0.88157418
same_recording_split_halves,0.72317963,1,0.88157418
same_recording_split_halves,0.72333489,1,0.88157418
same_recording_split_halves,0.72349014,1,0.88157418
same_recording_split_halves,0.7236454,1,0.88157418
same_recording_split_halves,0.72380065,1,0.88157418
same_recording_split_halves,0.72395591,1,0.88157418
same_recording_split_halves,0.72411116,1,0.88157418
same_recording_split_halves,0.72426642,1,0.88157418
same_recording_split_halves,0.72442167,1,0.88157418
same_recording_split_halves,0.72457693,1,0.88157418
same_recording_split_halves,0.72473218,1,0.88157418
same_recording_split_halves,0.72488744,1,0.88157418
same_recording_split_halves,0.7250427,1,0.88157418
same_recording_split_halves,0.72519795,1,0.88157418
same_recording_split_halves,0.72535321,1,0.88157418
same_recording_split_halves,0.72550846,1,0.88157418
same_recording_split_halves,0.72566372,1,0.88157418
same_recording_split_halves,0.72581897,1,0.88157418
same_recording_split_halves,0.72597423,1,0.88157418
same_recording_split_halves,0.72612948,1,0.88157418
same_recording_split_halves,0.72628474,1,0.88157418
same_recording_split_halves,0.72643999,1,0.88157418
same_recording_split_halves,0.72659525,1,0.88157418
same_recording_split_halves,0.7267505,1,0.88157418
same_recording_split_halves,0.72690576,1,0.88157418
same_recording_split_halves,0.72706102,1,0.88157418
same_recording_split_halves,0.72721627,1,0.88157418
same_recording_split_halves,0.72737153,1,0.88157418
same_recording_split_halves,0.72752678,1,0.88157418
same_recording_split_halves,0.72768204,1,0.88157418
same_recording_split_halves,0.72783729,1,0.88157418
same_recording_split_halves,0.72799255,1,0.88157418
same_recording_split_halves,0.7281478,1,0.88157418
same_recording_split_halves,0.72830306,1,0.88157418
same_recording_split_halves,0.72845831,1,0.88157418
same_recording_split_halves,0.72861357,1,0.88157418
same_recording_split_halves,0.72876882,1,0.88157418
same_recording_split_halves,0.72892408,1,0.88157418
same_recording_split_halves,0.72907934,1,0.88157418
same_recording_split_halves,0.72923459,1,0.88157418
same_recording_split_halves,0.72938985,1,0.88157418
same_recording_split_halves,0.7295451,1,0.88157418
same_recording_split_halves,0.72970036,1,0.88157418
same_recording_split_halves,0.72985561,1,0.88157418
same_recording_split_halves,0.73001087,1,0.88157418
same_recording_split_halves,0.73016612,1,0.88157418
same_recording_split_halves,0.73032138,1,0.88157418
same_recording_split_halves,0.73047663,1,0.88157418
same_recording_split_halves,0.73063189,1,0.88157418
same_recording_split_halves,0.73078714,1,0.88157418
same_recording_split_halves,0.7309424,1,0.88157418
same_recording_split_halves,0.73109766,1,0.88157418
same_recording_split_halves,0.73125291,1,0.88157418
same_recording_split_halves,0.73140817,1,0.88157418
same_recording_split_halves,0.73156342,1,0.88157418
same_recording_split_halves,0.73171868,1,0.88157418
same_recording_split_halves,0.73187393,1,0.88157418
same_recording_split_halves,0.73202919,1,0.88157418
same_recording_split_halves,0.73218444,1,0.88157418
same_recording_split_halves,0.7323397,1,0.88157418
same_recording_split_halves,0.73249495,1,0.88157418
same_recording_split_halves,0.73265021,1,0.88157418
same_recording_split_halves,0.73280546,1,0.88157418
same_recording_split_halves,0.73296072,1,0.88157418
same_recording_split_halves,0.73311598,1,0.88157418
same_recording_split_halves,0.73327123,1,0.88157418
same_recording_split_halves,0.73342649,1,0.88157418
same_recording_split_halves,0.73358174,1,0.88157418
same_recording_split_halves,0.733737,1,0.88157418
same_recording_split_halves,0.73389225,1,0.88157418
same_recording_split_halves,0.73404751,1,0.88157418
same_recording_split_halves,0.73420276,1,0.88157418
same_recording_split_halves,0.73435802,1,0.88157418
same_recording_split_halves,0.73451327,1,0.88157418
same_recording_split_halves,0.73466853,1,0.88157418
same_recording_split_halves,0.73482379,1,0.88157418
same_recording_split_halves,0.73497904,1,0.88157418
same_recording_split_halves,0.7351343,1,0.88157418
same_recording_split_halves,0.73528955,1,0.88157418
same_recording_split_halves,0.73544481,1,0.88157418
same_recording_split_halves,0.73560006,1,0.88157418
same_recording_split_halves,0.73575532,1,0.88157418
same_recording_split_halves,0.73591057,1,0.88157418
same_recording_split_halves,0.73606583,1,0.88157418
same_recording_split_halves,0.73622108,1,0.88157418
same_recording_split_halves,0.73637634,1,0.88157418
same_recording_split_halves,0.73653159,1,0.88157418
same_recording_split_halves,0.73668685,1,0.88157418
same_recording_split_halves,0.73684211,1,0.88157418
same_recording_split_halves,0.73699736,1,0.88157418
same_recording_split_halves,0.73715262,1,0.88157418
same_recording_split_halves,0.73730787,1,0.88157418
same_recording_split_halves,0.73746313,1,0.88157418
same_recording_split_halves,0.73761838,1,0.88157418
same_recording_split_halves,0.73777364,1,0.88157418
same_recording_split_halves,0.73792889,1,0.88157418
same_recording_split_halves,0.73808415,1,0.88157418
same_recording_split_halves,0.7382394,1,0.88157418
same_recording_split_halves,0.73839466,1,0.88157418
same_recording_split_halves,0.73854991,1,0.88157418
same_recording_split_halves,0.73870517,1,0.88157418
same_recording_split_halves,0.73886043,1,0.88157418
same_recording_split_halves,0.73901568,1,0.88157418
same_recording_split_halves,0.73917094,1,0.88157418
same_recording_split_halves,0.73932619,1,0.88157418
same_recording_split_halves,0.73948145,1,0.88157418
same_recording_split_halves,0.7396367,1,0.88157418
same_recording_split_halves,0.73979196,1,0.88157418
same_recording_split_halves,0.73994721,1,0.88157418
same_recording_split_halves,0.74010247,1,0.88157418
same_recording_split_halves,0.74025772,1,0.88157418
same_recording_split_halves,0.74041298,1,0.88157418
same_recording_split_halves,0.74056823,1,0.88157418
same_recording_split_halves,0.74072349,1,0.88157418
same_recording_split_halves,0.74087875,1,0.88157418
same_recording_split_halves,0.741034,1,0.88157418
same_recording_split_halves,0.74118926,1,0.88157418
same_recording_split_halves,0.74134451,1,0.88157418
same_recording_split_halves,0.74149977,1,0.88157418
same_recording_split_halves,0.74165502,1,0.88157418
same_recording_split_halves,0.74181028,1,0.88157418
same_recording_split_halves,0.74196553,1,0.88157418
same_recording_split_halves,0.74212079,1,0.88157418
same_recording_split_halves,0.74227604,1,0.88157418
same_recording_split_halves,0.7424313,1,0.88157418
same_recording_split_halves,0.74258655,1,0.88157418
same_recording_split_halves,0.74274181,1,0.88157418
same_recording_split_halves,0.74289707,1,0.88157418
same_recording_split_halves,0.74305232,1,0.88157418
same_recording_split_halves,0.74320758,1,0.88157418
same_recording_split_halves,0.74336283,1,0.88157418
same_recording_split_halves,0.74351809,1,0.88157418
same_recording_split_halves,0.74367334,1,0.88157418
same_recording_split_halves,0.7438286,1,0.88157418
same_recording_split_halves,0.74398385,1,0.88157418
same_recording_split_halves,0.74413911,1,0.88157418
same_recording_split_halves,0.74429436,1,0.88157418
same_recording_split_halves,0.74444962,1,0.88157418
same_recording_split_halves,0.74460488,1,0.88157418
same_recording_split_halves,0.74476013,1,0.88157418
same_recording_split_halves,0.74491539,1,0.88157418
same_recording_split_halves,0.74507064,1,0.88157418
same_recording_split_halves,0.7452259,1,0.88157418
same_recording_split_halves,0.74538115,1,0.88157418
same_recording_split_halves,0.74553641,1,0.88157418
same_recording_split_halves,0.74569166,1,0.88157418
same_recording_split_halves,0.74584692,1,0.88157418
same_recording_split_halves,0.74600217,1,0.88157418
same_recording_split_halves,0.74615743,1,0.88157418
same_recording_split_halves,0.74631268,1,0.88157418
same_recording_split_halves,0.74646794,1,0.88157418
same_recording_split_halves,0.7466232,1,0.88157418
same_recording_split_halves,0.74677845,1,0.88157418
same_recording_split_halves,0.74693371,1,0.88157418
same_recording_split_halves,0.74708896,1,0.88157418
same_recording_split_halves,0.74724422,1,0.88157418
same_recording_split_halves,0.74739947,1,0.88157418
same_recording_split_halves,0.74755473,1,0.88157418
same_recording_split_halves,0.74770998,1,0.88157418
same_recording_split_halves,0.74786524,1,0.88157418
same_recording_split_halves,0.74802049,1,0.88157418
same_recording_split_halves,0.74817575,1,0.88157418
same_recording_split_halves,0.748331,1,0.88157418
same_recording_split_halves,0.74848626,1,0.88157418
same_recording_split_halves,0.74864152,1,0.88157418
same_recording_split_halves,0.74879677,1,0.88157418
same_recording_split_halves,0.74895203,1,0.88157418
same_recording_split_halves,0.74910728,1,0.88157418
same_recording_split_halves,0.74926254,1,0.88157418
same_recording_split_halves,0.74941779,1,0.88157418
same_recording_split_halves,0.74957305,1,0.88157418
same_recording_split_halves,0.7497283,1,0.88157418
same_recording_split_halves,0.74988356,1,0.88157418
same_recording_split_halves,0.75003881,1,0.88157418
same_recording_split_halves,0.75019407,1,0.88157418
same_recording_split_halves,0.75034932,1,0.88157418
same_recording_split_halves,0.75050458,1,0.88157418
same_recording_split_halves,0.75065984,1,0.88157418
same_recording_split_halves,0.75081509,1,0.88157418
same_recording_split_halves,0.75097035,1,0.88157418
same_recording_split_halves,0.7511256,1,0.88157418
same_recording_split_halves,0.75128086,1,0.88157418
same_recording_split_halves,0.75143611,1,0.88157418
same_recording_split_halves,0.75159137,1,0.88157418
same_recording_split_halves,0.75174662,1,0.88157418
same_recording_split_halves,0.75190188,1,0.88157418
same_recording_split_halves,0.75205713,1,0.88157418
same_recording_split_halves,0.75221239,1,0.88157418
same_recording_split_halves,0.75236764,1,0.88157418
same_recording_split_halves,0.7525229,1,0.88157418
same_recording_split_halves,0.75267816,1,0.88157418
same_recording_split_halves,0.75283341,1,0.88157418
same_recording_split_halves,0.75298867,1,0.88157418
same_recording_split_halves,0.75314392,1,0.88157418
same_recording_split_halves,0.75329918,1,0.88157418
same_recording_split_halves,0.75345443,1,0.88157418
same_recording_split_halves,0.75360969,1,0.88157418
same_recording_split_halves,0.75376494,1,0.88157418
same_recording_split_halves,0.7539202,1,0.88157418
same_recording_split_halves,0.75407545,1,0.88157418
same_recording_split_halves,0.75423071,1,0.88157418
same_recording_split_halves,0.75438596,1,0.88157418
same_recording_split_halves,0.75454122,1,0.88157418
same_recording_split_halves,0.75469648,1,0.88157418
same_recording_split_halves,0.75485173,1,0.88157418
same_recording_split_halves,0.75500699,1,0.88157418
same_recording_split_halves,0.75516224,1,0.88157418
same_recording_split_halves,0.7553175,1,0.88157418
same_recording_split_halves,0.75547275,1,0.88157418
same_recording_split_halves,0.75562801,1,0.88157418
same_recording_split_halves,0.75578326,1,0.88157418
same_recording_split_halves,0.75593852,1,0.88157418
same_recording_split_halves,0.75609377,1,0.88157418
same_recording_split_halves,0.75624903,1,0.88157418
same_recording_split_halves,0.75640429,1,0.88157418
same_recording_split_halves,0.75655954,1,0.88157418
same_recording_split_halves,0.7567148,1,0.88157418
same_recording_split_halves,0.75687005,1,0.88157418
same_recording_split_halves,0.75702531,1,0.88157418
same_recording_split_halves,0.75718056,1,0.88157418
same_recording_split_halves,0.75733582,1,0.88157418
same_recording_split_halves,0.75749107,1,0.88157418
same_recording_split_halves,0.75764633,1,0.88157418
same_recording_split_halves,0.75780158,1,0.88157418
same_recording_split_halves,0.75795684,1,0.88157418
same_recording_split_halves,0.75811209,1,0.88157418
same_recording_split_halves,0.75826735,1,0.88157418
same_recording_split_halves,0.75842261,1,0.88157418
same_recording_split_halves,0.75857786,1,0.88157418
same_recording_split_halves,0.75873312,1,0.88157418
same_recording_split_halves,0.75888837,1,0.88157418
same_recording_split_halves,0.75904363,1,0.88157418
same_recording_split_halves,0.75919888,1,0.88157418
same_recording_split_halves,0.75935414,1,0.88157418
same_recording_split_halves,0.75950939,1,0.88157418
same_recording_split_halves,0.75966465,1,0.88157418
same_recording_split_halves,0.7598199,1,0.88157418
same_recording_split_halves,0.75997516,1,0.88157418
same_recording_split_halves,0.76013041,1,0.88157418
same_recording_split_halves,0.76028567,1,0.88157418
same_recording_split_halves,0.76044093,1,0.88157418
same_recording_split_halves,0.76059618,1,0.88157418
same_recording_split_halves,0.76075144,1,0.88157418
same_recording_split_halves,0.76090669,1,0.88157418
same_recording_split_halves,0.76106195,1,0.88157418
same_recording_split_halves,0.7612172,1,0.88157418
same_recording_split_halves,0.76137246,1,0.88157418
same_recording_split_halves,0.76152771,1,0.88157418
same_recording_split_halves,0.76168297,1,0.88157418
same_recording_split_halves,0.76183822,1,0.88157418
same_recording_split_halves,0.76199348,1,0.88157418
same_recording_split_halves,0.76214873,1,0.88157418
same_recording_split_halves,0.76230399,1,0.88157418
same_recording_split_halves,0.76245925,1,0.88157418
same_recording_split_halves,0.7626145,1,0.88157418
same_recording_split_halves,0.76276976,1,0.88157418
same_recording_split_halves,0.76292501,1,0.88157418
same_recording_split_halves,0.76308027,1,0.88157418
same_recording_split_halves,0.76323552,1,0.88157418
same_recording_split_halves,0.76339078,1,0.88157418
same_recording_split_halves,0.76354603,1,0.88157418
same_recording_split_halves,0.76370129,1,0.88157418
same_recording_split_halves,0.76385654,1,0.88157418
same_recording_split_halves,0.7640118,1,0.88157418
same_recording_split_halves,0.76416705,1,0.88157418
same_recording_split_halves,0.76432231,1,0.88157418
same_recording_split_halves,0.76447757,1,0.88157418
same_recording_split_halves,0.76463282,1,0.88157418
same_recording_split_halves,0.76478808,1,0.88157418
same_recording_split_halves,0.76494333,1,0.88157418
same_recording_split_halves,0.76509859,1,0.88157418
same_recording_split_halves,0.76525384,1,0.88157418
same_recording_split_halves,0.7654091,1,0.88157418
same_recording_split_halves,0.76556435,1,0.88157418
same_recording_split_halves,0.76571961,1,0.88157418
same_recording_split_halves,0.76587486,1,0.88157418
same_recording_split_halves,0.76603012,1,0.88157418
same_recording_split_halves,0.76618537,1,0.88157418
same_recording_split_halves,0.76634063,1,0.88157418
same_recording_split_halves,0.76649589,1,0.88157418
same_recording_split_halves,0.76665114,1,0.88157418
same_recording_split_halves,0.7668064,1,0.88157418
same_recording_split_halves,0.76696165,1,0.88157418
same_recording_split_halves,0.76711691,1,0.88157418
same_recording_split_halves,0.76727216,1,0.88157418
same_recording_split_halves,0.76742742,1,0.88157418
same_recording_split_halves,0.76758267,1,0.88157418
same_recording_split_halves,0.76773793,1,0.88157418
same_recording_split_halves,0.76789318,1,0.88157418
same_recording_split_halves,0.76804844,1,0.88157418
same_recording_split_halves,0.7682037,1,0.88157418
same_recording_split_halves,0.76835895,1,0.88157418
same_recording_split_halves,0.76851421,1,0.88157418
same_recording_split_halves,0.76866946,1,0.88157418
same_recording_split_halves,0.76882472,1,0.88157418
same_recording_split_halves,0.76897997,1,0.88157418
same_recording_split_halves,0.76913523,1,0.88157418
same_recording_split_halves,0.76929048,1,0.88157418
same_recording_split_halves,0.76944574,1,0.88157418
same_recording_split_halves,0.76960099,1,0.88157418
same_recording_split_halves,0.76975625,1,0.88157418
same_recording_split_halves,0.7699115,1,0.88157418
same_recording_split_halves,0.77006676,1,0.88157418
same_recording_split_halves,0.77022202,1,0.88157418
same_recording_split_halves,0.77037727,1,0.88157418
same_recording_split_halves,0.77053253,1,0.88157418
same_recording_split_halves,0.77068778,1,0.88157418
same_recording_split_halves,0.77084304,1,0.88157418
same_recording_split_halves,0.77099829,1,0.88157418
same_recording_split_halves,0.77115355,1,0.88157418
same_recording_split_halves,0.7713088,1,0.88157418
same_recording_split_halves,0.77146406,1,0.88157418
same_recording_split_halves,0.77161931,1,0.88157418
same_recording_split_halves,0.77177457,1,0.88157418
same_recording_split_halves,0.77192982,1,0.88157418
same_recording_split_halves,0.77208508,1,0.88157418
same_recording_split_halves,0.77224034,1,0.88157418
same_recording_split_halves,0.77239559,1,0.88157418
same_recording_split_halves,0.77255085,1,0.88157418
same_recording_split_halves,0.7727061,1,0.88157418
same_recording_split_halves,0.77286136,1,0.88157418
same_recording_split_halves,0.77301661,1,0.88157418
same_recording_split_halves,0.77317187,1,0.88157418
same_recording_split_halves,0.77332712,1,0.88157418
same_recording_split_halves,0.77348238,1,0.88157418
same_recording_split_halves,0.77363763,1,0.88157418
same_recording_split_halves,0.77379289,1,0.88157418
same_recording_split_halves,0.77394814,1,0.88157418
same_recording_split_halves,0.7741034,1,0.88157418
same_recording_split_halves,0.77425866,1,0.88157418
same_recording_split_halves,0.77441391,1,0.88157418
same_recording_split_halves,0.77456917,1,0.88157418
same_recording_split_halves,0.77472442,1,0.88157418
same_recording_split_halves,0.77487968,1,0.88157418
same_recording_split_halves,0.77503493,1,0.88157418
same_recording_split_halves,0.77519019,1,0.88157418
same_recording_split_halves,0.77534544,1,0.88157418
same_recording_split_halves,0.7755007,1,0.88157418
same_recording_split_halves,0.77565595,1,0.88157418
same_recording_split_halves,0.77581121,1,0.88157418
same_recording_split_halves,0.77596646,1,0.88157418
same_recording_split_halves,0.77612172,1,0.88157418
same_recording_split_halves,0.77627698,1,0.88157418
same_recording_split_halves,0.77643223,1,0.88157418
same_recording_split_halves,0.77658749,1,0.88157418
same_recording_split_halves,0.77674274,1,0.88157418
same_recording_split_halves,0.776898,1,0.88157418
same_recording_split_halves,0.77705325,1,0.88157418
same_recording_split_halves,0.77720851,1,0.88157418
same_recording_split_halves,0.77736376,1,0.88157418
same_recording_split_halves,0.77751902,1,0.88157418
same_recording_split_halves,0.77767427,1,0.88157418
same_recording_split_halves,0.77782953,1,0.88157418
same_recording_split_halves,0.77798478,1,0.88157418
same_recording_split_halves,0.77814004,1,0.88157418
same_recording_split_halves,0.7782953,1,0.88157418
same_recording_split_halves,0.77845055,1,0.88157418
same_recording_split_halves,0.77860581,1,0.88157418
same_recording_split_halves,0.77876106,1,0.88157418
same_recording_split_halves,0.77891632,1,0.88157418
same_recording_split_halves,0.77907157,1,0.88157418
same_recording_split_halves,0.77922683,1,0.88157418
same_recording_split_halves,0.77938208,1,0.88157418
same_recording_split_halves,0.77953734,1,0.88157418
same_recording_split_halves,0.77969259,1,0.88157418
same_recording_split_halves,0.77984785,1,0.88157418
same_recording_split_halves,0.78000311,1,0.88157418
same_recording_split_halves,0.78015836,1,0.88157418
same_recording_split_halves,0.78031362,1,0.88157418
same_recording_split_halves,0.78046887,1,0.88157418
same_recording_split_halves,0.78062413,1,0.88157418
same_recording_split_halves,0.78077938,1,0.88157418
same_recording_split_halves,0.78093464,1,0.88157418
same_recording_split_halves,0.78108989,1,0.88157418
same_recording_split_halves,0.78124515,1,0.88157418
same_recording_split_halves,0.7814004,1,0.88157418
same_recording_split_halves,0.78155566,1,0.88157418
same_recording_split_halves,0.78171091,1,0.88157418
same_recording_split_halves,0.78186617,1,0.88157418
same_recording_split_halves,0.78202143,1,0.88157418
same_recording_split_halves,0.78217668,1,0.88157418
same_recording_split_halves,0.78233194,1,0.88157418
same_recording_split_halves,0.78248719,1,0.88157418
same_recording_split_halves,0.78264245,1,0.88157418
same_recording_split_halves,0.7827977,1,0.88157418
same_recording_split_halves,0.78295296,1,0.88157418
same_recording_split_halves,0.78310821,1,0.88157418
same_recording_split_halves,0.78326347,1,0.88157418
same_recording_split_halves,0.78341872,1,0.88157418
same_recording_split_halves,0.78357398,1,0.88157418
same_recording_split_halves,0.78372923,1,0.88157418
same_recording_split_halves,0.78388449,1,0.88157418
same_recording_split_halves,0.78403975,1,0.88157418
same_recording_split_halves,0.784195,1,0.88157418
same_recording_split_halves,0.78435026,1,0.88157418
same_recording_split_halves,0.78450551,1,0.88157418
same_recording_split_halves,0.78466077,1,0.88157418
same_recording_split_halves,0.78481602,1,0.88157418
same_recording_split_halves,0.78497128,1,0.88157418
same_recording_split_halves,0.78512653,1,0.88157418
same_recording_split_halves,0.78528179,1,0.88157418
same_recording_split_halves,0.78543704,1,0.88157418
same_recording_split_halves,0.7855923,1,0.88157418
same_recording_split_halves,0.78574755,1,0.88157418
same_recording_split_halves,0.78590281,1,0.88157418
same_recording_split_halves,0.78605807,1,0.88157418
same_recording_split_halves,0.78621332,1,0.88157418
same_recording_split_halves,0.78636858,1,0.88157418
same_recording_split_halves,0.78652383,1,0.88157418
same_recording_split_halves,0.78667909,1,0.88157418
same_recording_split_halves,0.78683434,1,0.88157418
same_recording_split_halves,0.7869896,1,0.88157418
same_recording_split_halves,0.78714485,1,0.88157418
same_recording_split_halves,0.78730011,1,0.88157418
same_recording_split_halves,0.78745536,1,0.88157418
same_recording_split_halves,0.78761062,1,0.88157418
same_recording_split_halves,0.78776587,1,0.88157418
same_recording_split_halves,0.78792113,1,0.88157418
same_recording_split_halves,0.78807639,1,0.88157418
same_recording_split_halves,0.78823164,1,0.88157418
same_recording_split_halves,0.7883869,1,0.88157418
same_recording_split_halves,0.78854215,1,0.88157418
same_recording_split_halves,0.78869741,1,0.88157418
same_recording_split_halves,0.78885266,1,0.88157418
same_recording_split_halves,0.78900792,1,0.88157418
same_recording_split_halves,0.78916317,1,0.88157418
same_recording_split_halves,0.78931843,1,0.88157418
same_recording_split_halves,0.78947368,1,0.88157418
same_recording_split_halves,0.78962894,1,0.88157418
same_recording_split_halves,0.7897842,1,0.88157418
same_recording_split_halves,0.78993945,1,0.88157418
same_recording_split_halves,0.79009471,1,0.88157418
same_recording_split_halves,0.79024996,1,0.88157418
same_recording_split_halves,0.79040522,1,0.88157418
same_recording_split_halves,0.79056047,1,0.88157418
same_recording_split_halves,0.79071573,1,0.88157418
same_recording_split_halves,0.79087098,1,0.88157418
same_recording_split_halves,0.79102624,1,0.88157418
same_recording_split_halves,0.79118149,1,0.88157418
same_recording_split_halves,0.79133675,1,0.88157418
same_recording_split_halves,0.791492,1,0.88157418
same_recording_split_halves,0.79164726,1,0.88157418
same_recording_split_halves,0.79180252,1,0.88157418
same_recording_split_halves,0.79195777,1,0.88157418
same_recording_split_halves,0.79211303,1,0.88157418
same_recording_split_halves,0.79226828,1,0.88157418
same_recording_split_halves,0.79242354,1,0.88157418
same_recording_split_halves,0.79257879,1,0.88157418
same_recording_split_halves,0.79273405,1,0.88157418
same_recording_split_halves,0.7928893,1,0.88157418
same_recording_split_halves,0.79304456,1,0.88157418
same_recording_split_halves,0.79319981,1,0.88157418
same_recording_split_halves,0.79335507,1,0.88157418
same_recording_split_halves,0.79351032,1,0.88157418
same_recording_split_halves,0.79366558,1,0.88157418
same_recording_split_halves,0.79382084,1,0.88157418
same_recording_split_halves,0.79397609,1,0.88157418
same_recording_split_halves,0.79413135,1,0.88157418
same_recording_split_halves,0.7942866,1,0.88157418
same_recording_split_halves,0.79444186,1,0.88157418
same_recording_split_halves,0.79459711,1,0.88157418
same_recording_split_halves,0.79475237,1,0.88157418
same_recording_split_halves,0.79490762,1,0.88157418
same_recording_split_halves,0.79506288,1,0.88157418
same_recording_split_halves,0.79521813,1,0.88157418
same_recording_split_halves,0.79537339,1,0.88157418
same_recording_split_halves,0.79552864,1,0.88157418
same_recording_split_halves,0.7956839,1,0.88157418
same_recording_split_halves,0.79583916,1,0.88157418
same_recording_split_halves,0.79599441,1,0.88157418
same_recording_split_halves,0.79614967,1,0.88157418
same_recording_split_halves,0.79630492,1,0.88157418
same_recording_split_halves,0.79646018,1,0.88157418
same_recording_split_halves,0.79661543,1,0.88157418
same_recording_split_halves,0.79677069,1,0.88157418
same_recording_split_halves,0.79692594,1,0.88157418
same_recording_split_halves,0.7970812,1,0.88157418
same_recording_split_halves,0.79723645,1,0.88157418
same_recording_split_halves,0.79739171,1,0.88157418
same_recording_split_halves,0.79754696,1,0.88157418
same_recording_split_halves,0.79770222,1,0.88157418
same_recording_split_halves,0.79785748,1,0.88157418
same_recording_split_halves,0.79801273,1,0.88157418
same_recording_split_halves,0.79816799,1,0.88157418
same_recording_split_halves,0.79832324,1,0.88157418
same_recording_split_halves,0.7984785,1,0.88157418
same_recording_split_halves,0.79863375,1,0.88157418
same_recording_split_halves,0.79878901,1,0.88157418
same_recording_split_halves,0.79894426,1,0.88157418
same_recording_split_halves,0.79909952,1,0.88157418
same_recording_split_halves,0.79925477,1,0.88157418
same_recording_split_halves,0.79941003,1,0.88157418
same_recording_split_halves,0.79956528,1,0.88157418
same_recording_split_halves,0.79972054,1,0.88157418
same_recording_split_halves,0.7998758,1,0.88157418
same_recording_split_halves,0.80003105,1,0.88157418
same_recording_split_halves,0.80018631,1,0.88157418
same_recording_split_halves,0.80034156,1,0.88157418
same_recording_split_halves,0.80049682,1,0.88157418
same_recording_split_halves,0.80065207,1,0.88157418
same_recording_split_halves,0.80080733,1,0.88157418
same_recording_split_halves,0.80096258,1,0.88157418
same_recording_split_halves,0.80111784,1,0.88157418
same_recording_split_halves,0.80127309,1,0.88157418
same_recording_split_halves,0.80142835,1,0.88157418
same_recording_split_halves,0.80158361,1,0.88157418
same_recording_split_halves,0.80173886,1,0.88157418
same_recording_split_halves,0.80189412,1,0.88157418
same_recording_split_halves,0.80204937,1,0.88157418
same_recording_split_halves,0.80220463,1,0.88157418
same_recording_split_halves,0.80235988,1,0.88157418
same_recording_split_halves,0.80251514,1,0.88157418
same_recording_split_halves,0.80267039,1,0.88157418
same_recording_split_halves,0.80282565,1,0.88157418
same_recording_split_halves,0.8029809,1,0.88157418
same_recording_split_halves,0.80313616,1,0.88157418
same_recording_split_halves,0.80329141,1,0.88157418
same_recording_split_halves,0.80344667,1,0.88157418
same_recording_split_halves,0.80360193,1,0.88157418
same_recording_split_halves,0.80375718,1,0.88157418
same_recording_split_halves,0.80391244,1,0.88157418
same_recording_split_halves,0.80406769,1,0.88157418
same_recording_split_halves,0.80422295,1,0.88157418
same_recording_split_halves,0.8043782,1,0.88157418
same_recording_split_halves,0.80453346,1,0.88157418
same_recording_split_halves,0.80468871,1,0.88157418
same_recording_split_halves,0.80484397,1,0.88157418
same_recording_split_halves,0.80499922,1,0.88157418
same_recording_split_halves,0.80515448,1,0.88157418
same_recording_split_halves,0.80530973,1,0.88157418
same_recording_split_halves,0.80546499,1,0.88157418
same_recording_split_halves,0.80562025,1,0.88157418
same_recording_split_halves,0.8057755,1,0.88157418
same_recording_split_halves,0.80593076,1,0.88157418
same_recording_split_halves,0.80608601,1,0.88157418
same_recording_split_halves,0.80624127,1,0.88157418
same_recording_split_halves,0.80639652,1,0.88157418
same_recording_split_halves,0.80655178,1,0.88157418
same_recording_split_halves,0.80670703,1,0.88157418
same_recording_split_halves,0.80686229,1,0.88157418
same_recording_split_halves,0.80701754,1,0.88157418
same_recording_split_halves,0.8071728,1,0.88157418
same_recording_split_halves,0.80732805,1,0.88157418
same_recording_split_halves,0.80748331,1,0.88157418
same_recording_split_halves,0.80763857,1,0.88157418
same_recording_split_halves,0.80779382,1,0.88157418
same_recording_split_halves,0.80794908,1,0.88157418
same_recording_split_halves,0.80810433,1,0.88157418
same_recording_split_halves,0.80825959,1,0.88157418
same_recording_split_halves,0.80841484,1,0.88157418
same_recording_split_halves,0.8085701,1,0.88157418
same_recording_split_halves,0.80872535,1,0.88157418
same_recording_split_halves,0.80888061,1,0.88157418
same_recording_split_halves,0.80903586,1,0.88157418
same_recording_split_halves,0.80919112,1,0.88157418
same_recording_split_halves,0.80934637,1,0.88157418
same_recording_split_halves,0.80950163,1,0.88157418
same_recording_split_halves,0.80965689,1,0.88157418
same_recording_split_halves,0.80981214,1,0.88157418
same_recording_split_halves,0.8099674,1,0.88157418
same_recording_split_halves,0.81012265,1,0.88157418
same_recording_split_halves,0.81027791,1,0.88157418
same_recording_split_halves,0.81043316,1,0.88157418
same_recording_split_halves,0.81058842,1,0.88157418
same_recording_split_halves,0.81074367,1,0.88157418
same_recording_split_halves,0.81089893,1,0.88157418
same_recording_split_halves,0.81105418,1,0.88157418
same_recording_split_halves,0.81120944,1,0.88157418
same_recording_split_halves,0.81136469,1,0.88157418
same_recording_split_halves,0.81151995,1,0.88157418
same_recording_split_halves,0.81167521,1,0.88157418
same_recording_split_halves,0.81183046,1,0.88157418
same_recording_split_halves,0.81198572,1,0.88157418
same_recording_split_halves,0.81214097,1,0.88157418
same_recording_split_halves,0.81229623,1,0.88157418
same_recording_split_halves,0.81245148,1,0.88157418
same_recording_split_halves,0.81260674,1,0.88157418
same_recording_split_halves,0.81276199,1,0.88157418
same_recording_split_halves,0.81291725,1,0.88157418
same_recording_split_halves,0.8130725,1,0.88157418
same_recording_split_halves,0.81322776,1,0.88157418
same_recording_split_halves,0.81338302,1,0.88157418
same_recording_split_halves,0.81353827,1,0.88157418
same_recording_split_halves,0.81369353,1,0.88157418
same_recording_split_halves,0.81384878,1,0.88157418
same_recording_split_halves,0.81400404,1,0.88157418
same_recording_split_halves,0.81415929,1,0.88157418
same_recording_split_halves,0.81431455,1,0.88157418
same_recording_split_halves,0.8144698,1,0.88157418
same_recording_split_halves,0.81462506,1,0.88157418
same_recording_split_halves,0.81478031,1,0.88157418
same_recording_split_halves,0.81493557,1,0.88157418
same_recording_split_halves,0.81509082,1,0.88157418
same_recording_split_halves,0.81524608,1,0.88157418
same_recording_split_halves,0.81540134,1,0.88157418
same_recording_split_halves,0.81555659,1,0.88157418
same_recording_split_halves,0.81571185,1,0.88157418
same_recording_split_halves,0.8158671,1,0.88157418
same_recording_split_halves,0.81602236,1,0.88157418
same_recording_split_halves,0.81617761,1,0.88157418
same_recording_split_halves,0.81633287,1,0.88157418
same_recording_split_halves,0.81648812,1,0.88157418
same_recording_split_halves,0.81664338,1,0.88157418
same_recording_split_halves,0.81679863,1,0.88157418
same_recording_split_halves,0.81695389,1,0.88157418
same_recording_split_halves,0.81710914,1,0.88157418
same_recording_split_halves,0.8172644,1,0.88157418
same_recording_split_halves,0.81741966,1,0.88157418
same_recording_split_halves,0.81757491,1,0.88157418
same_recording_split_halves,0.81773017,1,0.88157418
same_recording_split_halves,0.81788542,1,0.88157418
same_recording_split_halves,0.81804068,1,0.88157418
same_recording_split_halves,0.81819593,1,0.88157418
same_recording_split_halves,0.81835119,1,0.88157418
same_recording_split_halves,0.81850644,1,0.88157418
same_recording_split_halves,0.8186617,1,0.88157418
same_recording_split_halves,0.81881695,1,0.88157418
same_recording_split_halves,0.81897221,1,0.88157418
same_recording_split_halves,0.81912746,1,0.88157418
same_recording_split_halves,0.81928272,1,0.88157418
same_recording_split_halves,0.81943798,1,0.88157418
same_recording_split_halves,0.81959323,1,0.88157418
same_recording_split_halves,0.81974849,1,0.88157418
same_recording_split_halves,0.81990374,1,0.88157418
same_recording_split_halves,0.820059,1,0.88157418
same_recording_split_halves,0.82021425,1,0.88157418
same_recording_split_halves,0.82036951,1,0.88157418
same_recording_split_halves,0.82052476,1,0.88157418
same_recording_split_halves,0.82068002,1,0.88157418
same_recording_split_halves,0.82083527,1,0.88157418
same_recording_split_halves,0.82099053,1,0.88157418
same_recording_split_halves,0.82114578,1,0.88157418
same_recording_split_halves,0.82130104,1,0.88157418
same_recording_split_halves,0.8214563,1,0.88157418
same_recording_split_halves,0.82161155,1,0.88157418
same_recording_split_halves,0.82176681,1,0.88157418
same_recording_split_halves,0.82192206,1,0.88157418
same_recording_split_halves,0.82207732,1,0.88157418
same_recording_split_halves,0.82223257,1,0.88157418
same_recording_split_halves,0.82238783,1,0.88157418
same_recording_split_halves,0.82254308,1,0.88157418
same_recording_split_halves,0.82269834,1,0.88157418
same_recording_split_halves,0.82285359,1,0.88157418
same_recording_split_halves,0.82300885,1,0.88157418
same_recording_split_halves,0.8231641,1,0.88157418
same_recording_split_halves,0.82331936,1,0.88157418
same_recording_split_halves,0.82347462,1,0.88157418
same_recording_split_halves,0.82362987,1,0.88157418
same_recording_split_halves,0.82378513,1,0.88157418
same_recording_split_halves,0.82394038,1,0.88157418
same_recording_split_halves,0.82409564,1,0.88157418
same_recording_split_halves,0.82425089,1,0.88157418
same_recording_split_halves,0.82440615,1,0.88157418
same_recording_split_halves,0.8245614,1,0.88157418
same_recording_split_halves,0.82471666,1,0.88157418
same_recording_split_halves,0.82487191,1,0.88157418
same_recording_split_halves,0.82502717,1,0.88157418
same_recording_split_halves,0.82518243,1,0.88157418
same_recording_split_halves,0.82533768,1,0.88157418
same_recording_split_halves,0.82549294,1,0.88157418
same_recording_split_halves,0.82564819,1,0.88157418
same_recording_split_halves,0.82580345,1,0.88157418
same_recording_split_halves,0.8259587,1,0.88157418
same_recording_split_halves,0.82611396,1,0.88157418
same_recording_split_halves,0.82626921,1,0.88157418
same_recording_split_halves,0.82642447,1,0.88157418
same_recording_split_halves,0.82657972,1,0.88157418
same_recording_split_halves,0.82673498,1,0.88157418
same_recording_split_halves,0.82689023,1,0.88157418
same_recording_split_halves,0.82704549,1,0.88157418
same_recording_split_halves,0.82720075,1,0.88157418
same_recording_split_halves,0.827356,1,0.88157418
same_recording_split_halves,0.82751126,1,0.88157418
same_recording_split_halves,0.82766651,1,0.88157418
same_recording_split_halves,0.82782177,1,0.88157418
same_recording_split_halves,0.82797702,1,0.88157418
same_recording_split_halves,0.82813228,1,0.88157418
same_recording_split_halves,0.82828753,1,0.88157418
same_recording_split_halves,0.82844279,1,0.88157418
same_recording_split_halves,0.82859804,1,0.88157418
same_recording_split_halves,0.8287533,1,0.88157418
same_recording_split_halves,0.82890855,1,0.88157418
same_recording_split_halves,0.82906381,1,0.88157418
same_recording_split_halves,0.82921907,1,0.88157418
same_recording_split_halves,0.82937432,1,0.88157418
same_recording_split_halves,0.82952958,1,0.88157418
same_recording_split_halves,0.82968483,1,0.88157418
same_recording_split_halves,0.82984009,1,0.88157418
same_recording_split_halves,0.82999534,1,0.88157418
same_recording_split_halves,0.8301506,1,0.88157418
same_recording_split_halves,0.83030585,1,0.88157418
same_recording_split_halves,0.83046111,1,0.88157418
same_recording_split_halves,0.83061636,1,0.88157418
same_recording_split_halves,0.83077162,1,0.88157418
same_recording_split_halves,0.83092687,1,0.88157418
same_recording_split_halves,0.83108213,1,0.88157418
same_recording_split_halves,0.83123739,1,0.88157418
same_recording_split_halves,0.83139264,1,0.88157418
same_recording_split_halves,0.8315479,1,0.88157418
same_recording_split_halves,0.83170315,1,0.88157418
same_recording_split_halves,0.83185841,1,0.88157418
same_recording_split_halves,0.83201366,1,0.88157418
same_recording_split_halves,0.83216892,1,0.88157418
same_recording_split_halves,0.83232417,1,0.88157418
same_recording_split_halves,0.83247943,1,0.88157418
same_recording_split_halves,0.83263468,1,0.88157418
same_recording_split_halves,0.83278994,1,0.88157418
same_recording_split_halves,0.83294519,1,0.88157418
same_recording_split_halves,0.83310045,1,0.88157418
same_recording_split_halves,0.83325571,1,0.88157418
same_recording_split_halves,0.83341096,1,0.88157418
same_recording_split_halves,0.83356622,1,0.88157418
same_recording_split_halves,0.83372147,1,0.88157418
same_recording_split_halves,0.83387673,1,0.88157418
same_recording_split_halves,0.83403198,1,0.88157418
same_recording_split_halves,0.83418724,1,0.88157418
same_recording_split_halves,0.83434249,1,0.88157418
same_recording_split_halves,0.83449775,1,0.88157418
same_recording_split_halves,0.834653,1,0.88157418
same_recording_split_halves,0.83480826,1,0.88157418
same_recording_split_halves,0.83496351,1,0.88157418
same_recording_split_halves,0.83511877,1,0.88157418
same_recording_split_halves,0.83527403,1,0.88157418
same_recording_split_halves,0.83542928,1,0.88157418
same_recording_split_halves,0.83558454,1,0.88157418
same_recording_split_halves,0.83573979,1,0.88157418
same_recording_split_halves,0.83589505,1,0.88157418
same_recording_split_halves,0.8360503,1,0.88157418
same_recording_split_halves,0.83620556,1,0.88157418
same_recording_split_halves,0.83636081,1,0.88157418
same_recording_split_halves,0.83651607,1,0.88157418
same_recording_split_halves,0.83667132,1,0.88157418
same_recording_split_halves,0.83682658,1,0.88157418
same_recording_split_halves,0.83698184,1,0.88157418
same_recording_split_halves,0.83713709,1,0.88157418
same_recording_split_halves,0.83729235,1,0.88157418
same_recording_split_halves,0.8374476,1,0.88157418
same_recording_split_halves,0.83760286,1,0.88157418
same_recording_split_halves,0.83775811,1,0.88157418
same_recording_split_halves,0.83791337,1,0.88157418
same_recording_split_halves,0.83806862,1,0.88157418
same_recording_split_halves,0.83822388,1,0.88157418
same_recording_split_halves,0.83837913,1,0.88157418
same_recording_split_halves,0.83853439,1,0.88157418
same_recording_split_halves,0.83868964,1,0.88157418
same_recording_split_halves,0.8388449,1,0.88157418
same_recording_split_halves,0.83900016,1,0.88157418
same_recording_split_halves,0.83915541,1,0.88157418
same_recording_split_halves,0.83931067,1,0.88157418
same_recording_split_halves,0.83946592,1,0.88157418
same_recording_split_halves,0.83962118,1,0.88157418
same_recording_split_halves,0.83977643,1,0.88157418
same_recording_split_halves,0.83993169,1,0.88157418
same_recording_split_halves,0.84008694,1,0.88157418
same_recording_split_halves,0.8402422,1,0.88157418
same_recording_split_halves,0.84039745,1,0.88157418
same_recording_split_halves,0.84055271,1,0.88157418
same_recording_split_halves,0.84070796,1,0.88157418
same_recording_split_halves,0.84086322,1,0.88157418
same_recording_split_halves,0.84101848,1,0.88157418
same_recording_split_halves,0.84117373,1,0.88157418
same_recording_split_halves,0.84132899,1,0.88157418
same_recording_split_halves,0.84148424,1,0.88157418
same_recording_split_halves,0.8416395,1,0.88157418
same_recording_split_halves,0.84179475,1,0.88157418
same_recording_split_halves,0.84195001,1,0.88157418
same_recording_split_halves,0.84210526,1,0.88157418
same_recording_split_halves,0.84226052,1,0.88157418
same_recording_split_halves,0.84241577,1,0.88157418
same_recording_split_halves,0.84257103,1,0.88157418
same_recording_split_halves,0.84272628,1,0.88157418
same_recording_split_halves,0.84288154,1,0.88157418
same_recording_split_halves,0.8430368,1,0.88157418
same_recording_split_halves,0.84319205,1,0.88157418
same_recording_split_halves,0.84334731,1,0.88157418
same_recording_split_halves,0.84350256,1,0.88157418
same_recording_split_halves,0.84365782,1,0.88157418
same_recording_split_halves,0.84381307,1,0.88157418
same_recording_split_halves,0.84396833,1,0.88157418
same_recording_split_halves,0.84412358,1,0.88157418
same_recording_split_halves,0.84427884,1,0.88157418
same_recording_split_halves,0.84443409,1,0.88157418
same_recording_split_halves,0.84458935,1,0.88157418
same_recording_split_halves,0.8447446,1,0.88157418
same_recording_split_halves,0.84489986,1,0.88157418
same_recording_split_halves,0.84505512,1,0.88157418
same_recording_split_halves,0.84521037,1,0.88157418
same_recording_split_halves,0.84536563,1,0.88157418
same_recording_split_halves,0.84552088,1,0.88157418
same_recording_split_halves,0.84567614,1,0.88157418
same_recording_split_halves,0.84583139,1,0.88157418
same_recording_split_halves,0.84598665,1,0.88157418
same_recording_split_halves,0.8461419,1,0.88157418
same_recording_split_halves,0.84629716,1,0.88157418
same_recording_split_halves,0.84645241,1,0.88157418
same_recording_split_halves,0.84660767,1,0.88157418
same_recording_split_halves,0.84676293,1,0.88157418
same_recording_split_halves,0.84691818,1,0.88157418
same_recording_split_halves,0.84707344,1,0.88157418
same_recording_split_halves,0.84722869,1,0.88157418
same_recording_split_halves,0.84738395,1,0.88157418
same_recording_split_halves,0.8475392,1,0.88157418
same_recording_split_halves,0.84769446,1,0.88157418
same_recording_split_halves,0.84784971,1,0.88157418
same_recording_split_halves,0.84800497,1,0.88157418
same_recording_split_halves,0.84816022,1,0.88157418
same_recording_split_halves,0.84831548,1,0.88157418
same_recording_split_halves,0.84847073,1,0.88157418
same_recording_split_halves,0.84862599,1,0.88157418
same_recording_split_halves,0.84878125,1,0.88157418
same_recording_split_halves,0.8489365,1,0.88157418
same_recording_split_halves,0.84909176,1,0.88157418
same_recording_split_halves,0.84924701,1,0.88157418
same_recording_split_halves,0.84940227,1,0.88157418
same_recording_split_halves,0.84955752,1,0.88157418
same_recording_split_halves,0.84971278,1,0.88157418
same_recording_split_halves,0.84986803,1,0.88157418
same_recording_split_halves,0.85002329,1,0.88157418
same_recording_split_halves,0.85017854,1,0.88157418
same_recording_split_halves,0.8503338,1,0.88157418
same_recording_split_halves,0.85048905,1,0.88157418
same_recording_split_halves,0.85064431,1,0.88157418
same_recording_split_halves,0.85079957,1,0.88157418
same_recording_split_halves,0.85095482,1,0.88157418
same_recording_split_halves,0.85111008,1,0.88157418
same_recording_split_halves,0.85126533,1,0.88157418
same_recording_split_halves,0.85142059,1,0.88157418
same_recording_split_halves,0.85157584,1,0.88157418
same_recording_split_halves,0.8517311,1,0.88157418
same_recording_split_halves,0.85188635,1,0.88157418
same_recording_split_halves,0.85204161,1,0.88157418
same_recording_split_halves,0.85219686,1,0.88157418
same_recording_split_halves,0.85235212,1,0.88157418
same_recording_split_halves,0.85250737,1,0.88157418
same_recording_split_halves,0.85266263,1,0.88157418
same_recording_split_halves,0.85281789,1,0.88157418
same_recording_split_halves,0.85297314,1,0.88157418
same_recording_split_halves,0.8531284,1,0.88157418
same_recording_split_halves,0.85328365,1,0.88157418
same_recording_split_halves,0.85343891,1,0.88157418
same_recording_split_halves,0.85359416,1,0.88157418
same_recording_split_halves,0.85374942,1,0.88157418
same_recording_split_halves,0.85390467,1,0.88157418
same_recording_split_halves,0.85405993,1,0.88157418
same_recording_split_halves,0.85421518,1,0.88157418
same_recording_split_halves,0.85437044,1,0.88157418
same_recording_split_halves,0.85452569,1,0.88157418
same_recording_split_halves,0.85468095,1,0.88157418
same_recording_split_halves,0.85483621,1,0.88157418
same_recording_split_halves,0.85499146,1,0.88157418
same_recording_split_halves,0.85514672,1,0.88157418
same_recording_split_halves,0.85530197,1,0.88157418
same_recording_split_halves,0.85545723,1,0.88157418
same_recording_split_halves,0.85561248,1,0.88157418
same_recording_split_halves,0.85576774,1,0.88157418
same_recording_split_halves,0.85592299,1,0.88157418
same_recording_split_halves,0.85607825,1,0.88157418
same_recording_split_halves,0.8562335,1,0.88157418
same_recording_split_halves,0.85638876,1,0.88157418
same_recording_split_halves,0.85654401,1,0.88157418
same_recording_split_halves,0.85669927,1,0.88157418
same_recording_split_halves,0.85685453,1,0.88157418
same_recording_split_halves,0.85700978,1,0.88157418
same_recording_split_halves,0.85716504,1,0.88157418
same_recording_split_halves,0.85732029,1,0.88157418
same_recording_split_halves,0.85747555,1,0.88157418
same_recording_split_halves,0.8576308,1,0.88157418
same_recording_split_halves,0.85778606,1,0.88157418
same_recording_split_halves,0.85794131,1,0.88157418
same_recording_split_halves,0.85809657,1,0.88157418
same_recording_split_halves,0.85825182,1,0.88157418
same_recording_split_halves,0.85840708,1,0.88157418
same_recording_split_halves,0.85856234,1,0.88157418
same_recording_split_halves,0.85871759,1,0.88157418
same_recording_split_halves,0.85887285,1,0.88157418
same_recording_split_halves,0.8590281,1,0.88157418
same_recording_split_halves,0.85918336,1,0.88157418
same_recording_split_halves,0.85933861,1,0.88157418
same_recording_split_halves,0.85949387,1,0.88157418
same_recording_split_halves,0.85964912,1,0.88157418
same_recording_split_halves,0.85980438,1,0.88157418
same_recording_split_halves,0.85995963,1,0.88157418
same_recording_split_halves,0.86011489,1,0.88157418
same_recording_split_halves,0.86027014,1,0.88157418
same_recording_split_halves,0.8604254,1,0.88157418
same_recording_split_halves,0.86058066,1,0.88157418
same_recording_split_halves,0.86073591,1,0.88157418
same_recording_split_halves,0.86089117,1,0.88157418
same_recording_split_halves,0.86104642,1,0.88157418
same_recording_split_halves,0.86120168,1,0.88157418
same_recording_split_halves,0.86135693,1,0.88157418
same_recording_split_halves,0.86151219,1,0.88157418
same_recording_split_halves,0.86166744,1,0.88157418
same_recording_split_halves,0.8618227,1,0.88157418
same_recording_split_halves,0.86197795,1,0.88157418
same_recording_split_halves,0.86213321,1,0.88157418
same_recording_split_halves,0.86228846,1,0.88157418
same_recording_split_halves,0.86244372,1,0.88157418
same_recording_split_halves,0.86259898,1,0.88157418
same_recording_split_halves,0.86275423,1,0.88157418
same_recording_split_halves,0.86290949,1,0.88157418
same_recording_split_halves,0.86306474,1,0.88157418
same_recording_split_halves,0.86322,1,0.88157418
same_recording_split_halves,0.86337525,1,0.88157418
same_recording_split_halves,0.86353051,1,0.88157418
same_recording_split_halves,0.86368576,1,0.88157418
same_recording_split_halves,0.86384102,1,0.88157418
same_recording_split_halves,0.86399627,1,0.88157418
same_recording_split_halves,0.86415153,1,0.88157418
same_recording_split_halves,0.86430678,1,0.88157418
same_recording_split_halves,0.86446204,1,0.88157418
same_recording_split_halves,0.8646173,1,0.88157418
same_recording_split_halves,0.86477255,1,0.88157418
same_recording_split_halves,0.86492781,1,0.88157418
same_recording_split_halves,0.86508306,1,0.88157418
same_recording_split_halves,0.86523832,1,0.88157418
same_recording_split_halves,0.86539357,1,0.88157418
same_recording_split_halves,0.86554883,1,0.88157418
same_recording_split_halves,0.86570408,1,0.88157418
same_recording_split_halves,0.86585934,1,0.88157418
same_recording_split_halves,0.86601459,1,0.88157418
same_recording_split_halves,0.86616985,1,0.88157418
same_recording_split_halves,0.8663251,1,0.88157418
same_recording_split_halves,0.86648036,1,0.88157418
same_recording_split_halves,0.86663562,1,0.88157418
same_recording_split_halves,0.86679087,1,0.88157418
same_recording_split_halves,0.86694613,1,0.88157418
same_recording_split_halves,0.86710138,1,0.88157418
same_recording_split_halves,0.86725664,1,0.88157418
same_recording_split_halves,0.86741189,1,0.88157418
same_recording_split_halves,0.86756715,1,0.88157418
same_recording_split_halves,0.8677224,1,0.88157418
same_recording_split_halves,0.86787766,1,0.88157418
same_recording_split_halves,0.86803291,1,0.88157418
same_recording_split_halves,0.86818817,1,0.88157418
same_recording_split_halves,0.86834342,1,0.88157418
same_recording_split_halves,0.86849868,1,0.88157418
same_recording_split_halves,0.86865394,1,0.88157418
same_recording_split_halves,0.86880919,1,0.88157418
same_recording_split_halves,0.86896445,1,0.88157418
same_recording_split_halves,0.8691197,1,0.88157418
same_recording_split_halves,0.86927496,1,0.88157418
same_recording_split_halves,0.86943021,1,0.88157418
same_recording_split_halves,0.86958547,1,0.88157418
same_recording_split_halves,0.86974072,1,0.88157418
same_recording_split_halves,0.86989598,1,0.88157418
same_recording_split_halves,0.87005123,1,0.88157418
same_recording_split_halves,0.87020649,1,0.88157418
same_recording_split_halves,0.87036175,1,0.88157418
same_recording_split_halves,0.870517,1,0.88157418
same_recording_split_halves,0.87067226,1,0.88157418
same_recording_split_halves,0.87082751,1,0.88157418
same_recording_split_halves,0.87098277,1,0.88157418
same_recording_split_halves,0.87113802,1,0.88157418
same_recording_split_halves,0.87129328,1,0.88157418
same_recording_split_halves,0.87144853,1,0.88157418
same_recording_split_halves,0.87160379,1,0.88157418
same_recording_split_halves,0.87175904,1,0.88157418
same_recording_split_halves,0.8719143,1,0.88157418
same_recording_split_halves,0.87206955,1,0.88157418
same_recording_split_halves,0.87222481,1,0.88157418
same_recording_split_halves,0.87238007,1,0.88157418
same_recording_split_halves,0.87253532,1,0.88157418
same_recording_split_halves,0.87269058,1,0.88157418
same_recording_split_halves,0.87284583,1,0.88157418
same_recording_split_halves,0.87300109,1,0.88157418
same_recording_split_halves,0.87315634,1,0.88157418
same_recording_split_halves,0.8733116,1,0.88157418
same_recording_split_halves,0.87346685,1,0.88157418
same_recording_split_halves,0.87362211,1,0.88157418
same_recording_split_halves,0.87377736,1,0.88157418
same_recording_split_halves,0.87393262,1,0.88157418
same_recording_split_halves,0.87408787,1,0.88157418
same_recording_split_halves,0.87424313,1,0.88157418
same_recording_split_halves,0.87439839,1,0.88157418
same_recording_split_halves,0.87455364,1,0.88157418
same_recording_split_halves,0.8747089,1,0.88157418
same_recording_split_halves,0.87486415,1,0.88157418
same_recording_split_halves,0.87501941,1,0.88157418
same_recording_split_halves,0.87517466,1,0.88157418
same_recording_split_halves,0.87532992,1,0.88157418
same_recording_split_halves,0.87548517,1,0.88157418
same_recording_split_halves,0.87564043,1,0.88157418
same_recording_split_halves,0.87579568,1,0.88157418
same_recording_split_halves,0.87595094,1,0.88157418
same_recording_split_halves,0.87610619,1,0.88157418
same_recording_split_halves,0.87626145,1,0.88157418
same_recording_split_halves,0.87641671,1,0.88157418
same_recording_split_halves,0.87657196,1,0.88157418
same_recording_split_halves,0.87672722,1,0.88157418
same_recording_split_halves,0.87688247,1,0.88157418
same_recording_split_halves,0.87703773,1,0.88157418
same_recording_split_halves,0.87719298,1,0.88157418
same_recording_split_halves,0.87734824,1,0.88157418
same_recording_split_halves,0.87750349,1,0.88157418
same_recording_split_halves,0.87765875,1,0.88157418
same_recording_split_halves,0.877814,1,0.88157418
same_recording_split_halves,0.87796926,1,0.88157418
same_recording_split_halves,0.87812451,1,0.88157418
same_recording_split_halves,0.87827977,1,0.88157418
same_recording_split_halves,0.87843503,1,0.88157418
same_recording_split_halves,0.87859028,1,0.88157418
same_recording_split_halves,0.87874554,1,0.88157418
same_recording_split_halves,0.87890079,1,0.88157418
same_recording_split_halves,0.87905605,1,0.88157418
same_recording_split_halves,0.8792113,1,0.88157418
same_recording_split_halves,0.87936656,1,0.88157418
same_recording_split_halves,0.87952181,1,0.88157418
same_recording_split_halves,0.87967707,1,0.88157418
same_recording_split_halves,0.87983232,1,0.88157418
same_recording_split_halves,0.87998758,1,0.88157418
same_recording_split_halves,0.88014283,1,0.88157418
same_recording_split_halves,0.88029809,1,0.88157418
same_recording_split_halves,0.88045335,1,0.88157418
same_recording_split_halves,0.8806086,1,0.88157418
same_recording_split_halves,0.88076386,1,0.88157418
same_recording_split_halves,0.88091911,1,0.88157418
same_recording_split_halves,0.88107437,1,0.88157418
same_recording_split_halves,0.88122962,1,0.88157418
same_recording_split_halves,0.88138488,1,0.88157418
same_recording_split_halves,0.88154013,1,0.88157418
same_recording_split_halves,0.88169539,1,0.88157418
same_recording_split_halves,0.88185064,1,0.88157418
same_recording_split_halves,0.8820059,1,0.88157418
same_recording_split_halves,0.88216116,1,0.88157418
same_recording_split_halves,0.88231641,1,0.88157418
same_recording_split_halves,0.88247167,1,0.88157418
same_recording_split_halves,0.88262692,1,0.88157418
same_recording_split_halves,0.88278218,1,0.88157418
same_recording_split_halves,0.88293743,1,0.88157418
same_recording_split_halves,0.88309269,1,0.88157418
same_recording_split_halves,0.88324794,1,0.88157418
same_recording_split_halves,0.8834032,1,0.88157418
same_recording_split_halves,0.88355845,1,0.88157418
same_recording_split_halves,0.88371371,1,0.88157418
same_recording_split_halves,0.88386896,1,0.88157418
same_recording_split_halves,0.88402422,1,0.88157418
same_recording_split_halves,0.88417948,1,0.88157418
same_recording_split_halves,0.88433473,1,0.88157418
same_recording_split_halves,0.88448999,1,0.88157418
same_recording_split_halves,0.88464524,1,0.88157418
same_recording_split_halves,0.8848005,1,0.88157418
same_recording_split_halves,0.88495575,1,0.88157418
same_recording_split_halves,0.88511101,1,0.88157418
same_recording_split_halves,0.88526626,1,0.88157418
same_recording_split_halves,0.88542152,1,0.88157418
same_recording_split_halves,0.88557677,1,0.88157418
same_recording_split_halves,0.88573203,1,0.88157418
same_recording_split_halves,0.88588728,1,0.88157418
same_recording_split_halves,0.88604254,1,0.88157418
same_recording_split_halves,0.8861978,1,0.88157418
same_recording_split_halves,0.88635305,1,0.88157418
same_recording_split_halves,0.88650831,1,0.88157418
same_recording_split_halves,0.88666356,1,0.88157418
same_recording_split_halves,0.88681882,1,0.88157418
same_recording_split_halves,0.88697407,1,0.88157418
same_recording_split_halves,0.88712933,1,0.88157418
same_recording_split_halves,0.88728458,1,0.88157418
same_recording_split_halves,0.88743984,1,0.88157418
same_recording_split_halves,0.88759509,1,0.88157418
same_recording_split_halves,0.88775035,1,0.88157418
same_recording_split_halves,0.8879056,1,0.88157418
same_recording_split_halves,0.88806086,1,0.88157418
same_recording_split_halves,0.88821612,1,0.88157418
same_recording_split_halves,0.88837137,1,0.88157418
same_recording_split_halves,0.88852663,1,0.88157418
same_recording_split_halves,0.88868188,1,0.88157418
same_recording_split_halves,0.88883714,1,0.88157418
same_recording_split_halves,0.88899239,1,0.88157418
same_recording_split_halves,0.88914765,1,0.88157418
same_recording_split_halves,0.8893029,1,0.88157418
same_recording_split_halves,0.88945816,1,0.88157418
same_recording_split_halves,0.88961341,1,0.88157418
same_recording_split_halves,0.88976867,1,0.88157418
same_recording_split_halves,0.88992392,1,0.88157418
same_recording_split_halves,0.89007918,1,0.88157418
same_recording_split_halves,0.89023444,1,0.88157418
same_recording_split_halves,0.89038969,1,0.88157418
same_recording_split_halves,0.89054495,1,0.88157418
same_recording_split_halves,0.8907002,1,0.88157418
same_recording_split_halves,0.89085546,1,0.88157418
same_recording_split_halves,0.89101071,1,0.88157418
same_recording_split_halves,0.89116597,1,0.88157418
same_recording_split_halves,0.89132122,1,0.88157418
same_recording_split_halves,0.89147648,1,0.88157418
same_recording_split_halves,0.89163173,1,0.88157418
same_recording_split_halves,0.89178699,1,0.88157418
same_recording_split_halves,0.89194224,1,0.88157418
same_recording_split_halves,0.8920975,1,0.88157418
same_recording_split_halves,0.89225276,1,0.88157418
same_recording_split_halves,0.89240801,1,0.88157418
same_recording_split_halves,0.89256327,1,0.88157418
same_recording_split_halves,0.89271852,1,0.88157418
same_recording_split_halves,0.89287378,1,0.88157418
same_recording_split_halves,0.89302903,1,0.88157418
same_recording_split_halves,0.89318429,1,0.88157418
same_recording_split_halves,0.89333954,1,0.88157418
same_recording_split_halves,0.8934948,1,0.88157418
same_recording_split_halves,0.89365005,1,0.88157418
same_recording_split_halves,0.89380531,1,0.88157418
same_recording_split_halves,0.89396057,1,0.88157418
same_recording_split_halves,0.89411582,1,0.88157418
same_recording_split_halves,0.89427108,1,0.88157418
same_recording_split_halves,0.89442633,1,0.88157418
same_recording_split_halves,0.89458159,1,0.88157418
same_recording_split_halves,0.89473684,1,0.88157418
same_recording_split_halves,0.8948921,1,0.88157418
same_recording_split_halves,0.89504735,1,0.88157418
same_recording_split_halves,0.89520261,1,0.88157418
same_recording_split_halves,0.89535786,1,0.88157418
same_recording_split_halves,0.89551312,1,0.88157418
same_recording_split_halves,0.89566837,1,0.88157418
same_recording_split_halves,0.89582363,1,0.88157418
same_recording_split_halves,0.89597889,1,0.88157418
same_recording_split_halves,0.89613414,1,0.88157418
same_recording_split_halves,0.8962894,1,0.88157418
same_recording_split_halves,0.89644465,1,0.88157418
same_recording_split_halves,0.89659991,1,0.88157418
same_recording_split_halves,0.89675516,1,0.88157418
same_recording_split_halves,0.89691042,1,0.88157418
same_recording_split_halves,0.89706567,1,0.88157418
same_recording_split_halves,0.89722093,1,0.88157418
same_recording_split_halves,0.89737618,1,0.88157418
same_recording_split_halves,0.89753144,1,0.88157418
same_recording_split_halves,0.89768669,1,0.88157418
same_recording_split_halves,0.89784195,1,0.88157418
same_recording_split_halves,0.89799721,1,0.88157418
same_recording_split_halves,0.89815246,1,0.88157418
same_recording_split_halves,0.89830772,1,0.88157418
same_recording_split_halves,0.89846297,1,0.88157418
same_recording_split_halves,0.89861823,1,0.88157418
same_recording_split_halves,0.89877348,1,0.88157418
same_recording_split_halves,0.89892874,1,0.88157418
same_recording_split_halves,0.89908399,1,0.88157418
same_recording_split_halves,0.89923925,1,0.88157418
same_recording_split_halves,0.8993945,1,0.88157418
same_recording_split_halves,0.89954976,1,0.88157418
same_recording_split_halves,0.89970501,1,0.88157418
same_recording_split_halves,0.89986027,1,0.88157418
same_recording_split_halves,0.90001553,1,0.88157418
same_recording_split_halves,0.90017078,1,0.88157418
same_recording_split_halves,0.90032604,1,0.88157418
same_recording_split_halves,0.90048129,1,0.88157418
same_recording_split_halves,0.90063655,1,0.88157418
same_recording_split_halves,0.9007918,1,0.88157418
same_recording_split_halves,0.90094706,1,0.88157418
same_recording_split_halves,0.90110231,1,0.88157418
same_recording_split_halves,0.90125757,1,0.88157418
same_recording_split_halves,0.90141282,1,0.88157418
same_recording_split_halves,0.90156808,1,0.88157418
same_recording_split_halves,0.90172333,1,0.88157418
same_recording_split_halves,0.90187859,1,0.88157418
same_recording_split_halves,0.90203385,1,0.88157418
same_recording_split_halves,0.9021891,1,0.88157418
same_recording_split_halves,0.90234436,1,0.88157418
same_recording_split_halves,0.90249961,1,0.88157418
same_recording_split_halves,0.90265487,1,0.88157418
same_recording_split_halves,0.90281012,1,0.88157418
same_recording_split_halves,0.90296538,1,0.88157418
same_recording_split_halves,0.90312063,1,0.88157418
same_recording_split_halves,0.90327589,1,0.88157418
same_recording_split_halves,0.90343114,1,0.88157418
same_recording_split_halves,0.9035864,1,0.88157418
same_recording_split_halves,0.90374166,1,0.88157418
same_recording_split_halves,0.90389691,1,0.88157418
same_recording_split_halves,0.90405217,1,0.88157418
same_recording_split_halves,0.90420742,1,0.88157418
same_recording_split_halves,0.90436268,1,0.88157418
same_recording_split_halves,0.90451793,1,0.88157418
same_recording_split_halves,0.90467319,1,0.88157418
same_recording_split_halves,0.90482844,1,0.88157418
same_recording_split_halves,0.9049837,1,0.88157418
same_recording_split_halves,0.90513895,1,0.88157418
same_recording_split_halves,0.90529421,1,0.88157418
same_recording_split_halves,0.90544946,1,0.88157418
same_recording_split_halves,0.90560472,1,0.88157418
same_recording_split_halves,0.90575998,1,0.88157418
same_recording_split_halves,0.90591523,1,0.88157418
same_recording_split_halves,0.90607049,1,0.88157418
same_recording_split_halves,0.90622574,1,0.88157418
same_recording_split_halves,0.906381,1,0.88157418
same_recording_split_halves,0.90653625,1,0.88157418
same_recording_split_halves,0.90669151,1,0.88157418
same_recording_split_halves,0.90684676,1,0.88157418
same_recording_split_halves,0.90700202,1,0.88157418
same_recording_split_halves,0.90715727,1,0.88157418
same_recording_split_halves,0.90731253,1,0.88157418
same_recording_split_halves,0.90746778,1,0.88157418
same_recording_split_halves,0.90762304,1,0.88157418
same_recording_split_halves,0.9077783,1,0.88157418
same_recording_split_halves,0.90793355,1,0.88157418
same_recording_split_halves,0.90808881,1,0.88157418
same_recording_split_halves,0.90824406,1,0.88157418
same_recording_split_halves,0.90839932,1,0.88157418
same_recording_split_halves,0.90855457,1,0.88157418
same_recording_split_halves,0.90870983,1,0.88157418
same_recording_split_halves,0.90886508,1,0.88157418
same_recording_split_halves,0.90902034,1,0.88157418
same_recording_split_halves,0.90917559,1,0.88157418
same_recording_split_halves,0.90933085,1,0.88157418
same_recording_split_halves,0.9094861,1,0.88157418
same_recording_split_halves,0.90964136,1,0.88157418
same_recording_split_halves,0.90979662,1,0.88157418
same_recording_split_halves,0.90995187,1,0.88157418
same_recording_split_halves,0.91010713,1,0.88157418
same_recording_split_halves,0.91026238,1,0.88157418
same_recording_split_halves,0.91041764,1,0.88157418
same_recording_split_halves,0.91057289,1,0.88157418
same_recording_split_halves,0.91072815,1,0.88157418
same_recording_split_halves,0.9108834,1,0.88157418
same_recording_split_halves,0.91103866,1,0.88157418
same_recording_split_halves,0.91119391,1,0.88157418
same_recording_split_halves,0.91134917,1,0.88157418
same_recording_split_halves,0.91150442,1,0.88157418
same_recording_split_halves,0.91165968,1,0.88157418
same_recording_split_halves,0.91181494,1,0.88157418
same_recording_split_halves,0.91197019,1,0.88157418
same_recording_split_halves,0.91212545,1,0.88157418
same_recording_split_halves,0.9122807,1,0.88157418
same_recording_split_halves,0.91243596,1,0.88157418
same_recording_split_halves,0.91259121,1,0.88157418
same_recording_split_halves,0.91274647,1,0.88157418
same_recording_split_halves,0.91290172,1,0.88157418
same_recording_split_halves,0.91305698,1,0.88157418
same_recording_split_halves,0.91321223,1,0.88157418
same_recording_split_halves,0.91336749,1,0.88157418
same_recording_split_halves,0.91352274,1,0.88157418
same_recording_split_halves,0.913678,1,0.88157418
same_recording_split_halves,0.91383326,1,0.88157418
same_recording_split_halves,0.91398851,1,0.88157418
same_recording_split_halves,0.91414377,1,0.88157418
same_recording_split_halves,0.91429902,1,0.88157418
same_recording_split_halves,0.91445428,1,0.88157418
same_recording_split_halves,0.91460953,1,0.88157418
same_recording_split_halves,0.91476479,1,0.88157418
same_recording_split_halves,0.91492004,1,0.88157418
same_recording_split_halves,0.9150753,1,0.88157418
same_recording_split_halves,0.91523055,1,0.88157418
same_recording_split_halves,0.91538581,1,0.88157418
same_recording_split_halves,0.91554107,1,0.88157418
same_recording_split_halves,0.91569632,1,0.88157418
same_recording_split_halves,0.91585158,1,0.88157418
same_recording_split_halves,0.91600683,1,0.88157418
same_recording_split_halves,0.91616209,1,0.88157418
same_recording_split_halves,0.91631734,1,0.88157418
same_recording_split_halves,0.9164726,1,0.88157418
same_recording_split_halves,0.91662785,1,0.88157418
same_recording_split_halves,0.91678311,1,0.88157418
same_recording_split_halves,0.91693836,1,0.88157418
same_recording_split_halves,0.91709362,1,0.88157418
same_recording_split_halves,0.91724887,1,0.88157418
same_recording_split_halves,0.91740413,1,0.88157418
same_recording_split_halves,0.91755939,1,0.88157418
same_recording_split_halves,0.91771464,1,0.88157418
same_recording_split_halves,0.9178699,1,0.88157418
same_recording_split_halves,0.91802515,1,0.88157418
same_recording_split_halves,0.91818041,1,0.88157418
same_recording_split_halves,0.91833566,1,0.88157418
same_recording_split_halves,0.91849092,1,0.88157418
same_recording_split_halves,0.91864617,1,0.88157418
same_recording_split_halves,0.91880143,1,0.88157418
same_recording_split_halves,0.91895668,1,0.88157418
same_recording_split_halves,0.91911194,1,0.88157418
same_recording_split_halves,0.91926719,1,0.88157418
same_recording_split_halves,0.91942245,1,0.88157418
same_recording_split_halves,0.91957771,1,0.88157418
same_recording_split_halves,0.91973296,1,0.88157418
same_recording_split_halves,0.91988822,1,0.88157418
same_recording_split_halves,0.92004347,1,0.88157418
same_recording_split_halves,0.92019873,1,0.88157418
same_recording_split_halves,0.92035398,1,0.88157418
same_recording_split_halves,0.92050924,1,0.88157418
same_recording_split_halves,0.92066449,1,0.88157418
same_recording_split_halves,0.92081975,1,0.88157418
same_recording_split_halves,0.920975,1,0.88157418
same_recording_split_halves,0.92113026,1,0.88157418
same_recording_split_halves,0.92128551,1,0.88157418
same_recording_split_halves,0.92144077,1,0.88157418
same_recording_split_halves,0.92159603,1,0.88157418
same_recording_split_halves,0.92175128,1,0.88157418
same_recording_split_halves,0.92190654,1,0.88157418
same_recording_split_halves,0.92206179,1,0.88157418
same_recording_split_halves,0.92221705,1,0.88157418
same_recording_split_halves,0.9223723,1,0.88157418
same_recording_split_halves,0.92252756,1,0.88157418
same_recording_split_halves,0.92268281,1,0.88157418
same_recording_split_halves,0.92283807,1,0.88157418
same_recording_split_halves,0.92299332,1,0.88157418
same_recording_split_halves,0.92314858,1,0.88157418
same_recording_split_halves,0.92330383,1,0.88157418
same_recording_split_halves,0.92345909,1,0.88157418
same_recording_split_halves,0.92361435,1,0.88157418
same_recording_split_halves,0.9237696,1,0.88157418
same_recording_split_halves,0.92392486,1,0.88157418
same_recording_split_halves,0.92408011,1,0.88157418
same_recording_split_halves,0.92423537,1,0.88157418
same_recording_split_halves,0.92439062,1,0.88157418
same_recording_split_halves,0.92454588,1,0.88157418
same_recording_split_halves,0.92470113,1,0.88157418
same_recording_split_halves,0.92485639,1,0.88157418
same_recording_split_halves,0.92501164,1,0.88157418
same_recording_split_halves,0.9251669,1,0.88157418
same_recording_split_halves,0.92532215,1,0.88157418
same_recording_split_halves,0.92547741,1,0.88157418
same_recording_split_halves,0.92563267,1,0.88157418
same_recording_split_halves,0.92578792,1,0.88157418
same_recording_split_halves,0.92594318,1,0.88157418
same_recording_split_halves,0.92609843,1,0.88157418
same_recording_split_halves,0.92625369,1,0.88157418
same_recording_split_halves,0.92640894,1,0.88157418
same_recording_split_halves,0.9265642,1,0.88157418
same_recording_split_halves,0.92671945,1,0.88157418
same_recording_split_halves,0.92687471,1,0.88157418
same_recording_split_halves,0.92702996,1,0.88157418
same_recording_split_halves,0.92718522,1,0.88157418
same_recording_split_halves,0.92734048,1,0.88157418
same_recording_split_halves,0.92749573,1,0.88157418
same_recording_split_halves,0.92765099,1,0.88157418
same_recording_split_halves,0.92780624,1,0.88157418
same_recording_split_halves,0.9279615,1,0.88157418
same_recording_split_halves,0.92811675,1,0.88157418
same_recording_split_halves,0.92827201,1,0.88157418
same_recording_split_halves,0.92842726,1,0.88157418
same_recording_split_halves,0.92858252,1,0.88157418
same_recording_split_halves,0.92873777,1,0.88157418
same_recording_split_halves,0.92889303,1,0.88157418
same_recording_split_halves,0.92904828,1,0.88157418
same_recording_split_halves,0.92920354,1,0.88157418
same_recording_split_halves,0.9293588,1,0.88157418
same_recording_split_halves,0.92951405,1,0.88157418
same_recording_split_halves,0.92966931,1,0.88157418
same_recording_split_halves,0.92982456,1,0.88157418
same_recording_split_halves,0.92997982,1,0.88157418
same_recording_split_halves,0.93013507,1,0.88157418
same_recording_split_halves,0.93029033,1,0.88157418
same_recording_split_halves,0.93044558,1,0.88157418
same_recording_split_halves,0.93060084,1,0.88157418
same_recording_split_halves,0.93075609,1,0.88157418
same_recording_split_halves,0.93091135,1,0.88157418
same_recording_split_halves,0.9310666,1,0.88157418
same_recording_split_halves,0.93122186,1,0.88157418
same_recording_split_halves,0.93137712,1,0.88157418
same_recording_split_halves,0.93153237,1,0.88157418
same_recording_split_halves,0.93168763,1,0.88157418
same_recording_split_halves,0.93184288,1,0.88157418
same_recording_split_halves,0.93199814,1,0.88157418
same_recording_split_halves,0.93215339,1,0.88157418
same_recording_split_halves,0.93230865,1,0.88157418
same_recording_split_halves,0.9324639,1,0.88157418
same_recording_split_halves,0.93261916,1,0.88157418
same_recording_split_halves,0.93277441,1,0.88157418
same_recording_split_halves,0.93292967,1,0.88157418
same_recording_split_halves,0.93308492,1,0.88157418
same_recording_split_halves,0.93324018,1,0.88157418
same_recording_split_halves,0.93339544,1,0.88157418
same_recording_split_halves,0.93355069,1,0.88157418
same_recording_split_halves,0.93370595,1,0.88157418
same_recording_split_halves,0.9338612,1,0.88157418
same_recording_split_halves,0.93401646,1,0.88157418
same_recording_split_halves,0.93417171,1,0.88157418
same_recording_split_halves,0.93432697,1,0.88157418
same_recording_split_halves,0.93448222,1,0.88157418
same_recording_split_halves,0.93463748,1,0.88157418
same_recording_split_halves,0.93479273,1,0.88157418
same_recording_split_halves,0.93494799,1,0.88157418
same_recording_split_halves,0.93510324,1,0.88157418
same_recording_split_halves,0.9352585,1,0.88157418
same_recording_split_halves,0.93541376,1,0.88157418
same_recording_split_halves,0.93556901,1,0.88157418
same_recording_split_halves,0.93572427,1,0.88157418
same_recording_split_halves,0.93587952,1,0.88157418
same_recording_split_halves,0.93603478,1,0.88157418
same_recording_split_halves,0.93619003,1,0.88157418
same_recording_split_halves,0.93634529,1,0.88157418
same_recording_split_halves,0.93650054,1,0.88157418
same_recording_split_halves,0.9366558,1,0.88157418
same_recording_split_halves,0.93681105,1,0.88157418
same_recording_split_halves,0.93696631,1,0.88157418
same_recording_split_halves,0.93712156,1,0.88157418
same_recording_split_halves,0.93727682,1,0.88157418
same_recording_split_halves,0.93743208,1,0.88157418
same_recording_split_halves,0.93758733,1,0.88157418
same_recording_split_halves,0.93774259,1,0.88157418
same_recording_split_halves,0.93789784,1,0.88157418
same_recording_split_halves,0.9380531,1,0.88157418
same_recording_split_halves,0.93820835,1,0.88157418
same_recording_split_halves,0.93836361,1,0.88157418
same_recording_split_halves,0.93851886,1,0.88157418
same_recording_split_halves,0.93867412,1,0.88157418
same_recording_split_halves,0.93882937,1,0.88157418
same_recording_split_halves,0.93898463,1,0.88157418
same_recording_split_halves,0.93913989,1,0.88157418
same_recording_split_halves,0.93929514,1,0.88157418
same_recording_split_halves,0.9394504,1,0.88157418
same_recording_split_halves,0.93960565,1,0.88157418
same_recording_split_halves,0.93976091,1,0.88157418
same_recording_split_halves,0.93991616,1,0.88157418
same_recording_split_halves,0.94007142,1,0.88157418
same_recording_split_halves,0.94022667,1,0.88157418
same_recording_split_halves,0.94038193,1,0.88157418
same_recording_split_halves,0.94053718,1,0.88157418
same_recording_split_halves,0.94069244,1,0.88157418
same_recording_split_halves,0.94084769,1,0.88157418
same_recording_split_halves,0.94100295,1,0.88157418
same_recording_split_halves,0.94115821,1,0.88157418
same_recording_split_halves,0.94131346,1,0.88157418
same_recording_split_halves,0.94146872,1,0.88157418
same_recording_split_halves,0.94162397,1,0.88157418
same_recording_split_halves,0.94177923,1,0.88157418
same_recording_split_halves,0.94193448,1,0.88157418
same_recording_split_halves,0.94208974,1,0.88157418
same_recording_split_halves,0.94224499,1,0.88157418
same_recording_split_halves,0.94240025,1,0.88157418
same_recording_split_halves,0.9425555,1,0.88157418
same_recording_split_halves,0.94271076,1,0.88157418
same_recording_split_halves,0.94286601,1,0.88157418
same_recording_split_halves,0.94302127,1,0.88157418
same_recording_split_halves,0.94317653,1,0.88157418
same_recording_split_halves,0.94333178,1,0.88157418
same_recording_split_halves,0.94348704,1,0.88157418
same_recording_split_halves,0.94364229,1,0.88157418
same_recording_split_halves,0.94379755,1,0.88157418
same_recording_split_halves,0.9439528,1,0.88157418
same_recording_split_halves,0.94410806,1,0.88157418
same_recording_split_halves,0.94426331,1,0.88157418
same_recording_split_halves,0.94441857,1,0.88157418
same_recording_split_halves,0.94457382,1,0.88157418
same_recording_split_halves,0.94472908,1,0.88157418
same_recording_split_halves,0.94488433,1,0.88157418
same_recording_split_halves,0.94503959,1,0.88157418
same_recording_split_halves,0.94519485,1,0.88157418
same_recording_split_halves,0.9453501,1,0.88157418
same_recording_split_halves,0.94550536,1,0.88157418
same_recording_split_halves,0.94566061,1,0.88157418
same_recording_split_halves,0.94581587,1,0.88157418
same_recording_split_halves,0.94597112,1,0.88157418
same_recording_split_halves,0.94612638,1,0.88157418
same_recording_split_halves,0.94628163,1,0.88157418
same_recording_split_halves,0.94643689,1,0.88157418
same_recording_split_halves,0.94659214,1,0.88157418
same_recording_split_halves,0.9467474,1,0.88157418
same_recording_split_halves,0.94690265,1,0.88157418
same_recording_split_halves,0.94705791,1,0.88157418
same_recording_split_halves,0.94721317,1,0.88157418
same_recording_split_halves,0.94736842,1,0.88157418
same_recording_split_halves,0.94752368,1,0.88157418
same_recording_split_halves,0.94767893,1,0.88157418
same_recording_split_halves,0.94783419,1,0.88157418
same_recording_split_halves,0.94798944,1,0.88157418
same_recording_split_halves,0.9481447,1,0.88157418
same_recording_split_halves,0.94829995,1,0.88157418
same_recording_split_halves,0.94845521,1,0.88157418
same_recording_split_halves,0.94861046,1,0.88157418
same_recording_split_halves,0.94876572,1,0.88157418
same_recording_split_halves,0.94892098,1,0.88157418
same_recording_split_halves,0.94907623,1,0.88157418
same_recording_split_halves,0.94923149,1,0.88157418
same_recording_split_halves,0.94938674,1,0.88157418
same_recording_split_halves,0.949542,1,0.88157418
same_recording_split_halves,0.94969725,1,0.88157418
same_recording_split_halves,0.94985251,1,0.88157418
same_recording_split_halves,0.95000776,1,0.88157418
same_recording_split_halves,0.95016302,1,0.88157418
same_recording_split_halves,0.95031827,1,0.88157418
same_recording_split_halves,0.95047353,1,0.88157418
same_recording_split_halves,0.95062878,1,0.88157418
same_recording_split_halves,0.95078404,1,0.88157418
same_recording_split_halves,0.9509393,1,0.88157418
same_recording_split_halves,0.95109455,1,0.88157418
same_recording_split_halves,0.95124981,1,0.88157418
same_recording_split_halves,0.95140506,1,0.88157418
same_recording_split_halves,0.95156032,1,0.88157418
same_recording_split_halves,0.95171557,1,0.88157418
same_recording_split_halves,0.95187083,1,0.88157418
same_recording_split_halves,0.95202608,1,0.88157418
same_recording_split_halves,0.95218134,1,0.88157418
same_recording_split_halves,0.95233659,1,0.88157418
same_recording_split_halves,0.95249185,1,0.88157418
same_recording_split_halves,0.9526471,1,0.88157418
same_recording_split_halves,0.95280236,1,0.88157418
same_recording_split_halves,0.95295762,1,0.88157418
same_recording_split_halves,0.95311287,1,0.88157418
same_recording_split_halves,0.95326813,1,0.88157418
same_recording_split_halves,0.95342338,1,0.88157418
same_recording_split_halves,0.95357864,1,0.88157418
same_recording_split_halves,0.95373389,1,0.88157418
same_recording_split_halves,0.95388915,1,0.88157418
same_recording_split_halves,0.9540444,1,0.88157418
same_recording_split_halves,0.95419966,1,0.88157418
same_recording_split_halves,0.95435491,1,0.88157418
same_recording_split_halves,0.95451017,1,0.88157418
same_recording_split_halves,0.95466542,1,0.88157418
same_recording_split_halves,0.95482068,1,0.88157418
same_recording_split_halves,0.95497594,1,0.88157418
same_recording_split_halves,0.95513119,1,0.88157418
same_recording_split_halves,0.95528645,1,0.88157418
same_recording_split_halves,0.9554417,1,0.88157418
same_recording_split_halves,0.95559696,1,0.88157418
same_recording_split_halves,0.95575221,1,0.88157418
same_recording_split_halves,0.95590747,1,0.88157418
same_recording_split_halves,0.95606272,1,0.88157418
same_recording_split_halves,0.95621798,1,0.88157418
same_recording_split_halves,0.95637323,1,0.88157418
same_recording_split_halves,0.95652849,1,0.88157418
same_recording_split_halves,0.95668374,1,0.88157418
same_recording_split_halves,0.956839,1,0.88157418
same_recording_split_halves,0.95699426,1,0.88157418
same_recording_split_halves,0.95714951,1,0.88157418
same_recording_split_halves,0.95730477,1,0.88157418
same_recording_split_halves,0.95746002,1,0.88157418
same_recording_split_halves,0.95761528,1,0.88157418
same_recording_split_halves,0.95777053,1,0.88157418
same_recording_split_halves,0.95792579,1,0.88157418
same_recording_split_halves,0.95808104,1,0.88157418
same_recording_split_halves,0.9582363,1,0.88157418
same_recording_split_halves,0.95839155,1,0.88157418
same_recording_split_halves,0.95854681,1,0.88157418
same_recording_split_halves,0.95870206,1,0.88157418
same_recording_split_halves,0.95885732,1,0.88157418
same_recording_split_halves,0.95901258,1,0.88157418
same_recording_split_halves,0.95916783,1,0.88157418
same_recording_split_halves,0.95932309,1,0.88157418
same_recording_split_halves,0.95947834,1,0.88157418
same_recording_split_halves,0.9596336,1,0.88157418
same_recording_split_halves,0.95978885,1,0.88157418
same_recording_split_halves,0.95994411,1,0.88157418
same_recording_split_halves,0.96009936,1,0.88157418
same_recording_split_halves,0.96025462,1,0.88157418
same_recording_split_halves,0.96040987,1,0.88157418
same_recording_split_halves,0.96056513,1,0.88157418
same_recording_split_halves,0.96072039,1,0.88157418
same_recording_split_halves,0.96087564,1,0.88157418
same_recording_split_halves,0.9610309,1,0.88157418
same_recording_split_halves,0.96118615,1,0.88157418
same_recording_split_halves,0.96134141,1,0.88157418
same_recording_split_halves,0.96149666,1,0.88157418
same_recording_split_halves,0.96165192,1,0.88157418
same_recording_split_halves,0.96180717,1,0.88157418
same_recording_split_halves,0.96196243,1,0.88157418
same_recording_split_halves,0.96211768,1,0.88157418
same_recording_split_halves,0.96227294,1,0.88157418
same_recording_split_halves,0.96242819,1,0.88157418
same_recording_split_halves,0.96258345,1,0.88157418
same_recording_split_halves,0.96273871,1,0.88157418
same_recording_split_halves,0.96289396,1,0.88157418
same_recording_split_halves,0.96304922,1,0.88157418
same_recording_split_halves,0.96320447,1,0.88157418
same_recording_split_halves,0.96335973,1,0.88157418
same_recording_split_halves,0.96351498,1,0.88157418
same_recording_split_halves,0.96367024,1,0.88157418
same_recording_split_halves,0.96382549,1,0.88157418
same_recording_split_halves,0.96398075,1,0.88157418
same_recording_split_halves,0.964136,1,0.88157418
same_recording_split_halves,0.96429126,1,0.88157418
same_recording_split_halves,0.96444651,1,0.88157418
same_recording_split_halves,0.96460177,1,0.88157418
same_recording_split_halves,0.96475703,1,0.88157418
same_recording_split_halves,0.96491228,1,0.88157418
same_recording_split_halves,0.96506754,1,0.88157418
same_recording_split_halves,0.96522279,1,0.88157418
same_recording_split_halves,0.96537805,1,0.88157418
same_recording_split_halves,0.9655333,1,0.88157418
same_recording_split_halves,0.96568856,1,0.88157418
same_recording_split_halves,0.96584381,1,0.88157418
same_recording_split_halves,0.96599907,1,0.88157418
same_recording_split_halves,0.96615432,1,0.88157418
same_recording_split_halves,0.96630958,1,0.88157418
same_recording_split_halves,0.96646483,1,0.88157418
same_recording_split_halves,0.96662009,1,0.88157418
same_recording_split_halves,0.96677535,1,0.88157418
same_recording_split_halves,0.9669306,1,0.88157418
same_recording_split_halves,0.96708586,1,0.88157418
same_recording_split_halves,0.96724111,1,0.88157418
same_recording_split_halves,0.96739637,1,0.88157418
same_recording_split_halves,0.96755162,1,0.88157418
same_recording_split_halves,0.96770688,1,0.88157418
same_recording_split_halves,0.96786213,1,0.88157418
same_recording_split_halves,0.96801739,1,0.88157418
same_recording_split_halves,0.96817264,1,0.88157418
same_recording_split_halves,0.9683279,1,0.88157418
same_recording_split_halves,0.96848315,1,0.88157418
same_recording_split_halves,0.96863841,1,0.88157418
same_recording_split_halves,0.96879367,1,0.88157418
same_recording_split_halves,0.96894892,1,0.88157418
same_recording_split_halves,0.96910418,1,0.88157418
same_recording_split_halves,0.96925943,1,0.88157418
same_recording_split_halves,0.96941469,1,0.88157418
same_recording_split_halves,0.96956994,1,0.88157418
same_recording_split_halves,0.9697252,1,0.88157418
same_recording_split_halves,0.96988045,1,0.88157418
same_recording_split_halves,0.97003571,1,0.88157418
same_recording_split_halves,0.97019096,1,0.88157418
same_recording_split_halves,0.97034622,1,0.88157418
same_recording_split_halves,0.97050147,1,0.88157418
same_recording_split_halves,0.97065673,1,0.88157418
same_recording_split_halves,0.97081199,1,0.88157418
same_recording_split_halves,0.97096724,1,0.88157418
same_recording_split_halves,0.9711225,1,0.88157418
same_recording_split_halves,0.97127775,1,0.88157418
same_recording_split_halves,0.97143301,1,0.88157418
same_recording_split_halves,0.97158826,1,0.88157418
same_recording_split_halves,0.97174352,1,0.88157418
same_recording_split_halves,0.97189877,1,0.88157418
same_recording_split_halves,0.97205403,1,0.88157418
same_recording_split_halves,0.97220928,1,0.88157418
same_recording_split_halves,0.97236454,1,0.88157418
same_recording_split_halves,0.9725198,1,0.88157418
same_recording_split_halves,0.97267505,1,0.88157418
same_recording_split_halves,0.97283031,1,0.88157418
same_recording_split_halves,0.97298556,1,0.88157418
same_recording_split_halves,0.97314082,1,0.88157418
same_recording_split_halves,0.97329607,1,0.88157418
same_recording_split_halves,0.97345133,1,0.88157418
same_recording_split_halves,0.97360658,1,0.88157418
same_recording_split_halves,0.97376184,1,0.88157418
same_recording_split_halves,0.97391709,1,0.88157418
same_recording_split_halves,0.97407235,1,0.88157418
same_recording_split_halves,0.9742276,1,0.88157418
same_recording_split_halves,0.97438286,1,0.88157418
same_recording_split_halves,0.97453812,1,0.88157418
same_recording_split_halves,0.97469337,1,0.88157418
same_recording_split_halves,0.97484863,1,0.88157418
same_recording_split_halves,0.97500388,1,0.88157418
same_recording_split_halves,0.97515914,1,0.88157418
same_recording_split_halves,0.97531439,1,0.88157418
same_recording_split_halves,0.97546965,1,0.88157418
same_recording_split_halves,0.9756249,1,0.88157418
same_recording_split_halves,0.97578016,1,0.88157418
same_recording_split_halves,0.97593541,1,0.88157418
same_recording_split_halves,0.97609067,1,0.88157418
same_recording_split_halves,0.97624592,1,0.88157418
same_recording_split_halves,0.97640118,1,0.88157418
same_recording_split_halves,0.97655644,1,0.88157418
same_recording_split_halves,0.97671169,1,0.88157418
same_recording_split_halves,0.97686695,1,0.88157418
same_recording_split_halves,0.9770222,1,0.88157418
same_recording_split_halves,0.97717746,1,0.88157418
same_recording_split_halves,0.97733271,1,0.88157418
same_recording_split_halves,0.97748797,1,0.88157418
same_recording_split_halves,0.97764322,1,0.88157418
same_recording_split_halves,0.97779848,1,0.88157418
same_recording_split_halves,0.97795373,1,0.88157418
same_recording_split_halves,0.97810899,1,0.88157418
same_recording_split_halves,0.97826424,1,0.88157418
same_recording_split_halves,0.9784195,1,0.88157418
same_recording_split_halves,0.97857476,1,0.88157418
same_recording_split_halves,0.97873001,1,0.88157418
same_recording_split_halves,0.97888527,1,0.88157418
same_recording_split_halves,0.97904052,1,0.88157418
same_recording_split_halves,0.97919578,1,0.88157418
same_recording_split_halves,0.97935103,1,0.88157418
same_recording_split_halves,0.97950629,1,0.88157418
same_recording_split_halves,0.97966154,1,0.88157418
same_recording_split_halves,0.9798168,1,0.88157418
same_recording_split_halves,0.97997205,1,0.88157418
same_recording_split_halves,0.98012731,1,0.88157418
same_recording_split_halves,0.98028256,1,0.88157418
same_recording_split_halves,0.98043782,1,0.88157418
same_recording_split_halves,0.98059308,1,0.88157418
same_recording_split_halves,0.98074833,1,0.88157418
same_recording_split_halves,0.98090359,1,0.88157418
same_recording_split_halves,0.98105884,1,0.88157418
same_recording_split_halves,0.9812141,1,0.88157418
same_recording_split_halves,0.98136935,1,0.88157418
same_recording_split_halves,0.98152461,1,0.88157418
same_recording_split_halves,0.98167986,1,0.88157418
same_recording_split_halves,0.98183512,1,0.88157418
same_recording_split_halves,0.98199037,1,0.88157418
same_recording_split_halves,0.98214563,1,0.88157418
same_recording_split_halves,0.98230088,1,0.88157418
same_recording_split_halves,0.98245614,1,0.88157418
same_recording_split_halves,0.9826114,1,0.88157418
same_recording_split_halves,0.98276665,1,0.88157418
same_recording_split_halves,0.98292191,1,0.88157418
same_recording_split_halves,0.98307716,1,0.88157418
same_recording_split_halves,0.98323242,1,0.88157418
same_recording_split_halves,0.98338767,1,0.88157418
same_recording_split_halves,0.98354293,1,0.88157418
same_recording_split_halves,0.98369818,1,0.88157418
same_recording_split_halves,0.98385344,1,0.88157418
same_recording_split_halves,0.98400869,1,0.88157418
same_recording_split_halves,0.98416395,1,0.88157418
same_recording_split_halves,0.98431921,1,0.88157418
same_recording_split_halves,0.98447446,1,0.88157418
same_recording_split_halves,0.98462972,1,0.88157418
same_recording_split_halves,0.98478497,1,0.88157418
same_recording_split_halves,0.98494023,1,0.88157418
same_recording_split_halves,0.98509548,1,0.88157418
same_recording_split_halves,0.98525074,1,0.88157418
same_recording_split_halves,0.98540599,1,0.88157418
same_recording_split_halves,0.98556125,1,0.88157418
same_recording_split_halves,0.9857165,1,0.88157418
same_recording_split_halves,0.98587176,1,0.88157418
same_recording_split_halves,0.98602701,1,0.88157418
same_recording_split_halves,0.98618227,1,0.88157418
same_recording_split_halves,0.98633753,1,0.88157418
same_recording_split_halves,0.98649278,1,0.88157418
same_recording_split_halves,0.98664804,1,0.88157418
same_recording_split_halves,0.98680329,1,0.88157418
same_recording_split_halves,0.98695855,1,0.88157418
same_recording_split_halves,0.9871138,1,0.88157418
same_recording_split_halves,0.98726906,1,0.88157418
same_recording_split_halves,0.98742431,1,0.88157418
same_recording_split_halves,0.98757957,1,0.88157418
same_recording_split_halves,0.98773482,1,0.88157418
same_recording_split_halves,0.98789008,1,0.88157418
same_recording_split_halves,0.98804533,1,0.88157418
same_recording_split_halves,0.98820059,1,0.88157418
same_recording_split_halves,0.98835585,1,0.88157418
same_recording_split_halves,0.9885111,1,0.88157418
same_recording_split_halves,0.98866636,1,0.88157418
same_recording_split_halves,0.98882161,1,0.88157418
same_recording_split_halves,0.98897687,1,0.88157418
same_recording_split_halves,0.98913212,1,0.88157418
same_recording_split_halves,0.98928738,1,0.88157418
same_recording_split_halves,0.98944263,1,0.88157418
same_recording_split_halves,0.98959789,1,0.88157418
same_recording_split_halves,0.98975314,1,0.88157418
same_recording_split_halves,0.9899084,1,0.88157418
same_recording_split_halves,0.99006365,1,0.88157418
same_recording_split_halves,0.99021891,1,0.88157418
same_recording_split_halves,0.99037417,1,0.88157418
same_recording_split_halves,0.99052942,1,0.88157418
same_recording_split_halves,0.99068468,1,0.88157418
same_recording_split_halves,0.99083993,1,0.88157418
same_recording_split_halves,0.99099519,1,0.88157418
same_recording_split_halves,0.99115044,1,0.88157418
same_recording_split_halves,0.9913057,1,0.88157418
same_recording_split_halves,0.99146095,1,0.88157418
same_recording_split_halves,0.99161621,1,0.88157418
same_recording_split_halves,0.99177146,1,0.88157418
same_recording_split_halves,0.99192672,1,0.88157418
same_recording_split_halves,0.99208197,1,0.88157418
same_recording_split_halves,0.99223723,1,0.88157418
same_recording_split_halves,0.99239249,1,0.88157418
same_recording_split_halves,0.99254774,1,0.88157418
same_recording_split_halves,0.992703,1,0.88157418
same_recording_split_halves,0.99285825,1,0.88157418
same_recording_split_halves,0.99301351,1,0.88157418
same_recording_split_halves,0.99316876,1,0.88157418
same_recording_split_halves,0.99332402,1,0.88157418
same_recording_split_halves,0.99347927,1,0.88157418
same_recording_split_halves,0.99363453,1,0.88157418
same_recording_split_halves,0.99378978,1,0.88157418
same_recording_split_halves,0.99394504,1,0.88157418
same_recording_split_halves,0.99410029,1,0.88157418
same_recording_split_halves,0.99425555,1,0.88157418
same_recording_split_halves,0.99441081,1,0.88157418
same_recording_split_halves,0.99456606,1,0.88157418
same_recording_split_halves,0.99472132,1,0.88157418
same_recording_split_halves,0.99487657,1,0.88157418
same_recording_split_halves,0.99503183,1,0.88157418
same_recording_split_halves,0.99518708,1,0.88157418
same_recording_split_halves,0.99534234,1,0.88157418
same_recording_split_halves,0.99549759,1,0.88157418
same_recording_split_halves,0.99565285,1,0.88157418
same_recording_split_halves,0.9958081,1,0.88157418
same_recording_split_halves,0.99596336,1,0.88157418
same_recording_split_halves,0.99611862,1,0.88157418
same_recording_split_halves,0.99627387,1,0.88157418
same_recording_split_halves,0.99642913,1,0.88157418
same_recording_split_halves,0.99658438,1,0.88157418
same_recording_split_halves,0.99673964,1,0.88157418
same_recording_split_halves,0.99689489,1,0.88157418
same_recording_split_halves,0.99705015,1,0.88157418
same_recording_split_halves,0.9972054,1,0.88157418
same_recording_split_halves,0.99736066,1,0.88157418
same_recording_split_halves,0.99751591,1,0.88157418
same_recording_split_halves,0.99767117,1,0.88157418
same_recording_split_halves,0.99782642,1,0.88157418
same_recording_split_halves,0.99798168,1,0.88157418
same_recording_split_halves,0.99813694,1,0.88157418
same_recording_split_halves,0.99829219,1,0.88157418
same_recording_split_halves,0.99844745,1,0.88157418
same_recording_split_halves,0.9986027,1,0.88157418
same_recording_split_halves,0.99875796,1,0.88157418
same_recording_split_halves,0.99891321,1,0.88157418
same_recording_split_halves,0.99906847,1,0.88157418
same_recording_split_halves,0.99922372,1,0.88157418
same_recording_split_halves,0.99937898,1,0.88157418
same_recording_split_halves,0.99953423,1,0.88157418
same_recording_split_halves,0.99968949,1,0.88157418
same_recording_split_halves,0.99984474,1,0.88157418
same_recording_split_halves,1,1,0.88157418
same_participant_repeat_recording,0,0,0.70334614
same_participant_repeat_recording,0.0013495277,0,0.70334614
same_participant_repeat_recording,0.0026990553,0,0.70334614
same_participant_repeat_recording,0.004048583,0,0.70334614
same_participant_repeat_recording,0.004048583,0.025641026,0.70334614
same_participant_repeat_recording,0.0053981107,0.025641026,0.70334614
same_participant_repeat_recording,0.0067476383,0.025641026,0.70334614
same_participant_repeat_recording,0.008097166,0.025641026,0.70334614
same_participant_repeat_recording,0.0094466937,0.025641026,0.70334614
same_participant_repeat_recording,0.010796221,0.025641026,0.70334614
same_participant_repeat_recording,0.010796221,0.051282051,0.70334614
same_participant_repeat_recording,0.012145749,0.051282051,0.70334614
same_participant_repeat_recording,0.012145749,0.076923077,0.70334614
same_participant_repeat_recording,0.013495277,0.076923077,0.70334614
same_participant_repeat_recording,0.014844804,0.076923077,0.70334614
same_participant_repeat_recording,0.016194332,0.076923077,0.70334614
same_participant_repeat_recording,0.01754386,0.076923077,0.70334614
same_participant_repeat_recording,0.018893387,0.076923077,0.70334614
same_participant_repeat_recording,0.020242915,0.076923077,0.70334614
same_participant_repeat_recording,0.021592443,0.076923077,0.70334614
same_participant_repeat_recording,0.02294197,0.076923077,0.70334614
same_participant_repeat_recording,0.024291498,0.076923077,0.70334614
same_participant_repeat_recording,0.025641026,0.076923077,0.70334614
same_participant_repeat_recording,0.026990553,0.076923077,0.70334614
same_participant_repeat_recording,0.028340081,0.076923077,0.70334614
same_participant_repeat_recording,0.029689609,0.076923077,0.70334614
same_participant_repeat_recording,0.031039136,0.076923077,0.70334614
same_participant_repeat_recording,0.032388664,0.076923077,0.70334614
same_participant_repeat_recording,0.033738192,0.076923077,0.70334614
same_participant_repeat_recording,0.035087719,0.076923077,0.70334614
same_participant_repeat_recording,0.036437247,0.076923077,0.70334614
same_participant_repeat_recording,0.036437247,0.1025641,0.70334614
same_participant_repeat_recording,0.037786775,0.1025641,0.70334614
same_participant_repeat_recording,0.039136302,0.1025641,0.70334614
same_participant_repeat_recording,0.04048583,0.1025641,0.70334614
same_participant_repeat_recording,0.041835358,0.1025641,0.70334614
same_participant_repeat_recording,0.043184885,0.1025641,0.70334614
same_participant_repeat_recording,0.044534413,0.1025641,0.70334614
same_participant_repeat_recording,0.045883941,0.1025641,0.70334614
same_participant_repeat_recording,0.047233468,0.1025641,0.70334614
same_participant_repeat_recording,0.048582996,0.1025641,0.70334614
same_participant_repeat_recording,0.049932524,0.1025641,0.70334614
same_participant_repeat_recording,0.051282051,0.1025641,0.70334614
same_participant_repeat_recording,0.052631579,0.1025641,0.70334614
same_participant_repeat_recording,0.053981107,0.1025641,0.70334614
same_participant_repeat_recording,0.055330634,0.1025641,0.70334614
same_participant_repeat_recording,0.056680162,0.1025641,0.70334614
same_participant_repeat_recording,0.05802969,0.1025641,0.70334614
same_participant_repeat_recording,0.05802969,0.12820513,0.70334614
same_participant_repeat_recording,0.059379217,0.12820513,0.70334614
same_participant_repeat_recording,0.060728745,0.12820513,0.70334614
same_participant_repeat_recording,0.060728745,0.15384615,0.70334614
same_participant_repeat_recording,0.062078273,0.15384615,0.70334614
same_participant_repeat_recording,0.0634278,0.15384615,0.70334614
same_participant_repeat_recording,0.064777328,0.15384615,0.70334614
same_participant_repeat_recording,0.066126856,0.15384615,0.70334614
same_participant_repeat_recording,0.067476383,0.15384615,0.70334614
same_participant_repeat_recording,0.068825911,0.15384615,0.70334614
same_participant_repeat_recording,0.070175439,0.15384615,0.70334614
same_participant_repeat_recording,0.071524966,0.15384615,0.70334614
same_participant_repeat_recording,0.072874494,0.15384615,0.70334614
same_participant_repeat_recording,0.074224022,0.15384615,0.70334614
same_participant_repeat_recording,0.075573549,0.15384615,0.70334614
same_participant_repeat_recording,0.076923077,0.15384615,0.70334614
same_participant_repeat_recording,0.078272605,0.15384615,0.70334614
same_participant_repeat_recording,0.078272605,0.17948718,0.70334614
same_participant_repeat_recording,0.079622132,0.17948718,0.70334614
same_participant_repeat_recording,0.08097166,0.17948718,0.70334614
same_participant_repeat_recording,0.082321188,0.17948718,0.70334614
same_participant_repeat_recording,0.083670715,0.17948718,0.70334614
same_participant_repeat_recording,0.083670715,0.20512821,0.70334614
same_participant_repeat_recording,0.085020243,0.20512821,0.70334614
same_participant_repeat_recording,0.086369771,0.20512821,0.70334614
same_participant_repeat_recording,0.086369771,0.23076923,0.70334614
same_participant_repeat_recording,0.087719298,0.23076923,0.70334614
same_participant_repeat_recording,0.089068826,0.23076923,0.70334614
same_participant_repeat_recording,0.090418354,0.23076923,0.70334614
same_participant_repeat_recording,0.091767881,0.23076923,0.70334614
same_participant_repeat_recording,0.093117409,0.23076923,0.70334614
same_participant_repeat_recording,0.094466937,0.23076923,0.70334614
same_participant_repeat_recording,0.095816464,0.23076923,0.70334614
same_participant_repeat_recording,0.097165992,0.23076923,0.70334614
same_participant_repeat_recording,0.09851552,0.23076923,0.70334614
same_participant_repeat_recording,0.099865047,0.23076923,0.70334614
same_participant_repeat_recording,0.10121457,0.23076923,0.70334614
same_participant_repeat_recording,0.1025641,0.23076923,0.70334614
same_participant_repeat_recording,0.10391363,0.23076923,0.70334614
same_participant_repeat_recording,0.10391363,0.25641026,0.70334614
same_participant_repeat_recording,0.10526316,0.25641026,0.70334614
same_participant_repeat_recording,0.10661269,0.25641026,0.70334614
same_participant_repeat_recording,0.10796221,0.25641026,0.70334614
same_participant_repeat_recording,0.10931174,0.25641026,0.70334614
same_participant_repeat_recording,0.11066127,0.25641026,0.70334614
same_participant_repeat_recording,0.1120108,0.25641026,0.70334614
same_participant_repeat_recording,0.11336032,0.25641026,0.70334614
same_participant_repeat_recording,0.11470985,0.25641026,0.70334614
same_participant_repeat_recording,0.11605938,0.25641026,0.70334614
same_participant_repeat_recording,0.11740891,0.25641026,0.70334614
same_participant_repeat_recording,0.11875843,0.25641026,0.70334614
same_participant_repeat_recording,0.12010796,0.25641026,0.70334614
same_participant_repeat_recording,0.12145749,0.25641026,0.70334614
same_participant_repeat_recording,0.12280702,0.25641026,0.70334614
same_participant_repeat_recording,0.12415655,0.25641026,0.70334614
same_participant_repeat_recording,0.12550607,0.25641026,0.70334614
same_participant_repeat_recording,0.1268556,0.25641026,0.70334614
same_participant_repeat_recording,0.12820513,0.25641026,0.70334614
same_participant_repeat_recording,0.12955466,0.25641026,0.70334614
same_participant_repeat_recording,0.13090418,0.25641026,0.70334614
same_participant_repeat_recording,0.13225371,0.25641026,0.70334614
same_participant_repeat_recording,0.13225371,0.28205128,0.70334614
same_participant_repeat_recording,0.13360324,0.28205128,0.70334614
same_participant_repeat_recording,0.13495277,0.28205128,0.70334614
same_participant_repeat_recording,0.13495277,0.30769231,0.70334614
same_participant_repeat_recording,0.13630229,0.30769231,0.70334614
same_participant_repeat_recording,0.13765182,0.30769231,0.70334614
same_participant_repeat_recording,0.13900135,0.30769231,0.70334614
same_participant_repeat_recording,0.14035088,0.30769231,0.70334614
same_participant_repeat_recording,0.1417004,0.30769231,0.70334614
same_participant_repeat_recording,0.1417004,0.33333333,0.70334614
same_participant_repeat_recording,0.14304993,0.33333333,0.70334614
same_participant_repeat_recording,0.14439946,0.33333333,0.70334614
same_participant_repeat_recording,0.14574899,0.33333333,0.70334614
same_participant_repeat_recording,0.14709852,0.33333333,0.70334614
same_participant_repeat_recording,0.14844804,0.33333333,0.70334614
same_participant_repeat_recording,0.14979757,0.33333333,0.70334614
same_participant_repeat_recording,0.1511471,0.33333333,0.70334614
same_participant_repeat_recording,0.15249663,0.33333333,0.70334614
same_participant_repeat_recording,0.15384615,0.33333333,0.70334614
same_participant_repeat_recording,0.15519568,0.33333333,0.70334614
same_participant_repeat_recording,0.15654521,0.33333333,0.70334614
same_participant_repeat_recording,0.15789474,0.33333333,0.70334614
same_participant_repeat_recording,0.15924426,0.33333333,0.70334614
same_participant_repeat_recording,0.16059379,0.33333333,0.70334614
same_participant_repeat_recording,0.16194332,0.33333333,0.70334614
same_participant_repeat_recording,0.16329285,0.33333333,0.70334614
same_participant_repeat_recording,0.16464238,0.33333333,0.70334614
same_participant_repeat_recording,0.1659919,0.33333333,0.70334614
same_participant_repeat_recording,0.16734143,0.33333333,0.70334614
same_participant_repeat_recording,0.16734143,0.35897436,0.70334614
same_participant_repeat_recording,0.16869096,0.35897436,0.70334614
same_participant_repeat_recording,0.17004049,0.35897436,0.70334614
same_participant_repeat_recording,0.17139001,0.35897436,0.70334614
same_participant_repeat_recording,0.17273954,0.35897436,0.70334614
same_participant_repeat_recording,0.17408907,0.35897436,0.70334614
same_participant_repeat_recording,0.1754386,0.35897436,0.70334614
same_participant_repeat_recording,0.17678812,0.35897436,0.70334614
same_participant_repeat_recording,0.17813765,0.35897436,0.70334614
same_participant_repeat_recording,0.17948718,0.35897436,0.70334614
same_participant_repeat_recording,0.18083671,0.35897436,0.70334614
same_participant_repeat_recording,0.18083671,0.38461538,0.70334614
same_participant_repeat_recording,0.18218623,0.38461538,0.70334614
same_participant_repeat_recording,0.18353576,0.38461538,0.70334614
same_participant_repeat_recording,0.18488529,0.38461538,0.70334614
same_participant_repeat_recording,0.18623482,0.38461538,0.70334614
same_participant_repeat_recording,0.18758435,0.38461538,0.70334614
same_participant_repeat_recording,0.18893387,0.38461538,0.70334614
same_participant_repeat_recording,0.1902834,0.38461538,0.70334614
same_participant_repeat_recording,0.19163293,0.38461538,0.70334614
same_participant_repeat_recording,0.19298246,0.38461538,0.70334614
same_participant_repeat_recording,0.19433198,0.38461538,0.70334614
same_participant_repeat_recording,0.19568151,0.38461538,0.70334614
same_participant_repeat_recording,0.19703104,0.38461538,0.70334614
same_participant_repeat_recording,0.19838057,0.38461538,0.70334614
same_participant_repeat_recording,0.19973009,0.38461538,0.70334614
same_participant_repeat_recording,0.20107962,0.38461538,0.70334614
same_participant_repeat_recording,0.20107962,0.41025641,0.70334614
same_participant_repeat_recording,0.20242915,0.41025641,0.70334614
same_participant_repeat_recording,0.20377868,0.41025641,0.70334614
same_participant_repeat_recording,0.20512821,0.41025641,0.70334614
same_participant_repeat_recording,0.20647773,0.41025641,0.70334614
same_participant_repeat_recording,0.20782726,0.41025641,0.70334614
same_participant_repeat_recording,0.20917679,0.41025641,0.70334614
same_participant_repeat_recording,0.21052632,0.41025641,0.70334614
same_participant_repeat_recording,0.21187584,0.41025641,0.70334614
same_participant_repeat_recording,0.21322537,0.41025641,0.70334614
same_participant_repeat_recording,0.2145749,0.41025641,0.70334614
same_participant_repeat_recording,0.21592443,0.41025641,0.70334614
same_participant_repeat_recording,0.21727395,0.41025641,0.70334614
same_participant_repeat_recording,0.21862348,0.41025641,0.70334614
same_participant_repeat_recording,0.21997301,0.41025641,0.70334614
same_participant_repeat_recording,0.22132254,0.41025641,0.70334614
same_participant_repeat_recording,0.22267206,0.41025641,0.70334614
same_participant_repeat_recording,0.22402159,0.41025641,0.70334614
same_participant_repeat_recording,0.22537112,0.41025641,0.70334614
same_participant_repeat_recording,0.22672065,0.41025641,0.70334614
same_participant_repeat_recording,0.22672065,0.43589744,0.70334614
same_participant_repeat_recording,0.22807018,0.43589744,0.70334614
same_participant_repeat_recording,0.2294197,0.43589744,0.70334614
same_participant_repeat_recording,0.23076923,0.43589744,0.70334614
same_participant_repeat_recording,0.23211876,0.43589744,0.70334614
same_participant_repeat_recording,0.23346829,0.43589744,0.70334614
same_participant_repeat_recording,0.23481781,0.43589744,0.70334614
same_participant_repeat_recording,0.23481781,0.46153846,0.70334614
same_participant_repeat_recording,0.23616734,0.46153846,0.70334614
same_participant_repeat_recording,0.23751687,0.46153846,0.70334614
same_participant_repeat_recording,0.2388664,0.46153846,0.70334614
same_participant_repeat_recording,0.24021592,0.46153846,0.70334614
same_participant_repeat_recording,0.24156545,0.46153846,0.70334614
same_participant_repeat_recording,0.24291498,0.46153846,0.70334614
same_participant_repeat_recording,0.24426451,0.46153846,0.70334614
same_participant_repeat_recording,0.24561404,0.46153846,0.70334614
same_participant_repeat_recording,0.24696356,0.46153846,0.70334614
same_participant_repeat_recording,0.24831309,0.46153846,0.70334614
same_participant_repeat_recording,0.24966262,0.46153846,0.70334614
same_participant_repeat_recording,0.25101215,0.46153846,0.70334614
same_participant_repeat_recording,0.25236167,0.46153846,0.70334614
same_participant_repeat_recording,0.2537112,0.46153846,0.70334614
same_participant_repeat_recording,0.25506073,0.46153846,0.70334614
same_participant_repeat_recording,0.25641026,0.46153846,0.70334614
same_participant_repeat_recording,0.25641026,0.48717949,0.70334614
same_participant_repeat_recording,0.25775978,0.48717949,0.70334614
same_participant_repeat_recording,0.25910931,0.48717949,0.70334614
same_participant_repeat_recording,0.26045884,0.48717949,0.70334614
same_participant_repeat_recording,0.26180837,0.48717949,0.70334614
same_participant_repeat_recording,0.26315789,0.48717949,0.70334614
same_participant_repeat_recording,0.26450742,0.48717949,0.70334614
same_participant_repeat_recording,0.26450742,0.51282051,0.70334614
same_participant_repeat_recording,0.26585695,0.51282051,0.70334614
same_participant_repeat_recording,0.26585695,0.53846154,0.70334614
same_participant_repeat_recording,0.26720648,0.53846154,0.70334614
same_participant_repeat_recording,0.26855601,0.53846154,0.70334614
same_participant_repeat_recording,0.26990553,0.53846154,0.70334614
same_participant_repeat_recording,0.27125506,0.53846154,0.70334614
same_participant_repeat_recording,0.27260459,0.53846154,0.70334614
same_participant_repeat_recording,0.27260459,0.56410256,0.70334614
same_participant_repeat_recording,0.27395412,0.56410256,0.70334614
same_participant_repeat_recording,0.27530364,0.56410256,0.70334614
same_participant_repeat_recording,0.27665317,0.56410256,0.70334614
same_participant_repeat_recording,0.2780027,0.56410256,0.70334614
same_participant_repeat_recording,0.27935223,0.56410256,0.70334614
same_participant_repeat_recording,0.28070175,0.56410256,0.70334614
same_participant_repeat_recording,0.28205128,0.56410256,0.70334614
same_participant_repeat_recording,0.28340081,0.56410256,0.70334614
same_participant_repeat_recording,0.28475034,0.56410256,0.70334614
same_participant_repeat_recording,0.28609987,0.56410256,0.70334614
same_participant_repeat_recording,0.28609987,0.58974359,0.70334614
same_participant_repeat_recording,0.28744939,0.58974359,0.70334614
same_participant_repeat_recording,0.28879892,0.58974359,0.70334614
same_participant_repeat_recording,0.29014845,0.58974359,0.70334614
same_participant_repeat_recording,0.29149798,0.58974359,0.70334614
same_participant_repeat_recording,0.2928475,0.58974359,0.70334614
same_participant_repeat_recording,0.29419703,0.58974359,0.70334614
same_participant_repeat_recording,0.29554656,0.58974359,0.70334614
same_participant_repeat_recording,0.29689609,0.58974359,0.70334614
same_participant_repeat_recording,0.29824561,0.58974359,0.70334614
same_participant_repeat_recording,0.29959514,0.58974359,0.70334614
same_participant_repeat_recording,0.30094467,0.58974359,0.70334614
same_participant_repeat_recording,0.30094467,0.61538462,0.70334614
same_participant_repeat_recording,0.3022942,0.61538462,0.70334614
same_participant_repeat_recording,0.30364372,0.61538462,0.70334614
same_participant_repeat_recording,0.30499325,0.61538462,0.70334614
same_participant_repeat_recording,0.30634278,0.61538462,0.70334614
same_participant_repeat_recording,0.30769231,0.61538462,0.70334614
same_participant_repeat_recording,0.30904184,0.61538462,0.70334614
same_participant_repeat_recording,0.31039136,0.61538462,0.70334614
same_participant_repeat_recording,0.31174089,0.61538462,0.70334614
same_participant_repeat_recording,0.31309042,0.61538462,0.70334614
same_participant_repeat_recording,0.31309042,0.64102564,0.70334614
same_participant_repeat_recording,0.31443995,0.64102564,0.70334614
same_participant_repeat_recording,0.31578947,0.64102564,0.70334614
same_participant_repeat_recording,0.317139,0.64102564,0.70334614
same_participant_repeat_recording,0.31848853,0.64102564,0.70334614
same_participant_repeat_recording,0.31983806,0.64102564,0.70334614
same_participant_repeat_recording,0.31983806,0.66666667,0.70334614
same_participant_repeat_recording,0.32118758,0.66666667,0.70334614
same_participant_repeat_recording,0.32253711,0.66666667,0.70334614
same_participant_repeat_recording,0.32388664,0.66666667,0.70334614
same_participant_repeat_recording,0.32523617,0.66666667,0.70334614
same_participant_repeat_recording,0.3265857,0.66666667,0.70334614
same_participant_repeat_recording,0.32793522,0.66666667,0.70334614
same_participant_repeat_recording,0.32928475,0.66666667,0.70334614
same_participant_repeat_recording,0.33063428,0.66666667,0.70334614
same_participant_repeat_recording,0.33198381,0.66666667,0.70334614
same_participant_repeat_recording,0.33333333,0.66666667,0.70334614
same_participant_repeat_recording,0.33468286,0.66666667,0.70334614
same_participant_repeat_recording,0.33603239,0.66666667,0.70334614
same_participant_repeat_recording,0.33738192,0.66666667,0.70334614
same_participant_repeat_recording,0.33873144,0.66666667,0.70334614
same_participant_repeat_recording,0.34008097,0.66666667,0.70334614
same_participant_repeat_recording,0.3414305,0.66666667,0.70334614
same_participant_repeat_recording,0.34278003,0.66666667,0.70334614
same_participant_repeat_recording,0.34412955,0.66666667,0.70334614
same_participant_repeat_recording,0.34547908,0.66666667,0.70334614
same_participant_repeat_recording,0.34682861,0.66666667,0.70334614
same_participant_repeat_recording,0.34817814,0.66666667,0.70334614
same_participant_repeat_recording,0.34952767,0.66666667,0.70334614
same_participant_repeat_recording,0.35087719,0.66666667,0.70334614
same_participant_repeat_recording,0.35222672,0.66666667,0.70334614
same_participant_repeat_recording,0.35357625,0.66666667,0.70334614
same_participant_repeat_recording,0.35492578,0.66666667,0.70334614
same_participant_repeat_recording,0.3562753,0.66666667,0.70334614
same_participant_repeat_recording,0.35762483,0.66666667,0.70334614
same_participant_repeat_recording,0.35897436,0.66666667,0.70334614
same_participant_repeat_recording,0.36032389,0.66666667,0.70334614
same_participant_repeat_recording,0.36167341,0.66666667,0.70334614
same_participant_repeat_recording,0.36302294,0.66666667,0.70334614
same_participant_repeat_recording,0.36437247,0.66666667,0.70334614
same_participant_repeat_recording,0.365722,0.66666667,0.70334614
same_participant_repeat_recording,0.36707152,0.66666667,0.70334614
same_participant_repeat_recording,0.36707152,0.69230769,0.70334614
same_participant_repeat_recording,0.36707152,0.71794872,0.70334614
same_participant_repeat_recording,0.36842105,0.71794872,0.70334614
same_participant_repeat_recording,0.36842105,0.74358974,0.70334614
same_participant_repeat_recording,0.36977058,0.74358974,0.70334614
same_participant_repeat_recording,0.37112011,0.74358974,0.70334614
same_participant_repeat_recording,0.37246964,0.74358974,0.70334614
same_participant_repeat_recording,0.37381916,0.74358974,0.70334614
same_participant_repeat_recording,0.37516869,0.74358974,0.70334614
same_participant_repeat_recording,0.37651822,0.74358974,0.70334614
same_participant_repeat_recording,0.37786775,0.74358974,0.70334614
same_participant_repeat_recording,0.37921727,0.74358974,0.70334614
same_participant_repeat_recording,0.3805668,0.74358974,0.70334614
same_participant_repeat_recording,0.38191633,0.74358974,0.70334614
same_participant_repeat_recording,0.38326586,0.74358974,0.70334614
same_participant_repeat_recording,0.38461538,0.74358974,0.70334614
same_participant_repeat_recording,0.38596491,0.74358974,0.70334614
same_participant_repeat_recording,0.38731444,0.74358974,0.70334614
same_participant_repeat_recording,0.38866397,0.74358974,0.70334614
same_participant_repeat_recording,0.3900135,0.74358974,0.70334614
same_participant_repeat_recording,0.39136302,0.74358974,0.70334614
same_participant_repeat_recording,0.39271255,0.74358974,0.70334614
same_participant_repeat_recording,0.39406208,0.74358974,0.70334614
same_participant_repeat_recording,0.39541161,0.74358974,0.70334614
same_participant_repeat_recording,0.39676113,0.74358974,0.70334614
same_participant_repeat_recording,0.39811066,0.74358974,0.70334614
same_participant_repeat_recording,0.39946019,0.74358974,0.70334614
same_participant_repeat_recording,0.40080972,0.74358974,0.70334614
same_participant_repeat_recording,0.40215924,0.74358974,0.70334614
same_participant_repeat_recording,0.40350877,0.74358974,0.70334614
same_participant_repeat_recording,0.4048583,0.74358974,0.70334614
same_participant_repeat_recording,0.40620783,0.74358974,0.70334614
same_participant_repeat_recording,0.40755735,0.74358974,0.70334614
same_participant_repeat_recording,0.40890688,0.74358974,0.70334614
same_participant_repeat_recording,0.41025641,0.74358974,0.70334614
same_participant_repeat_recording,0.41160594,0.74358974,0.70334614
same_participant_repeat_recording,0.41295547,0.74358974,0.70334614
same_participant_repeat_recording,0.41430499,0.74358974,0.70334614
same_participant_repeat_recording,0.41565452,0.74358974,0.70334614
same_participant_repeat_recording,0.41700405,0.74358974,0.70334614
same_participant_repeat_recording,0.41835358,0.74358974,0.70334614
same_participant_repeat_recording,0.4197031,0.74358974,0.70334614
same_participant_repeat_recording,0.42105263,0.74358974,0.70334614
same_participant_repeat_recording,0.42240216,0.74358974,0.70334614
same_participant_repeat_recording,0.42375169,0.74358974,0.70334614
same_participant_repeat_recording,0.42510121,0.74358974,0.70334614
same_participant_repeat_recording,0.42645074,0.74358974,0.70334614
same_participant_repeat_recording,0.42780027,0.74358974,0.70334614
same_participant_repeat_recording,0.4291498,0.74358974,0.70334614
same_participant_repeat_recording,0.43049933,0.74358974,0.70334614
same_participant_repeat_recording,0.43184885,0.74358974,0.70334614
same_participant_repeat_recording,0.43319838,0.74358974,0.70334614
same_participant_repeat_recording,0.43454791,0.74358974,0.70334614
same_participant_repeat_recording,0.43589744,0.74358974,0.70334614
same_participant_repeat_recording,0.43724696,0.74358974,0.70334614
same_participant_repeat_recording,0.43859649,0.74358974,0.70334614
same_participant_repeat_recording,0.43994602,0.74358974,0.70334614
same_participant_repeat_recording,0.44129555,0.74358974,0.70334614
same_participant_repeat_recording,0.44264507,0.74358974,0.70334614
same_participant_repeat_recording,0.4439946,0.74358974,0.70334614
same_participant_repeat_recording,0.44534413,0.74358974,0.70334614
same_participant_repeat_recording,0.44669366,0.74358974,0.70334614
same_participant_repeat_recording,0.44804318,0.74358974,0.70334614
same_participant_repeat_recording,0.44939271,0.74358974,0.70334614
same_participant_repeat_recording,0.45074224,0.74358974,0.70334614
same_participant_repeat_recording,0.45209177,0.74358974,0.70334614
same_participant_repeat_recording,0.4534413,0.74358974,0.70334614
same_participant_repeat_recording,0.45479082,0.74358974,0.70334614
same_participant_repeat_recording,0.45614035,0.74358974,0.70334614
same_participant_repeat_recording,0.45748988,0.74358974,0.70334614
same_participant_repeat_recording,0.45883941,0.74358974,0.70334614
same_participant_repeat_recording,0.45883941,0.76923077,0.70334614
same_participant_repeat_recording,0.46018893,0.76923077,0.70334614
same_participant_repeat_recording,0.46153846,0.76923077,0.70334614
same_participant_repeat_recording,0.46288799,0.76923077,0.70334614
same_participant_repeat_recording,0.46423752,0.76923077,0.70334614
same_participant_repeat_recording,0.46558704,0.76923077,0.70334614
same_participant_repeat_recording,0.46693657,0.76923077,0.70334614
same_participant_repeat_recording,0.4682861,0.76923077,0.70334614
same_participant_repeat_recording,0.46963563,0.76923077,0.70334614
same_participant_repeat_recording,0.47098516,0.76923077,0.70334614
same_participant_repeat_recording,0.47233468,0.76923077,0.70334614
same_participant_repeat_recording,0.47368421,0.76923077,0.70334614
same_participant_repeat_recording,0.47503374,0.76923077,0.70334614
same_participant_repeat_recording,0.47638327,0.76923077,0.70334614
same_participant_repeat_recording,0.47773279,0.76923077,0.70334614
same_participant_repeat_recording,0.47908232,0.76923077,0.70334614
same_participant_repeat_recording,0.48043185,0.76923077,0.70334614
same_participant_repeat_recording,0.48178138,0.76923077,0.70334614
same_participant_repeat_recording,0.48178138,0.79487179,0.70334614
same_participant_repeat_recording,0.48178138,0.82051282,0.70334614
same_participant_repeat_recording,0.4831309,0.82051282,0.70334614
same_participant_repeat_recording,0.48448043,0.82051282,0.70334614
same_participant_repeat_recording,0.48582996,0.82051282,0.70334614
same_participant_repeat_recording,0.48717949,0.82051282,0.70334614
same_participant_repeat_recording,0.48852901,0.82051282,0.70334614
same_participant_repeat_recording,0.48987854,0.82051282,0.70334614
same_participant_repeat_recording,0.49122807,0.82051282,0.70334614
same_participant_repeat_recording,0.4925776,0.82051282,0.70334614
same_participant_repeat_recording,0.49392713,0.82051282,0.70334614
same_participant_repeat_recording,0.49527665,0.82051282,0.70334614
same_participant_repeat_recording,0.49662618,0.82051282,0.70334614
same_participant_repeat_recording,0.49797571,0.82051282,0.70334614
same_participant_repeat_recording,0.49797571,0.84615385,0.70334614
same_participant_repeat_recording,0.49932524,0.84615385,0.70334614
same_participant_repeat_recording,0.50067476,0.84615385,0.70334614
same_participant_repeat_recording,0.50202429,0.84615385,0.70334614
same_participant_repeat_recording,0.50337382,0.84615385,0.70334614
same_participant_repeat_recording,0.50472335,0.84615385,0.70334614
same_participant_repeat_recording,0.50607287,0.84615385,0.70334614
same_participant_repeat_recording,0.5074224,0.84615385,0.70334614
same_participant_repeat_recording,0.50877193,0.84615385,0.70334614
same_participant_repeat_recording,0.51012146,0.84615385,0.70334614
same_participant_repeat_recording,0.51147099,0.84615385,0.70334614
same_participant_repeat_recording,0.51282051,0.84615385,0.70334614
same_participant_repeat_recording,0.51417004,0.84615385,0.70334614
same_participant_repeat_recording,0.51551957,0.84615385,0.70334614
same_participant_repeat_recording,0.5168691,0.84615385,0.70334614
same_participant_repeat_recording,0.51821862,0.84615385,0.70334614
same_participant_repeat_recording,0.51956815,0.84615385,0.70334614
same_participant_repeat_recording,0.52091768,0.84615385,0.70334614
same_participant_repeat_recording,0.52226721,0.84615385,0.70334614
same_participant_repeat_recording,0.52361673,0.84615385,0.70334614
same_participant_repeat_recording,0.52496626,0.84615385,0.70334614
same_participant_repeat_recording,0.52631579,0.84615385,0.70334614
same_participant_repeat_recording,0.52766532,0.84615385,0.70334614
same_participant_repeat_recording,0.52901484,0.84615385,0.70334614
same_participant_repeat_recording,0.53036437,0.84615385,0.70334614
same_participant_repeat_recording,0.5317139,0.84615385,0.70334614
same_participant_repeat_recording,0.53306343,0.84615385,0.70334614
same_participant_repeat_recording,0.53441296,0.84615385,0.70334614
same_participant_repeat_recording,0.53576248,0.84615385,0.70334614
same_participant_repeat_recording,0.53711201,0.84615385,0.70334614
same_participant_repeat_recording,0.53846154,0.84615385,0.70334614
same_participant_repeat_recording,0.53981107,0.84615385,0.70334614
same_participant_repeat_recording,0.54116059,0.84615385,0.70334614
same_participant_repeat_recording,0.54251012,0.84615385,0.70334614
same_participant_repeat_recording,0.54385965,0.84615385,0.70334614
same_participant_repeat_recording,0.54520918,0.84615385,0.70334614
same_participant_repeat_recording,0.5465587,0.84615385,0.70334614
same_participant_repeat_recording,0.54790823,0.84615385,0.70334614
same_participant_repeat_recording,0.54925776,0.84615385,0.70334614
same_participant_repeat_recording,0.55060729,0.84615385,0.70334614
same_participant_repeat_recording,0.55195682,0.84615385,0.70334614
same_participant_repeat_recording,0.55330634,0.84615385,0.70334614
same_participant_repeat_recording,0.55465587,0.84615385,0.70334614
same_participant_repeat_recording,0.55465587,0.87179487,0.70334614
same_participant_repeat_recording,0.5560054,0.87179487,0.70334614
same_participant_repeat_recording,0.55735493,0.87179487,0.70334614
same_participant_repeat_recording,0.55870445,0.87179487,0.70334614
same_participant_repeat_recording,0.56005398,0.87179487,0.70334614
same_participant_repeat_recording,0.56140351,0.87179487,0.70334614
same_participant_repeat_recording,0.56275304,0.87179487,0.70334614
same_participant_repeat_recording,0.56410256,0.87179487,0.70334614
same_participant_repeat_recording,0.56545209,0.87179487,0.70334614
same_participant_repeat_recording,0.56680162,0.87179487,0.70334614
same_participant_repeat_recording,0.56815115,0.87179487,0.70334614
same_participant_repeat_recording,0.56950067,0.87179487,0.70334614
same_participant_repeat_recording,0.5708502,0.87179487,0.70334614
same_participant_repeat_recording,0.57219973,0.87179487,0.70334614
same_participant_repeat_recording,0.57354926,0.87179487,0.70334614
same_participant_repeat_recording,0.57489879,0.87179487,0.70334614
same_participant_repeat_recording,0.57624831,0.87179487,0.70334614
same_participant_repeat_recording,0.57759784,0.87179487,0.70334614
same_participant_repeat_recording,0.57894737,0.87179487,0.70334614
same_participant_repeat_recording,0.5802969,0.87179487,0.70334614
same_participant_repeat_recording,0.58164642,0.87179487,0.70334614
same_participant_repeat_recording,0.58299595,0.87179487,0.70334614
same_participant_repeat_recording,0.58434548,0.87179487,0.70334614
same_participant_repeat_recording,0.58569501,0.87179487,0.70334614
same_participant_repeat_recording,0.58704453,0.87179487,0.70334614
same_participant_repeat_recording,0.58839406,0.87179487,0.70334614
same_participant_repeat_recording,0.58974359,0.87179487,0.70334614
same_participant_repeat_recording,0.59109312,0.87179487,0.70334614
same_participant_repeat_recording,0.59244265,0.87179487,0.70334614
same_participant_repeat_recording,0.59379217,0.87179487,0.70334614
same_participant_repeat_recording,0.5951417,0.87179487,0.70334614
same_participant_repeat_recording,0.59649123,0.87179487,0.70334614
same_participant_repeat_recording,0.59784076,0.87179487,0.70334614
same_participant_repeat_recording,0.59919028,0.87179487,0.70334614
same_participant_repeat_recording,0.60053981,0.87179487,0.70334614
same_participant_repeat_recording,0.60188934,0.87179487,0.70334614
same_participant_repeat_recording,0.60323887,0.87179487,0.70334614
same_participant_repeat_recording,0.60458839,0.87179487,0.70334614
same_participant_repeat_recording,0.60593792,0.87179487,0.70334614
same_participant_repeat_recording,0.60728745,0.87179487,0.70334614
same_participant_repeat_recording,0.60863698,0.87179487,0.70334614
same_participant_repeat_recording,0.6099865,0.87179487,0.70334614
same_participant_repeat_recording,0.61133603,0.87179487,0.70334614
same_participant_repeat_recording,0.61268556,0.87179487,0.70334614
same_participant_repeat_recording,0.61268556,0.8974359,0.70334614
same_participant_repeat_recording,0.61403509,0.8974359,0.70334614
same_participant_repeat_recording,0.61538462,0.8974359,0.70334614
same_participant_repeat_recording,0.61673414,0.8974359,0.70334614
same_participant_repeat_recording,0.61808367,0.8974359,0.70334614
same_participant_repeat_recording,0.6194332,0.8974359,0.70334614
same_participant_repeat_recording,0.62078273,0.8974359,0.70334614
same_participant_repeat_recording,0.62213225,0.8974359,0.70334614
same_participant_repeat_recording,0.62348178,0.8974359,0.70334614
same_participant_repeat_recording,0.62483131,0.8974359,0.70334614
same_participant_repeat_recording,0.62618084,0.8974359,0.70334614
same_participant_repeat_recording,0.62753036,0.8974359,0.70334614
same_participant_repeat_recording,0.62887989,0.8974359,0.70334614
same_participant_repeat_recording,0.63022942,0.8974359,0.70334614
same_participant_repeat_recording,0.63157895,0.8974359,0.70334614
same_participant_repeat_recording,0.63292848,0.8974359,0.70334614
same_participant_repeat_recording,0.634278,0.8974359,0.70334614
same_participant_repeat_recording,0.63562753,0.8974359,0.70334614
same_participant_repeat_recording,0.63697706,0.8974359,0.70334614
same_participant_repeat_recording,0.63832659,0.8974359,0.70334614
same_participant_repeat_recording,0.63967611,0.8974359,0.70334614
same_participant_repeat_recording,0.64102564,0.8974359,0.70334614
same_participant_repeat_recording,0.64237517,0.8974359,0.70334614
same_participant_repeat_recording,0.6437247,0.8974359,0.70334614
same_participant_repeat_recording,0.64507422,0.8974359,0.70334614
same_participant_repeat_recording,0.64642375,0.8974359,0.70334614
same_participant_repeat_recording,0.64777328,0.8974359,0.70334614
same_participant_repeat_recording,0.64912281,0.8974359,0.70334614
same_participant_repeat_recording,0.65047233,0.8974359,0.70334614
same_participant_repeat_recording,0.65182186,0.8974359,0.70334614
same_participant_repeat_recording,0.65317139,0.8974359,0.70334614
same_participant_repeat_recording,0.65452092,0.8974359,0.70334614
same_participant_repeat_recording,0.65587045,0.8974359,0.70334614
same_participant_repeat_recording,0.65721997,0.8974359,0.70334614
same_participant_repeat_recording,0.6585695,0.8974359,0.70334614
same_participant_repeat_recording,0.65991903,0.8974359,0.70334614
same_participant_repeat_recording,0.66126856,0.8974359,0.70334614
same_participant_repeat_recording,0.66261808,0.8974359,0.70334614
same_participant_repeat_recording,0.66396761,0.8974359,0.70334614
same_participant_repeat_recording,0.66531714,0.8974359,0.70334614
same_participant_repeat_recording,0.66666667,0.8974359,0.70334614
same_participant_repeat_recording,0.66801619,0.8974359,0.70334614
same_participant_repeat_recording,0.66936572,0.8974359,0.70334614
same_participant_repeat_recording,0.67071525,0.8974359,0.70334614
same_participant_repeat_recording,0.67206478,0.8974359,0.70334614
same_participant_repeat_recording,0.6734143,0.8974359,0.70334614
same_participant_repeat_recording,0.67476383,0.8974359,0.70334614
same_participant_repeat_recording,0.67611336,0.8974359,0.70334614
same_participant_repeat_recording,0.67746289,0.8974359,0.70334614
same_participant_repeat_recording,0.67881242,0.8974359,0.70334614
same_participant_repeat_recording,0.68016194,0.8974359,0.70334614
same_participant_repeat_recording,0.68151147,0.8974359,0.70334614
same_participant_repeat_recording,0.682861,0.8974359,0.70334614
same_participant_repeat_recording,0.68421053,0.8974359,0.70334614
same_participant_repeat_recording,0.68556005,0.8974359,0.70334614
same_participant_repeat_recording,0.68690958,0.8974359,0.70334614
same_participant_repeat_recording,0.68825911,0.8974359,0.70334614
same_participant_repeat_recording,0.68960864,0.8974359,0.70334614
same_participant_repeat_recording,0.69095816,0.8974359,0.70334614
same_participant_repeat_recording,0.69230769,0.8974359,0.70334614
same_participant_repeat_recording,0.69365722,0.8974359,0.70334614
same_participant_repeat_recording,0.69500675,0.8974359,0.70334614
same_participant_repeat_recording,0.69635628,0.8974359,0.70334614
same_participant_repeat_recording,0.6977058,0.8974359,0.70334614
same_participant_repeat_recording,0.69905533,0.8974359,0.70334614
same_participant_repeat_recording,0.70040486,0.8974359,0.70334614
same_participant_repeat_recording,0.70175439,0.8974359,0.70334614
same_participant_repeat_recording,0.70310391,0.8974359,0.70334614
same_participant_repeat_recording,0.70445344,0.8974359,0.70334614
same_participant_repeat_recording,0.70580297,0.8974359,0.70334614
same_participant_repeat_recording,0.7071525,0.8974359,0.70334614
same_participant_repeat_recording,0.70850202,0.8974359,0.70334614
same_participant_repeat_recording,0.70985155,0.8974359,0.70334614
same_participant_repeat_recording,0.71120108,0.8974359,0.70334614
same_participant_repeat_recording,0.71255061,0.8974359,0.70334614
same_participant_repeat_recording,0.71390013,0.8974359,0.70334614
same_participant_repeat_recording,0.71524966,0.8974359,0.70334614
same_participant_repeat_recording,0.71524966,0.92307692,0.70334614
same_participant_repeat_recording,0.71659919,0.92307692,0.70334614
same_participant_repeat_recording,0.71794872,0.92307692,0.70334614
same_participant_repeat_recording,0.71929825,0.92307692,0.70334614
same_participant_repeat_recording,0.72064777,0.92307692,0.70334614
same_participant_repeat_recording,0.7219973,0.92307692,0.70334614
same_participant_repeat_recording,0.72334683,0.92307692,0.70334614
same_participant_repeat_recording,0.72469636,0.92307692,0.70334614
same_participant_repeat_recording,0.72469636,0.94871795,0.70334614
same_participant_repeat_recording,0.72604588,0.94871795,0.70334614
same_participant_repeat_recording,0.72739541,0.94871795,0.70334614
same_participant_repeat_recording,0.72874494,0.94871795,0.70334614
same_participant_repeat_recording,0.73009447,0.94871795,0.70334614
same_participant_repeat_recording,0.73144399,0.94871795,0.70334614
same_participant_repeat_recording,0.73279352,0.94871795,0.70334614
same_participant_repeat_recording,0.73414305,0.94871795,0.70334614
same_participant_repeat_recording,0.73549258,0.94871795,0.70334614
same_participant_repeat_recording,0.73684211,0.94871795,0.70334614
same_participant_repeat_recording,0.73819163,0.94871795,0.70334614
same_participant_repeat_recording,0.73954116,0.94871795,0.70334614
same_participant_repeat_recording,0.74089069,0.94871795,0.70334614
same_participant_repeat_recording,0.74224022,0.94871795,0.70334614
same_participant_repeat_recording,0.74358974,0.94871795,0.70334614
same_participant_repeat_recording,0.74493927,0.94871795,0.70334614
same_participant_repeat_recording,0.7462888,0.94871795,0.70334614
same_participant_repeat_recording,0.7462888,0.97435897,0.70334614
same_participant_repeat_recording,0.74763833,0.97435897,0.70334614
same_participant_repeat_recording,0.74898785,0.97435897,0.70334614
same_participant_repeat_recording,0.75033738,0.97435897,0.70334614
same_participant_repeat_recording,0.75168691,0.97435897,0.70334614
same_participant_repeat_recording,0.75303644,0.97435897,0.70334614
same_participant_repeat_recording,0.75438596,0.97435897,0.70334614
same_participant_repeat_recording,0.75573549,0.97435897,0.70334614
same_participant_repeat_recording,0.75708502,0.97435897,0.70334614
same_participant_repeat_recording,0.75843455,0.97435897,0.70334614
same_participant_repeat_recording,0.75978408,0.97435897,0.70334614
same_participant_repeat_recording,0.7611336,0.97435897,0.70334614
same_participant_repeat_recording,0.76248313,0.97435897,0.70334614
same_participant_repeat_recording,0.76383266,0.97435897,0.70334614
same_participant_repeat_recording,0.76518219,0.97435897,0.70334614
same_participant_repeat_recording,0.76653171,0.97435897,0.70334614
same_participant_repeat_recording,0.76788124,0.97435897,0.70334614
same_participant_repeat_recording,0.76923077,0.97435897,0.70334614
same_participant_repeat_recording,0.7705803,0.97435897,0.70334614
same_participant_repeat_recording,0.77192982,0.97435897,0.70334614
same_participant_repeat_recording,0.77327935,0.97435897,0.70334614
same_participant_repeat_recording,0.77462888,0.97435897,0.70334614
same_participant_repeat_recording,0.77597841,0.97435897,0.70334614
same_participant_repeat_recording,0.77732794,0.97435897,0.70334614
same_participant_repeat_recording,0.77867746,0.97435897,0.70334614
same_participant_repeat_recording,0.78002699,0.97435897,0.70334614
same_participant_repeat_recording,0.78137652,0.97435897,0.70334614
same_participant_repeat_recording,0.78272605,0.97435897,0.70334614
same_participant_repeat_recording,0.78407557,0.97435897,0.70334614
same_participant_repeat_recording,0.7854251,0.97435897,0.70334614
same_participant_repeat_recording,0.78677463,0.97435897,0.70334614
same_participant_repeat_recording,0.78812416,0.97435897,0.70334614
same_participant_repeat_recording,0.78947368,0.97435897,0.70334614
same_participant_repeat_recording,0.79082321,0.97435897,0.70334614
same_participant_repeat_recording,0.79217274,0.97435897,0.70334614
same_participant_repeat_recording,0.79352227,0.97435897,0.70334614
same_participant_repeat_recording,0.79487179,0.97435897,0.70334614
same_participant_repeat_recording,0.79622132,0.97435897,0.70334614
same_participant_repeat_recording,0.79757085,0.97435897,0.70334614
same_participant_repeat_recording,0.79892038,0.97435897,0.70334614
same_participant_repeat_recording,0.80026991,0.97435897,0.70334614
same_participant_repeat_recording,0.80161943,0.97435897,0.70334614
same_participant_repeat_recording,0.80296896,0.97435897,0.70334614
same_participant_repeat_recording,0.80431849,0.97435897,0.70334614
same_participant_repeat_recording,0.80566802,0.97435897,0.70334614
same_participant_repeat_recording,0.80701754,0.97435897,0.70334614
same_participant_repeat_recording,0.80836707,0.97435897,0.70334614
same_participant_repeat_recording,0.8097166,0.97435897,0.70334614
same_participant_repeat_recording,0.81106613,0.97435897,0.70334614
same_participant_repeat_recording,0.81241565,0.97435897,0.70334614
same_participant_repeat_recording,0.81376518,0.97435897,0.70334614
same_participant_repeat_recording,0.81511471,0.97435897,0.70334614
same_participant_repeat_recording,0.81646424,0.97435897,0.70334614
same_participant_repeat_recording,0.81781377,0.97435897,0.70334614
same_participant_repeat_recording,0.81916329,0.97435897,0.70334614
same_participant_repeat_recording,0.82051282,0.97435897,0.70334614
same_participant_repeat_recording,0.82186235,0.97435897,0.70334614
same_participant_repeat_recording,0.82321188,0.97435897,0.70334614
same_participant_repeat_recording,0.8245614,0.97435897,0.70334614
same_participant_repeat_recording,0.82591093,0.97435897,0.70334614
same_participant_repeat_recording,0.82726046,0.97435897,0.70334614
same_participant_repeat_recording,0.82860999,0.97435897,0.70334614
same_participant_repeat_recording,0.82995951,0.97435897,0.70334614
same_participant_repeat_recording,0.83130904,0.97435897,0.70334614
same_participant_repeat_recording,0.83265857,0.97435897,0.70334614
same_participant_repeat_recording,0.8340081,0.97435897,0.70334614
same_participant_repeat_recording,0.83535762,0.97435897,0.70334614
same_participant_repeat_recording,0.83670715,0.97435897,0.70334614
same_participant_repeat_recording,0.83805668,0.97435897,0.70334614
same_participant_repeat_recording,0.83940621,0.97435897,0.70334614
same_participant_repeat_recording,0.84075574,0.97435897,0.70334614
same_participant_repeat_recording,0.84210526,0.97435897,0.70334614
same_participant_repeat_recording,0.84345479,0.97435897,0.70334614
same_participant_repeat_recording,0.84480432,0.97435897,0.70334614
same_participant_repeat_recording,0.84615385,0.97435897,0.70334614
same_participant_repeat_recording,0.84750337,0.97435897,0.70334614
same_participant_repeat_recording,0.8488529,0.97435897,0.70334614
same_participant_repeat_recording,0.85020243,0.97435897,0.70334614
same_participant_repeat_recording,0.85155196,0.97435897,0.70334614
same_participant_repeat_recording,0.85290148,0.97435897,0.70334614
same_participant_repeat_recording,0.85425101,0.97435897,0.70334614
same_participant_repeat_recording,0.85560054,0.97435897,0.70334614
same_participant_repeat_recording,0.85695007,0.97435897,0.70334614
same_participant_repeat_recording,0.8582996,0.97435897,0.70334614
same_participant_repeat_recording,0.85964912,0.97435897,0.70334614
same_participant_repeat_recording,0.86099865,0.97435897,0.70334614
same_participant_repeat_recording,0.86234818,0.97435897,0.70334614
same_participant_repeat_recording,0.86369771,0.97435897,0.70334614
same_participant_repeat_recording,0.86504723,0.97435897,0.70334614
same_participant_repeat_recording,0.86639676,0.97435897,0.70334614
same_participant_repeat_recording,0.86774629,0.97435897,0.70334614
same_participant_repeat_recording,0.86909582,0.97435897,0.70334614
same_participant_repeat_recording,0.87044534,0.97435897,0.70334614
same_participant_repeat_recording,0.87179487,0.97435897,0.70334614
same_participant_repeat_recording,0.8731444,0.97435897,0.70334614
same_participant_repeat_recording,0.87449393,0.97435897,0.70334614
same_participant_repeat_recording,0.87584345,0.97435897,0.70334614
same_participant_repeat_recording,0.87719298,0.97435897,0.70334614
same_participant_repeat_recording,0.87854251,0.97435897,0.70334614
same_participant_repeat_recording,0.87989204,0.97435897,0.70334614
same_participant_repeat_recording,0.88124157,0.97435897,0.70334614
same_participant_repeat_recording,0.88259109,0.97435897,0.70334614
same_participant_repeat_recording,0.88394062,0.97435897,0.70334614
same_participant_repeat_recording,0.88529015,0.97435897,0.70334614
same_participant_repeat_recording,0.88663968,0.97435897,0.70334614
same_participant_repeat_recording,0.8879892,0.97435897,0.70334614
same_participant_repeat_recording,0.88933873,0.97435897,0.70334614
same_participant_repeat_recording,0.89068826,0.97435897,0.70334614
same_participant_repeat_recording,0.89203779,0.97435897,0.70334614
same_participant_repeat_recording,0.89338731,0.97435897,0.70334614
same_participant_repeat_recording,0.89473684,0.97435897,0.70334614
same_participant_repeat_recording,0.89608637,0.97435897,0.70334614
same_participant_repeat_recording,0.8974359,0.97435897,0.70334614
same_participant_repeat_recording,0.89878543,0.97435897,0.70334614
same_participant_repeat_recording,0.90013495,0.97435897,0.70334614
same_participant_repeat_recording,0.90148448,0.97435897,0.70334614
same_participant_repeat_recording,0.90283401,0.97435897,0.70334614
same_participant_repeat_recording,0.90418354,0.97435897,0.70334614
same_participant_repeat_recording,0.90553306,0.97435897,0.70334614
same_participant_repeat_recording,0.90688259,0.97435897,0.70334614
same_participant_repeat_recording,0.90823212,0.97435897,0.70334614
same_participant_repeat_recording,0.90958165,0.97435897,0.70334614
same_participant_repeat_recording,0.91093117,0.97435897,0.70334614
same_participant_repeat_recording,0.9122807,0.97435897,0.70334614
same_participant_repeat_recording,0.91363023,0.97435897,0.70334614
same_participant_repeat_recording,0.91497976,0.97435897,0.70334614
same_participant_repeat_recording,0.91632928,0.97435897,0.70334614
same_participant_repeat_recording,0.91767881,0.97435897,0.70334614
same_participant_repeat_recording,0.91902834,0.97435897,0.70334614
same_participant_repeat_recording,0.92037787,0.97435897,0.70334614
same_participant_repeat_recording,0.9217274,0.97435897,0.70334614
same_participant_repeat_recording,0.92307692,0.97435897,0.70334614
same_participant_repeat_recording,0.92442645,0.97435897,0.70334614
same_participant_repeat_recording,0.92577598,0.97435897,0.70334614
same_participant_repeat_recording,0.92712551,0.97435897,0.70334614
same_participant_repeat_recording,0.92847503,0.97435897,0.70334614
same_participant_repeat_recording,0.92982456,0.97435897,0.70334614
same_participant_repeat_recording,0.93117409,0.97435897,0.70334614
same_participant_repeat_recording,0.93252362,0.97435897,0.70334614
same_participant_repeat_recording,0.93387314,0.97435897,0.70334614
same_participant_repeat_recording,0.93522267,0.97435897,0.70334614
same_participant_repeat_recording,0.9365722,0.97435897,0.70334614
same_participant_repeat_recording,0.93792173,0.97435897,0.70334614
same_participant_repeat_recording,0.93927126,0.97435897,0.70334614
same_participant_repeat_recording,0.94062078,0.97435897,0.70334614
same_participant_repeat_recording,0.94197031,0.97435897,0.70334614
same_participant_repeat_recording,0.94331984,0.97435897,0.70334614
same_participant_repeat_recording,0.94466937,0.97435897,0.70334614
same_participant_repeat_recording,0.94601889,0.97435897,0.70334614
same_participant_repeat_recording,0.94736842,0.97435897,0.70334614
same_participant_repeat_recording,0.94871795,0.97435897,0.70334614
same_participant_repeat_recording,0.95006748,0.97435897,0.70334614
same_participant_repeat_recording,0.951417,0.97435897,0.70334614
same_participant_repeat_recording,0.95276653,0.97435897,0.70334614
same_participant_repeat_recording,0.95411606,0.97435897,0.70334614
same_participant_repeat_recording,0.95546559,0.97435897,0.70334614
same_participant_repeat_recording,0.95681511,0.97435897,0.70334614
same_participant_repeat_recording,0.95816464,0.97435897,0.70334614
same_participant_repeat_recording,0.95951417,0.97435897,0.70334614
same_participant_repeat_recording,0.95951417,1,0.70334614
same_participant_repeat_recording,0.9608637,1,0.70334614
same_participant_repeat_recording,0.96221323,1,0.70334614
same_participant_repeat_recording,0.96356275,1,0.70334614
same_participant_repeat_recording,0.96491228,1,0.70334614
same_participant_repeat_recording,0.96626181,1,0.70334614
same_participant_repeat_recording,0.96761134,1,0.70334614
same_participant_repeat_recording,0.96896086,1,0.70334614
same_participant_repeat_recording,0.97031039,1,0.70334614
same_participant_repeat_recording,0.97165992,1,0.70334614
same_participant_repeat_recording,0.97300945,1,0.70334614
same_participant_repeat_recording,0.97435897,1,0.70334614
same_participant_repeat_recording,0.9757085,1,0.70334614
same_participant_repeat_recording,0.97705803,1,0.70334614
same_participant_repeat_recording,0.97840756,1,0.70334614
same_participant_repeat_recording,0.97975709,1,0.70334614
same_participant_repeat_recording,0.98110661,1,0.70334614
same_participant_repeat_recording,0.98245614,1,0.70334614
same_participant_repeat_recording,0.98380567,1,0.70334614
same_participant_repeat_recording,0.9851552,1,0.70334614
same_participant_repeat_recording,0.98650472,1,0.70334614
same_participant_repeat_recording,0.98785425,1,0.70334614
same_participant_repeat_recording,0.98920378,1,0.70334614
same_participant_repeat_recording,0.99055331,1,0.70334614
same_participant_repeat_recording,0.99190283,1,0.70334614
same_participant_repeat_recording,0.99325236,1,0.70334614
same_participant_repeat_recording,0.99460189,1,0.70334614
same_participant_repeat_recording,0.99595142,1,0.70334614
same_participant_repeat_recording,0.99730094,1,0.70334614
same_participant_repeat_recording,0.99865047,1,0.70334614
same_participant_repeat_recording,1,1,0.70334614
